roi,neuron_count
Optic(R),55066
Optic(L),53658
CentralBrain,50563
CentralBrain-unspecified,44604
ME(L),43007
ME(R),42767
Optic-unspecified(L),38038
Optic-unspecified(R),36032
ME_R_layer_03,31916
ME_L_layer_03,30780
ME_L_layer_02,29341
ME_R_layer_01,28547
ME_R_layer_02,28480
ME_L_layer_01,27639
ME_L_layer_04,27327
LO(L),26894
LO(R),26540
ME_R_layer_04,26193
ME_R_layer_08,24652
ME_R_layer_05,24321
ME_L_layer_08,23451
ME_L_layer_09,23235
ME_R_layer_09,22888
ME_R_layer_10,22368
ME_L_layer_06,20830
ME_L_layer_10,20777
ME_R_layer_06,20775
ME_L_layer_05,20410
LO_R_layer_2,20060
ME_L_layer_07,20045
LO_L_layer_2,18840
ME_R_layer_07,18435
LO_L_layer_3,17175
LO_R_layer_3,16375
LO_R_layer_4,15468
LOP(R),15186
LO_L_layer_4,15169
LO_R_layer_1,14772
LO_L_layer_1,14603
LOP(L),14468
LOP_R_layer_1,14348
LO_L_layer_5,14034
LO_R_layer_5,13887
LOP_L_layer_1,13247
LO_R_layer_6,12572
LO_L_layer_6,12457
LOP_R_layer_2,11464
LOP_L_layer_2,11234
LO_L_layer_7,9608
LOP_L_layer_3,9468
LOP_R_layer_3,9322
LA(R),9131
LO_R_layer_7,8855
PLP(R),8775
LOP_R_layer_4,8248
GNG,8198
LOP_L_layer_4,8041
PLP(L),7935
SLP(R),7069
SLP(L),7008
SCL(R),6900
LA(L),6635
SCL(L),6554
SMP(R),6355
SMP(L),6271
PVLP(L),5841
PVLP(R),5714
AVLP(R),5409
SAD,5404
AVLP(L),5379
ICL(L),5080
SPS(L),5041
SPS(R),5038
SIP(L),5036
ICL(R),4980
SIP(R),4936
IB,4348
WED(L),4108
CRE(R),4033
WED(R),4020
AL(R),3959
CRE(L),3893
LH(R),3781
AL(L),3764
LH(L),3618
LAL(L),3446
LAL(R),3140
gL(R),3131
PED(R),2977
VES(L),2892
VES(R),2831
gL(L),2819
FB,2802
PED(L),2801
CA(L),2576
CA(R),2533
aL(R),2393
IPS(L),2384
IPS(R),2322
AMMC(L),2302
aL(L),2277
AMMC(R),2245
PRW,2157
GOR(L),2133
bL(R),2098
FLA(L),2039
a'L(R),1990
GOR(R),1966
AOTU(L),1879
FLA(R),1860
AOTU(R),1848
EPA(L),1800
b'L(R),1758
EPA(R),1614
a'L(L),1310
bL(L),1261
ATL(R),1224
ATL(L),1191
b'L(L),1093
ME_R_col_21_13,1023
ME_R_col_20_14,1020
ME_R_col_25_16,1018
ME_R_col_16_15,1005
ME_R_col_23_15,1000
ME_R_col_23_13,990
ME_R_col_20_15,990
ME_R_col_24_14,990
ME_R_col_23_14,987
ME_L_col_24_13,985
ME_L_col_10_27,984
ME_R_col_21_14,984
ME_R_col_21_12,983
ME_R_col_16_12,982
ME_L_col_19_16,981
ME_R_col_21_11,980
ME_R_col_24_17,977
ME_R_col_19_12,976
ME_R_col_20_12,976
ME_L_col_23_14,976
ME_R_col_22_14,975
ME_L_col_18_33,974
ME_R_col_22_15,974
ME_L_col_20_09,973
ME_R_col_23_19,973
ME_R_col_19_20,972
ME_R_col_26_20,971
CAN(L),971
ME_R_col_23_18,971
ME_R_col_23_20,971
ME_R_col_19_19,971
ME_R_col_19_16,971
ME_R_col_24_18,970
ME_R_col_24_16,970
ME_R_col_16_16,969
ME_R_col_16_20,969
ME_R_col_25_15,969
ME_R_col_24_20,969
ME_R_col_20_13,968
ME_L_col_22_12,967
ME_L_col_17_15,967
ME_R_col_19_14,966
ME_R_col_23_17,966
ME_L_col_27_17,965
ME_R_col_22_12,965
ME_R_col_14_29,964
ME_R_col_21_15,964
ME_R_col_19_17,963
ME_R_col_24_15,962
ME_R_col_28_20,962
ME_R_col_18_12,962
ME_R_col_22_13,961
ME_R_col_29_22,961
ME_R_col_29_20,961
ME_R_col_19_13,960
ME_R_col_16_19,960
ME_R_col_18_19,959
ME_L_col_20_15,959
ME_R_col_22_19,959
ME_L_col_19_15,958
ME_L_col_23_13,958
ME_R_col_18_24,958
ME_R_col_22_18,957
ME_R_col_23_16,957
ME_R_col_23_12,957
ME_R_col_20_10,957
ME_R_col_26_15,957
ME_L_col_20_10,957
ME_L_col_25_15,956
ME_L_col_08_22,956
ME_L_col_28_22,955
ME_R_col_22_22,955
ME_R_col_21_19,955
ME_R_col_19_15,955
ME_R_col_17_12,954
ME_R_col_21_16,954
ME_R_col_18_23,954
ME_L_col_13_10,954
ME_L_col_19_11,954
ME_R_col_18_17,953
ME_R_col_20_11,953
ME_R_col_20_18,953
ME_R_col_27_17,953
ME_R_col_21_17,952
ME_R_col_12_28,952
ME_R_col_17_10,952
ME_L_col_24_14,952
ME_R_col_15_15,951
ME_R_col_17_15,951
ME_R_col_20_16,951
ME_R_col_24_19,950
ME_R_col_26_17,950
ME_R_col_15_17,950
ME_R_col_22_21,950
ME_R_col_22_11,950
ME_R_col_16_09,950
ME_R_col_16_14,950
ME_R_col_26_19,949
ME_R_col_24_12,948
ME_L_col_09_26,948
ME_L_col_26_15,948
ME_R_col_17_18,947
ME_R_col_18_15,947
ME_R_col_25_20,947
ME_R_col_16_22,947
ME_R_col_17_09,946
ME_R_col_24_13,946
ME_R_col_17_22,946
ME_L_col_20_11,945
ME_L_col_18_18,945
ME_R_col_25_19,945
ME_L_col_19_09,945
ME_L_col_22_11,945
ME_R_col_18_14,945
ME_L_col_21_11,944
ME_R_col_19_18,944
ME_R_col_19_08,944
ME_R_col_16_17,943
ME_L_col_26_14,943
ME_R_col_15_31,942
ME_L_col_21_10,942
ME_L_col_23_15,942
ME_R_col_22_16,942
ME_R_col_25_17,942
ME_R_col_16_18,942
ME_L_col_10_26,941
ME_R_col_14_10,941
ME_L_col_18_15,941
ME_L_col_16_16,941
ME_L_col_18_13,940
ME_R_col_19_09,940
ME_L_col_20_17,940
ME_L_col_20_13,940
ME_R_col_13_26,940
ME_R_col_20_22,939
ME_L_col_15_19,939
ME_R_col_13_14,939
ME_R_col_30_32,939
ME_R_col_30_22,939
ME_R_col_17_11,939
ME_R_col_21_20,939
ME_R_col_20_19,939
ME_R_col_23_11,938
ME_L_col_08_23,938
ME_L_col_22_17,938
ME_R_col_18_11,938
ME_R_col_22_17,938
ME_R_col_27_20,937
ME_R_col_18_10,937
ME_R_col_21_18,937
ME_L_col_18_16,937
ME_R_col_22_20,937
ME_R_col_14_15,937
ME_L_col_22_14,937
ME_L_col_30_24,937
ME_R_col_17_14,936
ME_L_col_15_17,936
ME_R_col_31_25,936
ME_R_col_25_14,936
ME_R_col_27_25,936
ME_R_col_21_10,936
ME_R_col_20_09,936
ME_L_col_17_22,935
ME_L_col_29_30,935
ME_L_col_18_19,934
ME_R_col_27_21,933
ME_L_col_26_17,933
ME_R_col_27_19,933
ME_R_col_15_18,933
ME_R_col_14_30,933
ME_R_col_14_25,932
ME_L_col_29_20,932
ME_L_col_20_12,932
ME_R_col_15_24,932
ME_R_col_17_13,932
ME_R_col_17_16,932
ME_R_col_16_24,932
ME_L_col_17_18,932
ME_L_col_22_13,932
ME_R_col_18_18,932
ME_L_col_17_16,931
ME_R_col_27_15,931
ME_L_col_18_17,931
ME_R_col_17_23,931
ME_L_col_23_21,930
ME_L_col_20_14,930
ME_R_col_19_21,930
ME_L_col_22_18,930
ME_R_col_17_27,930
ME_R_col_24_21,930
ME_L_col_20_08,929
ME_L_col_27_16,929
ME_R_col_28_24,928
ME_L_col_19_08,928
ME_R_col_27_22,927
ME_R_col_16_21,927
ME_R_col_14_14,927
ME_R_col_13_28,927
ME_L_col_17_11,927
ME_L_col_15_13,927
ME_L_col_27_15,927
ME_R_col_13_15,927
ME_R_col_13_10,926
ME_L_col_17_10,926
ME_L_col_16_19,926
ME_R_col_18_16,926
ME_R_col_18_20,925
ME_R_col_20_20,925
ME_L_col_19_10,925
ME_L_col_21_14,925
ME_R_col_13_29,925
ME_L_col_28_20,925
ME_R_col_27_18,925
ME_L_col_19_12,924
ME_R_col_17_24,924
ME_L_col_27_27,924
ME_R_col_19_23,924
ME_R_col_22_10,923
ME_L_col_23_19,923
ME_R_col_16_13,923
ME_R_col_21_21,923
ME_R_col_25_30,923
ME_R_col_31_24,922
ME_R_col_19_22,922
ME_R_col_15_14,922
ME_R_col_23_21,922
ME_R_col_15_08,922
ME_R_col_18_21,922
ME_R_col_20_08,921
ME_R_col_20_17,921
ME_L_col_19_20,921
ME_R_col_21_22,921
ME_R_col_12_14,920
ME_L_col_23_10,920
ME_L_col_15_18,920
ME_L_col_21_16,920
ME_L_col_18_12,919
ME_L_col_21_13,919
ME_L_col_25_14,919
ME_L_col_23_11,919
ME_R_col_28_34,919
ME_L_col_19_13,919
ME_L_col_21_15,919
ME_R_col_30_21,919
ME_L_col_16_21,919
ME_R_col_28_16,918
ME_R_col_16_07,918
ME_R_col_24_30,918
ME_R_col_20_21,918
ME_L_col_19_19,918
ME_R_col_26_18,918
ME_R_col_15_06,918
ME_L_col_26_18,918
ME_R_col_27_26,918
ME_R_col_14_23,917
ME_R_col_19_10,916
ME_L_col_21_17,916
ME_R_col_21_09,916
ME_L_col_16_09,916
ME_R_col_14_17,916
ME_R_col_17_21,915
ME_R_col_13_08,915
ME_R_col_29_23,915
ME_R_col_29_35,915
ME_L_col_24_21,915
ME_R_col_18_09,914
ME_L_col_25_16,914
ME_L_col_24_12,914
ME_L_col_27_29,914
ME_R_col_15_07,914
ME_R_col_15_11,914
ME_R_col_17_08,913
ME_L_col_21_12,913
ME_L_col_23_22,913
ME_R_col_15_12,913
ME_R_col_20_23,912
ME_L_col_28_17,912
ME_R_col_28_19,912
ME_R_col_14_19,912
ME_R_col_30_28,912
ME_R_col_26_16,912
ME_R_col_14_20,912
ME_L_col_17_19,911
ME_L_col_23_20,911
ME_R_col_30_26,911
ME_R_col_25_13,910
ME_L_col_25_21,910
ME_R_col_14_24,910
ME_R_col_27_16,910
ME_R_col_15_23,909
ME_R_col_19_24,909
ME_R_col_13_13,909
ME_R_col_13_07,909
ME_R_col_14_11,909
ME_R_col_16_25,909
ME_R_col_30_23,909
ME_R_col_25_21,909
ME_R_col_14_08,908
ME_R_col_12_21,908
ME_R_col_14_18,908
ME_L_col_16_08,908
ME_R_col_17_20,908
ME_L_col_19_21,908
ME_L_col_14_13,908
ME_R_col_25_33,908
ME_R_col_09_24,908
ME_L_col_30_20,908
ME_R_col_16_10,907
ME_R_col_29_32,907
ME_R_col_28_18,907
ME_L_col_17_07,907
ME_L_col_23_12,907
ME_L_col_19_17,907
ME_R_col_11_27,907
ME_R_col_18_08,907
ME_R_col_16_31,907
ME_L_col_11_25,906
ME_R_col_19_11,906
ME_R_col_17_17,906
ME_R_col_15_13,906
ME_R_col_30_20,906
ME_R_col_15_19,906
ME_R_col_29_31,906
ME_R_col_15_22,906
ME_R_col_15_27,906
ME_R_col_13_16,906
ME_L_col_25_13,906
ME_R_col_12_09,906
ME_R_col_25_34,906
ME_L_col_30_22,905
ME_R_col_16_08,905
ME_R_col_27_24,905
ME_R_col_16_06,905
ME_R_col_27_34,905
ME_L_col_12_29,905
ME_R_col_31_30,905
ME_R_col_11_25,905
ME_R_col_15_30,904
ME_L_col_24_18,904
ME_R_col_16_27,904
ME_R_col_14_13,904
ME_R_col_28_21,903
ME_R_col_19_26,903
ME_L_col_18_09,903
ME_R_col_15_16,903
ME_L_col_20_16,903
ME_L_col_17_14,903
ME_R_col_29_21,902
ME_L_col_31_24,902
ME_R_col_14_21,902
ME_R_col_22_31,902
ME_R_col_21_31,902
ME_L_col_10_25,902
ME_R_col_24_31,902
ME_R_col_14_22,902
ME_R_col_14_12,902
ME_R_col_28_35,901
ME_L_col_22_16,901
ME_R_col_14_05,901
ME_R_col_15_25,901
ME_R_col_25_23,900
ME_L_col_26_25,900
ME_R_col_21_32,900
ME_L_col_22_22,900
ME_R_col_25_18,900
ME_R_col_25_25,900
ME_R_col_13_05,900
ME_L_col_14_18,900
ME_L_col_28_27,900
ME_L_col_28_18,900
ME_R_col_31_26,900
ME_L_col_20_21,899
ME_R_col_23_22,899
ME_R_col_17_19,899
ME_R_col_23_30,899
ME_L_col_25_17,899
ME_L_col_18_14,899
ME_R_col_16_11,899
ME_L_col_17_13,899
ME_L_col_16_12,899
ME_L_col_13_09,898
ME_L_col_28_21,898
ME_L_col_31_31,898
ME_L_col_31_22,898
ME_R_col_12_24,898
ME_L_col_24_20,898
ME_L_col_14_29,898
ME_R_col_25_31,898
ME_R_col_31_22,898
ME_L_col_13_13,898
ME_L_col_10_28,898
ME_L_col_16_17,898
ME_R_col_28_22,898
ME_R_col_12_25,898
ME_L_col_18_20,898
ME_R_col_11_12,897
ME_L_col_25_27,897
ME_R_col_14_09,897
ME_R_col_13_19,897
ME_R_col_12_27,897
ME_R_col_12_11,897
ME_L_col_23_23,897
ME_R_col_15_10,897
ME_R_col_28_23,897
ME_R_col_18_13,897
ME_R_col_26_21,896
ME_R_col_30_30,896
ME_R_col_16_23,896
ME_L_col_27_28,896
ME_L_col_22_35,895
ME_L_col_23_24,895
ME_R_col_18_22,895
ME_R_col_17_25,895
ME_R_col_30_27,895
ME_L_col_13_11,895
ME_R_col_18_26,895
ME_L_col_23_16,894
ME_L_col_27_31,894
ME_R_col_17_07,894
ME_L_col_17_12,894
ME_L_col_12_12,894
ME_R_col_22_23,894
ME_R_col_25_12,894
ME_L_col_24_17,893
ME_R_col_13_20,893
ME_L_col_11_29,893
ME_R_col_10_24,893
ME_L_col_26_19,893
ME_R_col_10_15,893
CAN(R),893
ME_R_col_14_06,893
ME_R_col_12_18,893
ME_R_col_20_32,893
ME_L_col_22_20,893
ME_L_col_15_15,892
ME_L_col_10_24,892
ME_R_col_27_23,892
ME_R_col_12_26,892
ME_L_col_26_16,892
ME_L_col_13_14,892
ME_L_col_17_17,891
ME_L_col_23_17,891
ME_L_col_09_23,891
ME_L_col_17_23,891
ME_L_col_30_31,891
ME_R_col_30_34,891
ME_R_col_11_18,891
ME_R_col_24_23,891
ME_L_col_14_08,891
ME_R_col_12_16,891
ME_R_col_31_21,890
ME_R_col_13_17,890
ME_L_col_25_12,890
ME_L_col_21_22,890
ME_L_col_22_24,890
ME_L_col_20_18,890
ME_R_col_17_26,890
ME_L_col_24_19,890
ME_R_col_29_25,890
ME_L_col_22_10,890
ME_R_col_15_26,890
ME_L_col_15_16,889
ME_R_col_10_14,889
ME_R_col_10_18,889
ME_L_col_27_23,889
ME_R_col_28_33,889
ME_L_col_09_22,889
ME_R_col_13_25,888
ME_L_col_19_14,888
ME_R_col_26_27,888
ME_R_col_29_19,888
ME_L_col_21_21,888
ME_R_col_20_24,888
ME_L_col_27_26,888
ME_L_col_18_22,888
ME_L_col_30_32,888
ME_L_col_16_15,888
ME_R_col_28_32,887
ME_R_col_14_16,887
ME_R_col_19_31,887
ME_L_col_18_08,887
ME_R_col_29_24,887
ME_R_col_29_28,887
ME_R_col_18_27,887
ME_R_col_20_30,887
ME_R_col_12_12,887
ME_R_col_10_09,887
ME_R_col_11_24,887
ME_L_col_13_29,887
ME_L_col_13_15,887
ME_R_col_19_30,887
ME_L_col_14_14,886
ME_L_col_26_27,886
ME_L_col_13_12,886
ME_R_col_21_23,886
ME_R_col_28_25,886
ME_L_col_21_09,886
ME_L_col_20_20,886
ME_L_col_17_08,886
ME_L_col_15_14,886
ME_R_col_21_28,885
ME_L_col_22_23,885
ME_R_col_10_21,885
ME_R_col_23_33,885
ME_R_col_12_17,885
ME_L_col_18_21,885
ME_R_col_13_11,885
ME_R_col_12_07,885
ME_L_col_27_18,885
ME_L_col_14_09,885
ME_L_col_28_34,885
ME_R_col_18_25,885
ME_R_col_26_24,885
ME_R_col_09_09,884
ME_R_col_12_06,884
ME_L_col_18_07,884
ME_L_col_18_10,884
ME_L_col_21_20,884
ME_L_col_21_18,884
ME_R_col_11_10,883
ME_L_col_23_18,883
ME_R_col_12_22,883
ME_R_col_12_15,883
ME_L_col_24_10,883
ME_R_col_25_26,883
ME_L_col_29_21,882
ME_R_col_14_28,882
ME_L_col_12_28,882
ME_R_col_11_06,882
ME_R_col_13_24,882
ME_R_col_18_30,882
ME_R_col_27_32,882
ME_L_col_16_10,882
ME_L_col_15_31,882
ME_R_col_26_30,882
ME_R_col_17_06,881
ME_R_col_12_20,881
ME_R_col_08_23,881
ME_R_col_22_34,881
ME_R_col_10_16,881
ME_R_col_13_27,881
ME_L_col_15_09,881
ME_L_col_16_07,880
ME_L_col_15_21,880
ME_L_col_25_18,880
ME_R_col_22_24,880
ME_R_col_26_14,880
ME_L_col_21_19,880
ME_L_col_24_15,880
ME_R_col_13_18,880
ME_R_col_25_22,880
ME_R_col_09_14,880
ME_L_col_17_09,880
ME_R_col_26_22,880
ME_R_col_23_24,879
ME_R_col_14_27,879
ME_R_col_30_25,879
ME_L_col_24_16,879
ME_R_col_30_19,879
ME_R_col_15_20,879
ME_L_col_22_21,879
ME_R_col_18_07,879
ME_L_col_17_32,879
ME_R_col_12_23,879
ME_R_col_32_24,879
ME_R_col_23_31,878
ME_L_col_19_18,878
ME_L_col_26_22,878
ME_R_col_11_21,878
ME_R_col_25_28,878
ME_R_col_25_32,878
ME_R_col_30_29,878
ME_R_col_19_07,878
ME_L_col_17_20,878
ME_R_col_24_11,878
ME_R_col_23_25,878
ME_L_col_24_22,877
ME_R_col_32_26,877
ME_L_col_19_34,877
ME_L_col_26_29,877
ME_L_col_12_21,877
ME_R_col_12_19,877
ME_L_col_09_24,877
ME_R_col_28_31,877
ME_L_col_25_30,877
ME_L_col_29_19,876
ME_R_col_13_12,876
ME_R_col_22_30,876
ME_R_col_29_34,876
ME_L_col_28_23,876
ME_R_col_09_13,876
ME_L_col_11_10,875
ME_L_col_10_09,875
ME_R_col_28_17,875
ME_R_col_16_26,875
ME_R_col_26_35,875
ME_L_col_17_21,875
ME_R_col_13_21,875
ME_R_col_32_28,874
ME_R_col_24_22,874
ME_L_col_29_22,874
ME_R_col_21_33,874
ME_R_col_10_20,874
ME_L_col_28_19,874
ME_R_col_31_33,874
ME_R_col_15_21,874
ME_L_col_20_23,874
ME_R_col_17_31,874
ME_L_col_11_27,873
ME_R_col_15_09,873
ME_L_col_17_06,873
ME_L_col_30_23,873
ME_R_col_21_25,873
ME_L_col_27_19,873
ME_L_col_19_06,873
ME_L_col_31_33,873
ME_R_col_11_26,873
ME_L_col_30_19,872
ME_R_col_09_07,872
ME_L_col_16_31,872
ME_L_col_22_09,872
ME_R_col_13_23,872
ME_L_col_14_05,872
ME_R_col_19_32,872
ME_L_col_15_10,872
ME_R_col_11_22,872
ME_L_col_27_14,872
ME_R_col_31_27,872
ME_R_col_32_27,872
ME_L_col_32_32,871
ME_L_col_10_07,871
ME_L_col_14_19,871
ME_R_col_19_29,871
ME_R_col_18_29,871
ME_L_col_15_30,871
ME_R_col_26_13,871
ME_L_col_14_17,871
ME_R_col_29_18,871
ME_R_col_24_35,871
ME_L_col_22_26,871
ME_L_col_21_34,871
ME_L_col_29_24,870
ME_L_col_15_12,870
ME_L_col_11_14,870
ME_R_col_14_31,870
ME_R_col_11_07,870
ME_R_col_15_28,870
ME_L_col_12_11,870
ME_R_col_22_26,870
ME_L_col_28_30,870
ME_L_col_25_33,869
LO_R_col_25_21,869
ME_L_col_20_26,869
ME_R_col_22_33,869
ME_L_col_20_19,869
ME_L_col_12_27,868
ME_L_col_33_32,868
ME_L_col_25_20,868
ME_R_col_08_09,868
ME_L_col_16_32,868
ME_R_col_16_05,868
ME_L_col_28_31,868
ME_R_col_19_25,868
ME_R_col_11_11,868
ME_L_col_26_20,868
ME_R_col_13_22,868
ME_L_col_10_08,868
ME_R_col_22_25,867
ME_R_col_11_14,867
ME_R_col_21_29,867
ME_R_col_17_28,867
ME_R_col_26_23,867
ME_L_col_30_21,867
ME_R_col_20_07,867
ME_L_col_24_23,867
ME_L_col_30_25,866
ME_L_col_30_28,866
ME_L_col_19_07,866
ME_L_col_27_20,866
ME_R_col_12_10,866
ME_R_col_32_29,866
ME_L_col_19_33,866
ME_L_col_08_19,866
ME_L_col_30_29,866
ME_L_col_13_16,866
ME_R_col_24_29,866
ME_R_col_21_30,865
ME_R_col_15_29,865
ME_R_col_13_09,865
ME_R_col_12_13,865
ME_R_col_12_08,865
ME_L_col_13_23,865
ME_L_col_14_15,865
ME_R_col_33_29,865
ME_R_col_23_10,865
ME_L_col_19_25,865
ME_R_col_25_29,865
ME_R_col_10_08,865
ME_R_col_11_17,864
ME_R_col_32_33,864
ME_L_col_25_19,864
ME_R_col_22_29,864
ME_R_col_21_24,864
ME_R_col_27_31,864
ME_R_col_24_32,864
ME_R_col_20_31,864
ME_R_col_26_31,864
ME_L_col_33_33,863
ME_L_col_12_07,863
ME_L_col_25_26,863
ME_R_col_10_05,863
ME_R_col_23_34,863
ME_L_col_13_28,863
ME_R_col_30_18,863
ME_R_col_09_15,863
ME_L_col_18_11,863
ME_R_col_28_28,863
ME_L_col_07_21,862
ME_L_col_10_10,862
ME_R_col_31_23,862
ME_R_col_27_33,862
ME_R_col_19_28,862
ME_R_col_14_07,862
ME_R_col_13_06,862
ME_L_col_14_16,861
ME_R_col_29_17,861
ME_R_col_31_31,861
ME_L_col_17_33,861
ME_R_col_29_33,861
ME_R_col_32_34,861
ME_R_col_22_28,861
ME_L_col_23_35,861
ME_L_col_31_32,861
ME_L_col_24_28,861
ME_R_col_11_05,861
ME_R_col_11_13,861
ME_R_col_09_08,861
ME_R_col_17_32,861
ME_L_col_20_24,861
ME_R_col_17_30,861
ME_L_col_31_23,861
ME_R_col_18_28,861
ME_R_col_30_31,861
ME_R_col_31_20,860
ME_R_col_31_32,860
ME_L_col_29_34,860
ME_L_col_22_19,860
ME_R_col_27_27,860
ME_R_col_32_25,860
ME_L_col_14_06,859
ME_R_col_10_22,859
ME_L_col_24_25,859
ME_R_col_11_28,859
ME_L_col_26_23,859
ME_R_col_10_07,858
ME_L_col_24_31,858
ME_L_col_27_21,858
ME_R_col_29_30,858
ME_L_col_29_23,858
ME_R_col_22_09,858
ME_R_col_18_31,858
ME_L_col_22_15,858
ME_L_col_20_30,858
ME_L_col_21_24,858
ME_L_col_22_27,857
ME_R_col_12_29,857
ME_R_col_29_26,857
ME_R_col_29_29,857
ME_L_col_32_31,857
ME_L_col_27_24,857
ME_R_col_14_26,857
ME_L_col_25_23,857
ME_R_col_09_10,857
ME_L_col_20_22,856
ME_R_col_28_36,856
ME_L_col_16_18,856
ME_L_col_08_24,856
ME_R_col_26_34,856
ME_L_col_26_21,856
ME_L_col_26_13,856
ME_L_col_29_27,856
ME_L_col_23_34,856
ME_L_col_25_22,855
ME_L_col_28_26,855
ME_R_col_09_11,855
ME_R_col_11_23,855
ME_L_col_16_20,855
ME_R_col_23_23,855
ME_R_col_24_26,855
ME_R_col_30_33,855
ME_R_col_26_33,855
ME_R_col_27_35,855
ME_L_col_18_25,855
ME_R_col_10_06,854
ME_R_col_09_17,854
ME_L_col_25_29,854
ME_L_col_33_28,854
PB,854
ME_L_col_09_07,854
ME_R_col_18_33,854
ME_L_col_24_11,854
ME_L_col_22_25,853
ME_L_col_23_25,853
ME_L_col_26_26,853
ME_R_col_09_12,853
ME_R_col_11_16,853
ME_R_col_10_10,853
ME_R_col_23_35,853
ME_L_col_20_34,853
ME_R_col_16_28,853
ME_R_col_32_31,853
ME_L_col_14_10,853
ME_R_col_31_36,853
ME_L_col_18_23,853
ME_R_col_26_32,853
ME_R_col_30_35,853
ME_L_col_24_35,852
ME_R_col_17_29,852
ME_R_col_27_29,852
ME_R_col_23_32,852
ME_R_col_10_17,852
ME_L_col_11_11,852
ME_R_col_23_26,851
ME_L_col_32_25,851
ME_R_col_33_28,851
ME_L_col_13_22,851
ME_R_col_22_27,851
ME_R_col_11_15,851
ME_L_col_20_07,851
ME_R_col_16_30,851
ME_R_col_26_25,851
ME_R_col_23_27,851
ME_L_col_24_34,850
ME_L_col_27_34,850
ME_R_col_07_08,850
ME_L_col_16_14,850
ME_L_col_15_07,850
ME_L_col_11_15,850
ME_R_col_21_34,850
ME_L_col_31_21,850
ME_R_col_16_29,850
ME_L_col_26_24,849
ME_R_col_15_05,849
ME_R_col_22_32,849
ME_R_col_20_34,849
ME_L_col_21_08,849
ME_L_col_13_06,849
LO_R_col_20_17,849
ME_L_col_12_05,849
ME_R_col_27_30,848
ME_L_col_22_34,848
ME_R_col_22_35,848
ME_L_col_25_36,848
ME_L_col_25_32,848
ME_R_col_11_09,848
ME_R_col_10_26,848
ME_R_col_10_27,847
ME_R_col_09_18,847
ME_L_col_16_27,847
ME_L_col_16_25,847
ME_R_col_24_33,847
ME_R_col_26_26,847
ME_R_col_13_30,847
ME_R_col_21_27,847
ME_R_col_19_27,847
ME_R_col_11_08,847
ME_L_col_13_07,847
ME_R_col_31_34,847
ME_L_col_08_21,847
ME_L_col_16_23,847
ME_L_col_12_23,846
ME_R_col_24_34,846
ME_R_col_26_36,846
ME_L_col_13_05,846
ME_R_col_20_26,846
ME_R_col_18_06,846
ME_L_col_17_24,846
ME_L_col_32_30,846
LO_R_col_19_18,845
ME_L_col_13_27,845
ME_L_col_15_20,845
ME_L_col_13_04,845
ME_L_col_15_29,845
ME_L_col_17_25,845
ME_R_col_14_04,845
ME_R_col_20_29,845
ME_L_col_26_36,845
ME_R_col_10_13,845
ME_L_col_26_30,845
ME_R_col_09_23,845
ME_R_col_10_12,844
ME_L_col_27_22,844
ME_L_col_28_28,844
ME_L_col_29_29,844
ME_R_col_18_32,844
ME_L_col_09_11,844
ME_R_col_24_27,844
ME_R_col_07_12,844
ME_L_col_12_10,844
ME_L_col_31_29,843
ME_L_col_23_29,843
ME_L_col_11_28,843
ME_L_col_20_31,843
ME_L_col_19_22,843
ME_R_col_10_25,843
ME_R_col_10_11,843
ME_L_col_11_24,843
ME_L_col_14_11,843
ME_L_col_14_07,843
ME_L_col_21_30,842
ME_L_col_31_26,842
ME_R_col_08_12,842
ME_L_col_29_33,842
ME_R_col_24_28,842
ME_L_col_12_13,841
ME_R_col_33_27,841
ME_R_col_28_26,841
ME_R_col_24_25,841
ME_L_col_09_18,841
ME_L_col_09_09,841
ME_L_col_09_12,841
ME_L_col_29_32,841
ME_L_col_21_26,841
ME_L_col_24_24,841
ME_L_col_28_24,841
ME_R_col_11_20,841
ME_L_col_26_28,840
ME_R_col_10_23,840
ME_L_col_29_25,840
ME_L_col_14_22,840
ME_L_col_12_15,840
ME_L_col_26_32,839
ME_L_col_25_28,839
ME_L_col_11_18,839
ME_L_col_15_11,839
ME_L_col_15_22,839
ME_L_col_28_16,839
ME_R_col_19_33,839
ME_L_col_25_35,839
ME_R_col_07_07,838
ME_L_col_16_11,838
ME_L_col_11_09,838
ME_R_col_26_29,838
ME_L_col_16_13,838
ME_R_col_25_27,838
ME_L_col_18_26,838
ME_R_col_06_13,838
ME_R_col_08_08,838
ME_R_col_33_25,837
ME_R_col_32_22,837
ME_L_col_18_32,837
ME_L_col_18_06,837
ME_R_col_08_14,837
ME_R_col_06_14,837
LO_R_col_19_14,836
ME_R_col_33_26,836
ME_L_col_25_25,836
ME_L_col_31_30,836
ME_L_col_32_28,836
ME_R_col_17_05,836
ME_L_col_21_31,836
ME_R_col_32_32,836
ME_L_col_28_29,835
ME_R_col_32_23,835
ME_L_col_12_08,835
LO_R_col_24_17,835
ME_L_col_09_08,835
ME_R_col_09_16,835
ME_L_col_25_24,835
ME_L_col_19_26,835
ME_R_col_26_28,835
ME_L_col_15_27,834
ME_L_col_14_30,834
ME_R_col_31_28,834
ME_L_col_19_23,834
ME_R_col_07_13,834
ME_R_col_28_29,834
ME_R_col_21_26,834
ME_R_col_28_15,833
ME_L_col_32_29,833
ME_L_col_30_30,833
ME_L_col_15_08,833
ME_R_col_31_35,833
ME_R_col_32_30,833
ME_L_col_12_20,833
ME_R_col_11_19,833
ME_R_col_10_19,833
LO_R_col_20_19,833
ME_L_col_24_26,833
ME_L_col_29_17,832
ME_L_col_15_24,832
ME_L_col_14_21,832
ME_L_col_16_06,832
ME_L_col_31_27,832
ME_L_col_15_25,832
ME_L_col_09_10,831
ME_L_col_26_33,831
LO_R_col_16_14,831
ME_R_col_06_07,831
ME_R_col_24_24,831
ME_R_col_08_15,831
ME_L_col_27_30,831
ME_L_col_16_22,831
ME_L_col_28_25,830
LO_R_col_16_13,830
LO_R_col_17_18,830
ME_R_col_09_22,830
ME_L_col_32_33,830
ME_L_col_23_26,830
ME_R_col_07_09,830
ME_R_col_20_28,830
ME_L_col_19_24,830
ME_R_col_07_19,830
ME_R_col_20_33,830
ME_L_col_17_28,830
ME_R_col_09_19,830
ME_L_col_20_33,829
ME_R_col_25_35,829
ME_L_col_28_32,829
ME_L_col_29_28,829
ME_R_col_27_36,829
ME_R_col_25_36,829
ME_R_col_07_11,829
ME_L_col_07_12,829
ME_R_col_09_25,829
ME_R_col_08_10,829
ME_R_col_33_33,829
ME_L_col_23_28,828
ME_R_col_08_18,828
ME_R_col_33_31,828
ME_L_col_16_30,828
ME_L_col_31_28,828
ME_R_col_21_08,828
ME_L_col_09_27,827
ME_L_col_30_27,827
ME_R_col_07_14,827
ME_L_col_23_27,827
ME_R_col_08_16,827
ME_R_col_09_06,827
ME_L_col_07_20,827
LO_R_col_22_13,827
LO_R_col_17_12,827
ME_R_col_09_21,827
ME_L_col_07_22,827
ME_L_col_12_26,827
ME_L_col_14_12,827
ME_R_col_32_35,827
ME_R_col_28_27,826
ME_L_col_32_23,826
ME_R_col_15_32,826
ME_R_col_30_24,826
ME_L_col_12_14,826
ME_L_col_11_23,826
ME_L_col_15_05,826
ME_R_col_33_30,826
ME_L_col_15_23,826
ME_L_col_14_26,826
ME_L_col_21_23,826
ME_L_col_24_29,826
ME_L_col_30_34,825
ME_L_col_13_18,825
LO_R_col_17_13,825
ME_R_col_20_25,825
ME_L_col_29_31,824
ME_R_col_34_28,824
ME_L_col_08_12,824
ME_R_col_23_29,824
ME_L_col_24_36,824
ME_R_col_16_32,824
ME_L_col_15_06,824
LO_R_col_21_16,823
ME_L_col_14_20,823
ME_L_col_12_22,823
ME_R_col_29_27,823
ME_R_col_20_27,823
ME_L_col_22_30,823
ME_R_col_27_28,823
ME_R_col_08_17,823
ME_L_col_26_31,823
ME_R_col_27_14,822
ME_R_col_08_13,822
ME_L_col_30_26,822
ME_L_col_27_35,822
ME_R_col_23_28,821
ME_L_col_29_18,821
ME_R_col_24_10,821
ME_R_col_31_29,821
ME_L_col_16_26,821
LO_R_col_26_25,821
ME_L_col_17_27,821
ME_L_col_08_09,821
ME_R_col_08_22,821
ME_L_col_09_21,820
LO_R_col_19_17,820
LO_R_col_21_21,820
ME_L_col_07_10,820
ME_R_col_06_12,820
ME_L_col_07_19,820
ME_R_col_28_30,820
ME_L_col_10_21,820
ME_L_col_11_07,820
ME_R_col_12_05,820
ME_R_col_25_24,820
ME_L_col_21_27,820
ME_R_col_19_06,820
LO_R_col_20_20,819
ME_L_col_18_29,819
ME_L_col_33_29,819
ME_R_col_06_10,818
ME_L_col_11_13,818
ME_R_col_32_21,818
ME_L_col_07_18,818
ME_L_col_16_29,818
ME_L_col_17_05,818
ME_L_col_31_25,818
ME_L_col_19_30,817
ME_L_col_27_25,817
ME_L_col_09_25,817
LO_R_col_23_19,817
ME_L_col_20_25,817
ME_L_col_18_24,817
LO_R_col_22_19,816
ME_L_col_08_13,816
ME_L_col_16_05,816
ME_L_col_10_11,816
ME_L_col_11_05,816
ME_R_col_07_18,816
ME_L_col_32_27,816
ME_L_col_30_36,816
ME_L_col_30_18,816
LO_R_col_19_23,815
ME_L_col_21_35,815
ME_L_col_08_14,815
ME_L_col_12_09,815
ME_R_col_08_24,815
ME_L_col_13_08,815
ME_L_col_33_26,815
ME_L_col_14_25,815
ME_R_col_33_35,815
ME_L_col_11_17,814
ME_L_col_27_32,814
ME_L_col_21_25,814
ME_R_col_07_17,814
ME_L_col_16_24,814
ME_L_col_10_22,814
LO_R_col_12_13,814
LO_R_col_18_16,814
ME_L_col_21_28,814
ME_R_col_09_26,814
ME_L_col_09_19,813
ME_L_col_16_28,813
ME_R_col_08_05,813
ME_R_col_17_33,813
LO_R_col_25_15,813
ME_L_col_08_08,813
ME_L_col_10_05,813
ME_L_col_15_28,813
ME_L_col_11_08,812
ME_L_col_29_35,812
ME_L_col_22_28,812
ME_L_col_18_28,812
ME_L_col_32_22,812
LO_R_col_20_22,812
ME_L_col_19_32,812
ME_R_col_09_05,812
LO_R_col_23_17,811
ME_L_col_12_17,811
ME_L_col_09_16,811
ME_R_col_33_32,811
ME_R_col_08_11,811
ME_L_col_09_06,811
ME_R_col_33_24,811
ME_R_col_09_20,810
ME_R_col_08_07,810
ME_L_col_08_25,810
ME_L_col_30_33,810
ME_L_col_10_12,810
ME_R_col_12_04,810
ME_L_col_13_26,809
ME_L_col_22_29,809
ME_R_col_29_16,809
ME_L_col_20_27,808
LO_R_col_26_24,808
LO_R_col_21_17,808
ME_L_col_14_27,808
ME_R_col_06_11,808
ME_L_col_19_28,808
LO_R_col_15_12,807
ME_L_col_17_31,807
ME_L_col_08_17,807
ME_L_col_32_24,807
ME_L_col_10_13,807
ME_R_col_06_08,806
ME_L_col_08_11,806
ME_L_col_30_35,806
ME_L_col_12_04,806
ME_L_col_29_26,806
ME_L_col_13_24,805
ME_L_col_33_31,805
ME_L_col_14_28,805
ME_L_col_13_19,805
ME_L_col_34_33,805
ME_L_col_12_06,804
ME_L_col_11_20,804
ME_L_col_10_15,804
ME_R_col_06_09,804
ME_L_col_11_26,804
ME_L_col_09_17,804
ME_R_col_08_06,804
ME_L_col_14_04,803
ME_R_col_07_10,803
ME_R_col_05_11,803
ME_R_col_34_32,803
LO_R_col_20_12,803
ME_R_col_15_04,803
ME_L_col_24_27,803
LO_R_col_13_15,803
ME_L_col_10_06,803
ME_L_col_12_25,802
ME_L_col_11_06,802
ME_L_col_20_29,802
LO_R_col_22_17,802
ME_R_col_34_30,802
ME_L_col_21_33,802
ME_L_col_10_23,802
LO_R_col_23_22,801
ME_R_col_33_23,801
LO_R_col_22_24,801
ME_L_col_06_07,801
ME_R_col_08_21,801
ME_L_col_12_16,800
LO_R_col_20_13,800
ME_R_col_27_37,800
LO_R_col_18_17,800
ME_L_col_19_27,800
ME_L_col_13_21,800
ME_L_col_28_15,800
LO_R_col_22_21,799
LO_R_col_18_13,799
ME_L_col_25_34,799
LO_R_col_24_19,799
ME_R_col_05_12,799
ME_L_col_19_31,798
LO_R_col_24_18,798
ME_L_col_20_32,798
ME_L_col_33_25,798
ME_L_col_13_17,798
ME_L_col_08_18,798
ME_L_col_22_32,798
LO_R_col_20_16,798
ME_R_col_16_04,798
ME_L_col_31_34,797
ME_L_col_08_10,797
ME_L_col_10_04,797
ME_L_col_19_29,797
LO_R_col_21_19,797
ME_R_col_09_04,797
ME_R_col_13_04,797
LO_R_col_19_22,797
LO_R_col_23_13,796
ME_L_col_11_21,796
ME_L_col_11_12,796
ME_L_col_17_26,796
ME_R_col_34_27,796
ME_R_col_34_34,796
ME_L_col_31_35,796
LO_R_col_27_25,796
ME_L_col_06_19,795
ME_L_col_22_33,795
ME_L_col_26_35,795
ME_L_col_12_24,795
ME_R_col_29_37,795
ME_L_col_21_32,795
ME_L_col_06_18,794
ME_L_col_12_19,794
ME_L_col_13_25,794
ME_L_col_24_33,794
LO_R_col_27_20,794
ME_L_col_25_11,794
LO_R_col_18_14,794
LO_R_col_26_21,794
ME_L_col_20_28,794
ME_L_col_25_31,793
ME_R_col_25_11,793
ME_L_col_23_31,793
ME_L_col_34_27,793
ME_R_col_29_36,793
LO_R_col_24_15,792
ME_L_col_23_32,792
ME_R_col_07_06,792
ME_L_col_10_14,792
ME_L_col_11_19,792
ME_L_col_10_20,791
LO_L_col_18_14,791
ME_R_col_19_34,791
ME_R_col_30_36,791
LO_R_col_23_24,791
LO_L_col_23_22,791
ME_L_col_33_27,791
ME_R_col_07_16,790
ME_L_col_15_26,790
LO_R_col_13_09,790
ME_R_col_11_29,790
ME_R_col_11_04,790
LO_R_col_18_15,789
ME_L_col_33_30,789
ME_L_col_10_16,789
ME_L_col_28_35,789
ME_L_col_06_14,789
ME_R_col_08_19,789
ME_L_col_07_23,789
LO_R_col_14_11,789
ME_L_col_29_16,789
ME_L_col_06_08,789
ME_L_col_24_30,788
ME_L_col_10_17,788
LO_R_col_19_16,788
ME_L_col_18_27,787
ME_R_col_28_37,787
ME_R_col_24_36,787
ME_L_col_07_09,787
ME_L_col_07_15,787
ME_R_col_05_08,787
ME_R_col_32_36,787
LO_R_col_13_11,786
ME_L_col_10_19,786
ME_L_col_09_05,786
LO_R_col_24_26,786
LO_R_col_16_07,785
LO_R_col_14_09,785
ME_L_col_21_29,785
LO_R_col_15_16,785
ME_L_col_28_33,785
ME_L_col_34_28,785
LO_R_col_16_12,785
ME_L_col_29_36,785
ME_L_col_22_31,784
LO_R_col_24_16,784
LO_R_col_22_18,784
ME_L_col_34_31,784
ME_R_col_05_10,784
ME_L_col_23_30,784
ME_L_col_06_06,783
LO_R_col_22_20,783
ME_R_col_06_16,783
LO_R_col_24_22,783
LO_R_col_20_18,782
ME_R_col_08_20,782
LO_R_col_23_18,782
ME_L_col_15_04,782
LO_R_col_23_16,782
ME_L_col_13_20,782
ME_R_col_34_31,782
LO_R_col_19_11,781
ME_R_col_10_04,781
LO_R_col_20_21,781
ME_R_col_34_29,781
LO_R_col_20_15,781
LO_R_col_20_14,781
LO_R_col_16_11,781
LO_R_col_13_12,781
LO_L_col_24_17,781
ME_R_col_06_17,781
LO_R_col_21_20,780
LO_L_col_28_25,780
ME_L_col_11_04,780
ME_R_col_05_13,780
ME_L_col_08_06,780
ME_L_col_09_15,780
ME_L_col_07_11,780
LO_L_col_19_18,780
LO_L_col_22_18,780
ME_L_col_26_34,780
ME_L_col_14_31,779
ME_L_col_14_03,779
ME_L_col_27_37,779
ME_L_col_14_24,779
ME_L_col_14_23,779
LO_R_col_18_11,779
LO_R_col_17_16,779
ME_R_col_07_20,778
ME_L_col_06_09,778
ME_L_col_07_05,778
LO_R_col_25_22,778
ME_R_col_06_15,778
LO_R_col_28_20,777
ME_L_col_05_14,777
ME_L_col_33_24,777
LO_R_col_21_11,777
ME_R_col_21_35,776
ME_R_col_06_06,776
LO_R_col_21_12,776
ME_L_col_13_30,776
LO_R_col_27_19,776
LO_R_col_28_24,776
ME_R_col_26_37,775
ME_L_col_27_33,775
LO_L_col_17_11,775
ME_L_col_32_26,775
ME_R_col_31_19,775
LO_L_col_23_21,774
ME_R_col_30_37,774
LO_R_col_15_09,774
ME_R_col_33_34,774
ME_L_col_27_36,774
LO_R_col_19_12,773
LO_R_col_22_12,773
ME_R_col_07_05,773
LO_L_col_22_21,773
ME_R_col_34_33,773
LO_R_col_12_08,772
LO_R_col_29_22,772
ME_L_col_31_19,772
LO_R_col_19_13,772
LO_L_col_25_16,772
LO_R_col_21_18,772
LO_R_col_24_14,771
LO_L_col_21_16,771
LO_L_col_18_15,771
ME_R_col_11_03,771
LO_R_col_14_14,771
LO_R_col_14_12,771
ME_R_col_08_04,771
LO_R_col_15_14,771
ME_L_col_08_15,771
ME_L_col_17_29,771
ME_L_col_06_11,771
ME_L_col_11_22,770
ME_L_col_08_16,770
ME_L_col_18_05,770
LO_L_col_22_19,770
ME_L_col_07_07,770
LO_R_col_13_13,770
LO_R_col_25_14,770
LO_R_col_19_20,770
LO_R_col_25_23,770
LO_R_col_18_12,770
LO_L_col_23_18,770
ME_L_col_18_30,769
LO_R_col_23_14,769
LO_R_col_12_10,769
LO_R_col_18_08,769
LO_R_col_16_20,769
ME_L_col_10_18,768
LO_L_col_20_20,768
LO_R_col_13_18,768
LO_R_col_18_24,768
ME_R_col_12_03,768
LO_R_col_23_12,768
ME_L_col_08_05,768
LO_R_col_17_09,767
ME_R_col_07_15,767
ME_L_col_09_13,767
LO_R_col_12_09,767
LO_R_col_21_15,767
LO_L_col_18_16,767
ME_L_col_06_16,767
LO_R_col_22_16,766
ME_R_col_05_09,766
ME_L_col_20_06,766
ME_R_col_23_09,766
ME_L_col_07_06,766
LO_R_col_17_08,766
LO_R_col_25_16,766
LO_R_col_16_15,766
LO_R_col_24_23,765
ME_L_col_07_13,765
ME_R_col_04_09,765
ME_R_col_07_21,765
LO_R_col_16_17,765
LO_R_col_19_10,764
ME_L_col_18_31,764
LO_L_col_18_20,764
ME_L_col_23_33,764
LO_R_col_29_28,764
LO_L_col_18_12,764
LO_R_col_22_22,764
ME_L_col_12_18,764
LO_R_col_18_18,763
LO_R_col_21_22,763
LO_R_col_23_25,763
ME_L_col_28_36,763
LO_R_col_09_10,763
LO_L_col_23_19,763
LO_R_col_25_17,762
LO_L_col_20_17,762
LO_L_col_19_12,762
ME_L_col_09_20,762
LO_R_col_17_17,762
ME_L_col_31_20,762
ME_L_col_06_17,762
ME_L_col_05_07,762
LO_R_col_22_25,762
ME_R_col_31_37,762
LO_R_col_19_21,762
ME_R_col_10_28,761
LO_L_col_15_10,761
LO_L_col_17_12,761
LO_R_col_12_07,761
LO_R_col_19_24,760
ME_R_col_22_08,760
ME_R_col_04_08,760
LO_R_col_27_22,760
ME_L_col_07_08,760
LO_R_col_13_08,760
LO_R_col_22_23,759
LO_L_col_18_19,759
LO_R_col_26_19,759
LO_R_col_16_08,759
ME_L_col_06_12,759
ME_L_col_17_04,759
ME_L_col_08_07,759
ME_L_col_05_12,759
ME_L_col_34_29,759
LO_R_col_21_24,758
LO_R_col_26_26,758
ME_R_col_07_22,758
LO_R_col_13_10,758
ME_L_col_11_16,758
ME_L_col_32_21,758
LO_R_col_23_20,758
ME_L_col_06_15,758
LO_R_col_25_20,757
LO_R_col_20_09,757
LO_L_col_20_15,757
LO_R_col_18_23,757
LO_L_col_16_12,757
LO_L_col_22_26,756
ME_R_col_14_03,756
ME_R_col_05_14,756
ME_L_col_07_04,756
LO_R_col_17_11,756
LO_L_col_21_19,756
LO_L_col_20_21,756
LO_R_col_16_09,756
ME_L_col_22_08,756
LO_R_col_28_19,755
ME_L_col_17_30,755
LO_R_col_18_22,755
LO_L_col_17_14,755
ME_R_col_34_25,754
ME_R_col_05_07,754
LO_R_col_25_19,754
ME_L_col_09_14,754
ME_R_col_26_12,754
ME_R_col_25_37,754
ME_R_col_08_25,754
ME_L_col_15_32,754
LO_R_col_27_23,754
LO_R_col_28_21,754
ME_L_col_31_36,754
LO_R_col_27_24,753
ME_R_col_23_36,753
LO_R_col_15_06,753
LO_L_col_15_18,752
LO_L_col_18_11,752
LO_R_col_17_14,752
LO_R_col_15_11,752
ME_L_col_09_04,752
ME_L_col_07_16,751
LO_R_col_22_10,751
ME_R_col_30_17,751
LO_R_col_24_27,751
LO_L_col_16_10,751
LO_L_col_25_22,750
ME_L_col_34_32,750
ME_R_col_06_19,750
LO_R_col_21_13,750
ME_L_col_08_03,750
ME_L_col_34_30,750
LO_R_col_18_21,750
LO_R_col_14_08,750
LO_R_col_15_13,749
LO_R_col_18_20,749
LO_L_col_13_10,749
ME_L_col_07_17,749
ME_L_col_07_14,749
LO_R_col_21_26,749
LO_L_col_19_14,749
LO_R_col_10_11,749
ME_R_col_33_36,749
LO_R_col_11_12,748
LO_R_col_27_26,748
LO_R_col_25_24,748
LO_R_col_26_16,748
LO_R_col_15_18,747
LO_L_col_24_24,747
ME_L_col_26_12,747
LO_L_col_16_15,747
LO_R_col_25_26,746
ME_R_col_27_13,746
LO_L_col_17_17,746
LO_L_col_16_11,746
LO_R_col_21_14,746
LO_L_col_22_22,746
LO_R_col_24_13,746
ME_L_col_24_32,745
ME_L_col_15_03,745
LO_R_col_14_10,745
LO_R_col_23_15,745
LO_R_col_10_10,744
LO_R_col_17_20,744
ME_L_col_08_20,744
ME_L_col_06_10,744
LO_L_col_19_15,744
LO_R_col_25_25,744
LO_L_col_14_07,744
LO_R_col_16_19,743
ME_L_col_05_08,743
LO_L_col_23_24,743
LO_R_col_13_14,743
LO_R_col_22_15,743
LO_L_col_27_22,743
LO_R_col_19_15,743
LO_R_col_23_27,743
ME_R_col_12_30,742
LO_L_col_20_16,742
LO_R_col_22_11,742
LO_R_col_11_13,742
LO_R_col_26_20,742
LO_L_col_14_10,742
LO_L_col_21_21,742
LO_L_col_29_25,742
ME_L_col_05_11,742
LO_R_col_22_14,741
LO_R_col_18_09,741
LO_R_col_15_10,741
ME_L_col_09_03,741
ME_R_col_06_20,741
ME_R_col_06_18,741
LO_L_col_24_13,741
LO_R_col_12_12,740
LO_L_col_21_15,740
ME_R_col_07_04,739
LO_R_col_14_19,739
ME_L_col_33_34,739
ME_R_col_07_23,739
ME_L_col_05_09,739
ME_R_col_05_06,739
LO_R_col_23_23,738
LO_L_col_24_23,738
LO_R_col_21_25,738
LO_L_col_19_13,738
ME_R_col_34_26,738
LO_R_col_15_20,737
LO_L_col_28_22,737
ME_R_col_04_10,737
LO_R_col_15_08,737
LO_R_col_15_17,737
ME_L_col_23_09,737
ME_L_col_05_15,737
LO_R_col_24_25,737
LO_L_col_22_20,736
ME_R_col_05_16,736
LO_L_col_25_18,736
LO_R_col_26_23,736
LO_L_col_24_25,736
LO_L_col_18_13,736
LO_R_col_17_19,735
ME_L_col_31_18,735
LO_L_col_18_10,735
LO_L_col_25_23,735
LO_R_col_20_10,735
LO_R_col_11_11,735
LO_L_col_25_24,735
LO_L_col_14_08,735
LO_L_col_23_20,735
LO_L_col_24_19,735
LO_R_col_25_27,735
LO_L_col_13_13,735
LO_R_col_22_27,735
LO_R_col_24_24,735
LO_R_col_19_25,734
LO_R_col_19_27,734
LO_R_col_28_25,734
LO_L_col_25_25,734
LO_L_col_13_26,733
LO_L_col_21_17,733
LO_L_col_14_12,732
LO_L_col_15_15,732
ME_L_col_05_16,732
ME_L_col_08_04,732
LO_R_col_12_19,732
LO_R_col_13_16,732
LO_L_col_17_10,732
LO_L_col_21_20,731
LO_R_col_27_18,731
LO_R_col_16_18,731
ME_R_col_10_03,731
LO_R_col_16_06,731
LO_R_col_20_11,731
ME_R_col_32_37,731
LO_R_col_10_12,731
LO_R_col_26_28,730
LO_L_col_27_18,730
LO_R_col_17_15,729
ME_R_col_32_20,728
LO_R_col_15_19,728
LO_L_col_19_11,728
LO_L_col_27_27,728
ME_R_col_04_13,728
LO_L_col_15_09,728
LO_R_col_15_07,727
LO_R_col_15_22,727
LO_R_col_12_11,727
LO_R_col_26_17,727
LO_R_col_10_13,727
LO_L_col_17_09,727
ME_R_col_04_11,727
LO_L_col_28_26,726
LO_L_col_26_23,726
ME_R_col_06_05,726
LO_R_col_19_19,726
ME_R_col_35_31,726
LO_L_col_18_21,726
LO_R_col_11_08,726
LO_R_col_13_07,726
ME_R_col_35_28,726
LO_L_col_18_08,725
LO_R_col_26_15,725
ME_R_col_05_05,725
LO_L_col_24_21,725
LO_R_col_26_18,725
LO_R_col_12_14,725
ME_L_col_29_37,725
LO_R_col_12_18,724
LO_R_col_19_09,724
ME_R_col_22_36,724
ME_L_col_13_03,724
LO_L_col_21_18,723
ME_L_col_34_26,723
LO_R_col_12_16,723
ME_R_col_04_07,723
LO_R_col_20_23,722
ME_R_col_13_03,722
LO_R_col_13_17,722
ME_L_col_11_03,721
LO_L_col_23_23,721
LO_R_col_23_26,721
LO_L_col_17_18,721
LO_L_col_21_11,721
LO_R_col_14_13,720
ME_R_col_08_03,720
LO_L_col_24_20,720
LO_L_col_23_25,719
LO_L_col_19_20,719
LO_R_col_25_28,719
LO_R_col_21_28,719
ME_L_col_26_37,719
ME_R_col_20_06,719
LO_R_col_14_17,719
LO_R_col_14_16,719
LO_R_col_15_21,719
LO_R_col_20_27,719
ME_R_col_34_35,719
ME_R_col_21_07,718
ME_L_col_04_10,717
LO_L_col_12_17,717
LO_R_col_14_05,717
LO_R_col_18_10,717
LO_R_col_25_18,717
LO_L_col_14_26,717
LO_L_col_26_16,717
ME_R_col_35_32,716
LO_L_col_15_11,716
LO_R_col_12_23,716
LO_L_col_26_20,716
LO_L_col_24_16,716
ME_L_col_06_13,715
LO_L_col_19_22,715
LO_L_col_23_17,715
LO_R_col_13_05,715
LO_R_col_27_30,715
ME_L_col_28_37,715
LO_L_col_27_19,715
LO_R_col_26_27,715
ME_R_col_35_29,715
LO_L_col_11_12,715
ME_L_col_04_11,714
LO_R_col_30_23,714
LO_L_col_20_18,714
ME_R_col_35_33,713
LO_R_col_28_23,713
LO_L_col_13_15,713
LO_R_col_28_22,713
LO_L_col_24_22,713
LO_L_col_22_14,713
ME_R_col_06_04,713
ME_R_col_29_38,713
ME_R_col_35_30,713
ME_L_col_10_03,713
LO_L_col_16_16,712
LO_R_col_18_19,712
LO_L_col_18_17,712
LO_L_col_18_18,712
LO_R_col_16_16,712
LO_L_col_17_07,712
LO_L_col_25_17,712
LO_R_col_27_27,712
ME_L_col_12_03,712
LO_L_col_14_09,712
LO_R_col_13_20,711
ME_R_col_31_18,711
LO_L_col_23_14,711
ME_L_col_35_30,711
ME_L_col_32_35,711
LO_R_col_11_07,711
LO_R_col_08_04,711
LO_L_col_19_10,711
LO_L_col_26_24,711
LO_R_col_16_10,711
LO_L_col_25_15,710
LO_R_col_11_09,710
LO_L_col_22_23,710
LO_R_col_11_14,710
LO_L_col_24_18,710
LO_R_col_18_25,710
LO_R_col_17_22,710
LO_L_col_15_19,710
ME_L_col_05_10,710
LO_R_col_16_21,710
LO_L_col_18_09,709
LO_L_col_18_23,709
LO_L_col_20_22,709
LO_L_col_22_17,709
ME_L_col_27_13,708
ME_R_col_04_06,708
LO_R_col_17_07,708
LO_R_col_29_24,708
LO_L_col_29_21,708
LO_L_col_17_15,708
LO_R_col_17_10,708
ME_L_col_05_13,707
LO_L_col_21_23,707
LO_L_col_19_17,707
LO_L_col_16_14,707
LO_L_col_12_18,707
LO_L_col_19_19,707
LO_R_col_28_29,706
LO_R_col_27_21,706
ME_R_col_09_03,706
ME_R_col_04_14,706
ME_R_col_09_27,706
ME_R_col_18_05,706
LO_L_col_12_15,705
LO_R_col_09_11,705
LO_L_col_16_17,705
ME_L_col_07_03,705
ME_R_col_33_22,705
ME_R_col_04_12,705
LO_R_col_11_10,705
LO_L_col_26_22,705
LO_R_col_13_04,705
LO_L_col_21_14,705
LO_R_col_14_06,705
LO_L_col_16_21,705
LO_L_col_22_27,705
LO_R_col_14_20,705
LO_R_col_30_28,705
LO_L_col_17_13,704
LO_R_col_12_15,704
LO_L_col_14_11,704
LO_R_col_14_18,704
LO_L_col_13_14,703
LO_L_col_14_16,703
LO_L_col_16_09,703
LO_R_col_08_08,703
ME_L_col_16_04,703
LO_L_col_12_16,703
LO_R_col_24_21,703
LO_R_col_26_22,702
LO_R_col_24_20,702
LO_R_col_17_21,702
LO_L_col_15_16,702
EB,702
LO_L_col_26_15,702
LO_R_col_11_18,701
AME(R),701
ME_R_col_18_34,701
LO_L_col_17_19,701
LO_R_col_12_06,701
ME_R_col_05_17,701
LO_R_col_23_21,701
LO_L_col_09_10,701
LO_R_col_11_17,701
LO_R_col_20_25,701
LO_R_col_16_22,700
ME_L_col_06_05,700
LO_R_col_30_21,700
LO_L_col_13_05,700
ME_L_col_34_34,700
LO_R_col_22_26,700
ME_R_col_19_05,700
LO_R_col_19_26,700
LO_R_col_13_19,700
LO_L_col_22_16,700
LO_L_col_21_22,699
LO_L_col_23_15,699
ME_R_col_05_15,699
LO_R_col_15_15,699
LO_L_col_26_18,699
LO_L_col_29_24,699
LO_L_col_16_18,699
LO_R_col_13_06,699
LO_R_col_31_27,698
LO_L_col_17_22,698
LO_R_col_14_15,698
LO_L_col_14_20,698
ME_L_col_12_30,698
LO_L_col_13_16,698
LO_R_col_29_25,698
ME_L_col_32_36,697
LO_R_col_26_29,697
LO_L_col_14_18,697
LO_L_col_15_20,697
LO_L_col_15_12,697
LO_R_col_09_08,697
LO_L_col_12_13,697
LO_L_col_20_11,697
LO_L_col_11_13,696
LO_L_col_22_13,696
LO_R_col_27_28,696
LO_L_col_12_12,696
LO_L_col_15_06,696
LO_L_col_13_09,696
LO_L_col_17_08,696
ME_R_col_20_35,696
LO_R_col_14_21,695
ME_R_col_03_08,695
ME_L_col_04_09,695
LO_R_col_10_16,695
ME_R_col_16_33,695
LO_L_col_11_19,694
ME_L_col_35_29,694
LO_R_col_20_26,694
LO_L_col_21_10,694
ME_L_col_19_05,694
LO_R_col_28_28,694
ME_R_col_05_04,693
LO_L_col_15_13,693
ME_L_col_21_07,693
LO_L_col_25_28,693
LO_L_col_27_26,693
LO_R_col_09_07,693
LO_R_col_18_29,693
LO_L_col_20_10,693
LO_R_col_09_14,693
ME_L_col_06_04,692
LO_L_col_14_17,692
ME_L_col_33_35,692
ME_L_col_23_36,692
LO_L_col_26_30,692
LO_L_col_17_23,692
LO_R_col_16_23,692
LO_R_col_07_09,692
ME_L_col_04_12,692
LO_L_col_21_26,691
LO_L_col_21_12,691
LO_R_col_20_24,691
LO_R_col_28_27,691
ME_L_col_05_06,691
LO_L_col_13_12,691
ME_L_col_30_17,690
ME_R_col_14_32,690
LO_L_col_20_26,690
LO_L_col_17_16,690
LO_L_col_19_08,690
LO_L_col_15_14,689
LO_R_col_11_16,689
LO_L_col_27_17,689
LO_L_col_09_21,689
LO_L_col_28_21,689
LO_L_col_25_21,689
LO_L_col_21_24,689
LO_L_col_25_19,689
LO_R_col_28_26,689
LO_R_col_17_24,689
LO_R_col_29_21,689
LO_L_col_20_12,689
LO_L_col_25_29,689
ME_L_col_30_37,689
ME_R_col_17_04,689
LO_L_col_18_07,689
LO_R_col_21_23,689
LO_R_col_29_27,689
ME_L_col_04_07,688
LO_R_col_17_06,688
LO_R_col_27_17,688
ME_R_col_07_03,688
LO_L_col_22_11,688
LO_L_col_13_20,688
LO_L_col_17_20,688
LO_R_col_29_23,688
LO_L_col_12_10,688
LO_L_col_11_11,688
LO_L_col_23_13,688
ME_R_col_28_38,687
LO_R_col_26_30,687
ME_R_col_30_38,687
LO_L_col_24_29,687
LO_L_col_22_12,687
LO_L_col_24_28,687
LO_L_col_14_13,686
LO_L_col_28_28,686
LO_L_col_21_09,686
LO_R_col_18_27,685
LO_R_col_07_07,685
LO_L_col_13_11,685
LO_L_col_16_20,685
LO_R_col_31_26,685
LO_R_col_30_24,685
LO_R_col_10_06,684
LO_R_col_19_29,684
LO_R_col_23_11,684
LO_R_col_18_26,683
LO_R_col_12_17,683
LO_L_col_16_13,683
LO_L_col_12_11,683
LO_R_col_27_16,682
LO_L_col_20_23,682
LO_R_col_11_05,682
LO_R_col_11_06,682
LO_L_col_28_27,682
LO_L_col_18_22,682
LO_L_col_11_09,682
LO_L_col_19_21,682
LO_L_col_26_25,682
LO_L_col_11_17,682
LO_R_col_09_05,682
LO_L_col_12_19,682
ME_L_col_32_34,681
LO_L_col_14_05,681
LO_R_col_24_28,681
LO_L_col_22_15,681
LO_R_col_23_29,681
LO_R_col_08_11,681
LO_R_col_21_27,681
ME_L_col_04_06,680
LO_L_col_11_16,680
LO_L_col_14_19,680
LO_R_col_21_10,680
LO_L_col_22_25,680
LO_R_col_23_28,680
LO_R_col_29_20,680
LO_L_col_25_20,680
LO_L_col_28_20,679
LO_L_col_26_27,679
LO_L_col_16_06,679
LO_R_col_09_15,679
LO_L_col_10_11,679
LO_L_col_30_24,679
LO_L_col_20_13,679
LO_R_col_21_29,678
LO_R_col_29_18,678
ME_R_col_28_14,678
LO_L_col_31_23,678
LO_L_col_27_23,677
LO_L_col_26_19,677
LO_R_col_21_30,677
LO_R_col_28_18,677
LO_R_col_22_29,677
LO_L_col_16_19,676
ME_L_col_04_14,676
LO_L_col_23_26,676
ME_R_col_13_31,676
LO_R_col_13_21,676
LO_L_col_13_21,676
LO_R_col_10_07,676
LO_L_col_26_17,676
LO_R_col_06_10,676
LO_R_col_17_27,676
LO_R_col_14_07,675
LO_L_col_19_09,675
ME_R_col_34_36,675
ME_R_col_03_09,675
ME_R_col_03_07,675
LO_R_col_12_05,675
LO_L_col_27_29,675
LO_L_col_13_18,674
LO_R_col_09_09,674
LO_L_col_27_14,674
LO_L_col_25_26,674
LO_R_col_09_16,674
LO_L_col_19_16,674
LO_R_col_17_25,674
LO_R_col_18_30,674
LO_L_col_14_15,674
LO_R_col_15_30,673
ME_L_col_33_23,673
ME_L_col_25_10,673
LO_L_col_13_19,673
ME_L_col_05_17,673
LO_L_col_24_15,672
LO_R_col_09_12,672
LO_L_col_30_25,672
ME_R_col_27_38,672
LO_R_col_20_29,672
LO_R_col_20_31,672
ME_R_col_35_34,672
ME_R_col_24_37,672
LO_L_col_13_25,672
LO_L_col_14_14,671
LO_R_col_29_29,671
LO_R_col_27_29,671
ME_R_col_06_03,671
LO_L_col_20_09,671
LO_L_col_14_22,671
LO_R_col_25_30,671
LO_L_col_24_14,671
LO_R_col_18_28,671
LO_R_col_17_28,671
LO_R_col_06_07,671
LO_R_col_09_06,670
LO_R_col_13_22,670
LO_L_col_20_25,670
LO_R_col_09_13,670
LO_R_col_09_19,670
LO_R_col_26_14,670
LO_L_col_14_06,670
LO_R_col_22_30,670
ME_L_col_13_31,670
ME_L_col_11_02,669
ME_L_col_16_03,669
LO_L_col_15_08,668
LO_R_col_10_23,668
LO_L_col_15_24,668
LO_L_col_17_21,668
LO_R_col_07_05,668
LO_R_col_24_12,668
LO_R_col_10_09,668
LO_L_col_26_21,667
LO_L_col_24_26,667
LO_R_col_25_29,667
LO_R_col_10_05,667
LO_L_col_12_09,667
LO_R_col_08_13,667
ME_L_col_35_32,667
LO_R_col_29_26,666
LO_L_col_15_07,666
LO_L_col_12_07,666
ME_L_col_05_05,666
LO_R_col_14_25,666
LO_L_col_13_17,666
LO_L_col_26_14,666
ME_L_col_04_08,666
LO_R_col_18_06,666
LO_R_col_19_28,666
LO_R_col_12_22,666
ME_L_col_14_02,666
LO_R_col_17_23,665
LO_R_col_13_24,665
LO_R_col_19_30,665
LO_R_col_16_26,665
LO_R_col_24_30,665
LO_R_col_22_28,665
ME_R_col_29_15,665
LO_R_col_29_19,665
LO_R_col_31_28,665
LO_R_col_17_26,665
LO_R_col_29_31,665
LO_R_col_12_20,664
LO_L_col_11_18,664
LO_R_col_30_31,664
LO_R_col_08_12,664
ME_L_col_04_13,664
LO_L_col_12_14,664
LO_L_col_29_30,664
LO_R_col_13_23,664
LO_L_col_27_25,664
LO_L_col_16_08,664
ME_R_col_11_02,664
LO_R_col_08_09,664
LO_R_col_10_22,664
LO_L_col_23_28,663
LO_L_col_28_19,663
LO_L_col_27_30,663
LO_L_col_19_23,663
LO_L_col_26_29,663
LO_R_col_16_25,663
LO_L_col_16_07,663
ME_R_col_15_03,663
LO_L_col_20_24,662
LO_L_col_30_23,662
ME_R_col_34_24,662
LO_L_col_15_17,662
LO_R_col_30_27,662
LO_R_col_11_15,662
LO_R_col_07_08,662
LO_L_col_20_28,661
LO_L_col_11_08,661
LO_R_col_07_13,661
ME_R_col_10_02,661
ME_L_col_13_02,661
LO_L_col_13_23,660
ME_L_col_06_20,660
LO_R_col_10_15,660
LO_L_col_12_08,660
LO_L_col_10_06,660
ME_L_col_03_08,659
LO_L_col_29_26,659
ME_R_col_03_10,659
LO_L_col_12_06,659
LO_L_col_11_25,659
ME_L_col_25_37,659
LO_L_col_11_06,658
LO_L_col_20_27,658
LO_R_col_18_07,658
LO_L_col_10_09,658
LO_L_col_21_25,658
LO_L_col_22_28,658
LO_R_col_11_22,658
LO_R_col_28_30,658
LO_R_col_09_04,658
LO_R_col_10_14,658
LO_L_col_15_22,657
ME_R_col_03_12,657
LO_L_col_15_21,657
LO_L_col_11_14,657
LO_L_col_10_13,657
LO_R_col_11_19,657
LO_L_col_12_22,657
LO_L_col_14_23,656
LO_R_col_08_07,656
LO_L_col_23_29,656
LO_R_col_31_29,656
LO_L_col_30_26,656
LO_L_col_29_31,656
LO_R_col_11_25,656
LO_L_col_26_26,656
LO_L_col_13_08,655
ME_L_col_35_31,655
LO_R_col_30_25,655
LO_R_col_26_32,655
LO_L_col_27_16,655
LO_L_col_25_30,654
LO_L_col_29_22,654
LO_R_col_08_06,654
LO_L_col_09_06,654
LO_L_col_14_25,654
LO_R_col_15_25,653
LO_R_col_08_05,653
LO_R_col_07_06,653
LO_R_col_10_18,653
LO_L_col_23_27,653
LO_L_col_11_20,653
LO_R_col_30_29,653
LO_R_col_14_26,653
LO_R_col_13_27,653
LO_L_col_16_26,652
LO_L_col_23_12,652
LO_R_col_24_29,652
LO_R_col_31_25,652
LO_L_col_10_17,652
LO_L_col_10_14,652
LO_R_col_32_27,652
LO_R_col_30_26,652
LO_R_col_14_23,651
ME_L_col_05_04,651
ME_R_col_09_02,651
ME_L_col_03_09,651
LO_R_col_23_30,651
LO_L_col_13_27,651
LO_R_col_08_16,651
LO_L_col_22_10,651
LO_L_col_15_27,650
LO_L_col_13_22,650
ME_R_col_04_15,650
LO_R_col_07_12,650
LO_R_col_10_17,649
LO_R_col_14_04,649
LO_L_col_17_29,649
LO_L_col_11_07,649
LO_R_col_19_31,649
LO_R_col_22_09,649
LO_L_col_09_22,649
LO_R_col_10_24,649
LO_L_col_16_28,648
LO_R_col_16_28,648
LO_R_col_14_22,648
LO_R_col_14_30,648
ME_L_col_18_04,648
LO_L_col_14_27,648
LO_L_col_09_07,647
LO_R_col_26_31,647
LO_L_col_27_20,647
LO_R_col_11_04,647
LO_R_col_30_32,647
LO_L_col_16_29,646
LO_R_col_10_04,646
ME_L_col_09_02,646
LO_R_col_16_29,645
LO_L_col_10_18,645
LO_R_col_08_14,645
LO_L_col_16_22,645
LO_L_col_13_06,645
LO_R_col_24_31,645
LO_R_col_12_04,645
LO_R_col_16_05,644
LO_R_col_19_08,644
LO_L_col_16_23,644
LO_R_col_09_17,644
LO_R_col_14_27,644
LO_R_col_10_03,644
LO_L_col_20_19,644
LO_L_col_30_22,643
ME_R_col_03_11,643
LO_R_col_11_23,643
LO_R_col_07_15,643
LO_R_col_12_26,643
LO_L_col_21_13,643
LO_L_col_08_07,643
LO_L_col_28_31,642
LO_L_col_10_23,642
LO_R_col_21_09,642
LO_L_col_12_05,642
LO_L_col_08_09,642
LO_L_col_09_08,642
ME_L_col_28_14,642
LO_L_col_09_13,642
LO_L_col_19_27,642
LO_L_col_25_13,641
LO_R_col_11_21,641
ME_L_col_03_10,641
LO_R_col_12_24,641
LO_L_col_09_11,641
LO_R_col_09_20,641
LO_R_col_18_31,641
LO_R_col_11_24,641
LO_L_col_11_10,641
LO_L_col_31_24,641
LO_L_col_28_17,641
LO_R_col_31_22,641
LO_L_col_22_29,640
LO_R_col_27_15,640
LO_R_col_11_20,640
LO_L_col_18_30,640
LO_L_col_20_14,640
LO_L_col_19_25,640
LO_R_col_09_23,639
LO_R_col_17_29,639
LO_L_col_18_24,639
LO_L_col_24_12,638
LO_L_col_10_07,638
LO_L_col_27_28,638
LO_L_col_10_22,638
LO_R_col_25_32,638
LO_L_col_10_20,638
LO_L_col_10_12,638
LO_R_col_28_31,638
LO_R_col_15_26,637
LO_L_col_08_08,637
LO_R_col_07_10,637
LO_R_col_15_23,637
LO_R_col_27_31,637
LO_L_col_21_30,637
LO_R_col_31_31,637
LO_L_col_21_27,637
LO_R_col_21_32,636
LO_R_col_06_05,636
LO_L_col_10_21,635
ME_R_col_04_05,635
LO_L_col_09_14,635
LO_R_col_20_30,635
LO_L_col_14_21,635
LO_R_col_13_25,634
LO_R_col_12_25,634
LO_L_col_29_20,634
LO_L_col_19_26,634
LO_R_col_06_06,634
ME_R_col_32_19,634
LO_R_col_09_03,634
LO_L_col_22_24,633
LO_R_col_09_22,633
LO_L_col_12_26,633
LO_L_col_28_18,633
LO_L_col_18_27,633
ME_L_col_08_02,633
LO_L_col_23_30,632
LO_R_col_17_30,632
LO_R_col_25_13,632
LO_L_col_16_25,632
LO_R_col_29_30,632
LO_R_col_07_14,631
LO_L_col_11_24,631
LO_L_col_10_19,631
LO_L_col_28_23,631
LO_R_col_25_31,631
LO_R_col_06_13,631
LO_R_col_15_05,631
ME_R_col_35_27,631
LO_L_col_19_31,631
LO_L_col_26_28,631
LO_R_col_06_11,631
LO_R_col_10_08,631
LO_R_col_07_11,630
LO_R_col_10_19,630
LO_R_col_32_28,630
ME_L_col_34_35,630
LO_L_col_22_30,630
ME_L_col_06_21,630
ME_R_col_30_16,630
LO_R_col_16_24,630
LO_R_col_16_27,630
LO_L_col_15_26,629
LO_L_col_12_23,629
LO_L_col_11_15,629
LO_L_col_21_28,629
LO_R_col_31_24,628
LO_L_col_29_28,628
LO_L_col_10_10,628
LO_L_col_10_05,628
LO_L_col_20_30,628
LO_L_col_30_31,627
ME_R_col_03_13,627
LO_L_col_27_24,627
LO_R_col_28_32,627
LO_R_col_13_26,626
LO_L_col_12_20,626
LO_L_col_14_02,626
LO_R_col_08_10,626
LO_L_col_18_25,626
LO_L_col_13_02,626
LO_R_col_10_21,626
LO_L_col_25_27,626
LO_L_col_10_16,625
LO_L_col_12_04,625
LO_R_col_15_24,625
LO_L_col_18_06,625
LO_L_col_20_08,625
LO_L_col_27_21,625
LO_L_col_22_09,624
LO_L_col_10_15,624
LO_L_col_29_27,624
ME_R_col_33_37,624
LO_L_col_08_10,624
LO_L_col_10_08,624
LO_L_col_23_11,624
ME_R_col_05_18,623
LO_L_col_27_15,623
LO_R_col_20_28,623
LO_L_col_12_24,623
LO_L_col_31_27,623
LO_R_col_11_26,622
LO_L_col_16_27,622
LO_R_col_10_20,622
LO_L_col_09_09,622
ME_L_col_35_28,622
LO_L_col_12_21,622
ME_R_col_05_20,621
LO_L_col_16_05,621
LO_L_col_17_24,621
LO_L_col_28_24,621
LO_R_col_14_24,621
LO_R_col_09_18,621
LO_R_col_06_15,621
LO_R_col_10_25,621
LO_R_col_12_27,621
ME_L_col_03_11,621
LO_R_col_09_21,621
LO_L_col_19_07,621
LO_L_col_25_31,621
LO_R_col_27_33,620
LO_R_col_14_29,620
ME_R_col_34_23,620
LO_R_col_06_09,620
LO_R_col_27_32,620
LO_L_col_11_23,620
ME_L_col_24_09,619
ME_R_col_33_21,619
ME_L_col_12_02,619
LO_R_col_18_05,619
LO_L_col_12_27,619
ME_R_col_08_02,618
LO_L_col_17_28,618
LO_R_col_29_32,618
LO_L_col_19_24,618
LO_R_col_32_26,618
LO_R_col_31_32,618
LO_R_col_22_33,618
LO_L_col_26_31,618
LO_L_col_07_18,617
LO_R_col_23_33,617
LO_R_col_08_17,617
LO_L_col_11_05,617
LO_R_col_31_21,617
LO_L_col_17_06,616
LO_L_col_12_25,616
ME_L_col_20_35,616
ME_R_col_31_38,616
LO_L_col_30_20,616
LO_R_col_32_30,616
LO_R_col_11_03,616
LO_R_col_22_32,615
LO_L_col_09_16,615
ME_R_col_10_29,615
LO_L_col_25_14,615
LO_L_col_11_22,615
ME_L_col_31_37,614
ME_L_col_10_02,614
LO_L_col_08_06,614
ME_R_col_03_06,614
ME_R_col_12_02,614
LO_R_col_14_28,613
LO_L_col_31_28,613
LO_R_col_32_29,613
LO_L_col_18_04,613
ME_R_col_05_19,612
LO_L_col_09_23,612
LO_L_col_25_11,612
LO_L_col_24_31,612
LO_R_col_05_08,612
LO_R_col_19_07,612
LO_R_col_10_26,612
LO_L_col_19_28,612
LO_R_col_31_23,612
LO_L_col_18_31,611
LO_R_col_23_31,611
LO_R_col_08_21,611
LO_R_col_15_27,611
LO_R_col_08_20,611
LO_R_col_28_17,611
LO_L_col_29_23,611
LO_L_col_24_11,610
LO_R_col_08_15,610
LO_R_col_24_32,610
LO_R_col_23_10,610
LO_L_col_17_26,610
NO,610
ME_L_col_35_33,610
LO_L_col_20_07,609
LO_L_col_23_16,609
LO_L_col_13_28,609
LO_L_col_17_27,609
LO_R_col_24_11,609
LO_L_col_18_28,609
LO_L_col_07_07,609
LO_L_col_21_08,609
LO_L_col_15_05,609
LO_L_col_19_32,609
ME_L_col_32_20,608
LO_L_col_14_04,607
LO_L_col_22_08,607
LO_R_col_27_14,607
LO_R_col_17_31,607
LO_R_col_26_34,606
LO_L_col_21_29,606
LO_R_col_30_30,606
ME_R_col_04_16,606
LO_R_col_32_31,606
ME_R_col_26_38,605
LO_R_col_13_28,605
LO_L_col_30_21,605
LO_R_col_31_30,605
LO_L_col_17_25,604
LO_L_col_31_25,604
LO_L_col_11_26,603
LO_L_col_15_23,603
LO_L_col_07_06,603
LO_L_col_08_13,603
LO_L_col_14_28,603
LO_R_col_05_07,602
LO_R_col_26_33,602
LO_R_col_13_03,602
ME_L_col_06_03,602
ME_L_col_35_27,602
LO_L_col_16_24,601
ME_L_col_16_33,600
LO_L_col_17_30,600
LO_R_col_07_16,600
LO_R_col_09_24,600
LO_R_col_12_21,599
LO_R_col_30_22,599
LO_L_col_07_09,599
ME_L_col_14_32,598
LO_R_col_30_20,598
LO_R_col_15_31,598
LO_L_col_07_08,598
LO_R_col_15_29,598
LO_R_col_28_33,597
LO_L_col_13_04,597
LO_R_col_07_17,597
ME_L_col_04_15,597
LO_L_col_29_29,596
LO_R_col_17_05,596
LO_L_col_20_29,596
LO_L_col_08_15,596
LO_L_col_19_29,596
LO_L_col_09_04,596
LO_L_col_09_05,596
ME_L_col_33_36,595
LO_L_col_28_30,595
LO_R_col_14_03,595
ME_R_col_31_17,595
LO_R_col_05_09,595
LO_R_col_05_10,595
LO_L_col_27_32,595
LO_L_col_24_27,595
LO_L_col_31_31,595
LO_R_col_28_34,594
LO_R_col_29_34,594
LO_L_col_09_12,594
ME_R_col_13_02,594
LO_R_col_07_04,594
LO_R_col_08_18,594
LO_R_col_08_22,594
LO_L_col_16_30,594
LO_L_col_31_29,594
LO_R_col_05_06,594
ME_L_col_29_15,594
ME_R_col_07_24,593
LO_R_col_21_31,593
LO_L_col_18_26,593
LO_L_col_19_06,592
ME_R_col_04_04,592
LO_L_col_09_19,592
LO_L_col_29_19,592
LO_R_col_32_25,592
LO_L_col_32_29,592
LO_L_col_07_14,592
ME_R_col_35_35,592
LO_L_col_08_14,591
LO_R_col_20_08,591
LO_R_col_30_33,591
LO_R_col_21_08,591
LO_L_col_13_24,591
LO_L_col_08_12,591
LO_L_col_27_13,591
LO_L_col_23_10,591
LO_L_col_28_29,590
LO_R_col_06_14,590
LO_L_col_12_03,590
LO_R_col_20_32,590
LO_L_col_14_24,590
LO_R_col_11_27,589
LO_L_col_11_04,589
LO_L_col_26_34,589
LO_L_col_31_30,588
LO_R_col_08_19,588
LO_R_col_06_08,588
LO_R_col_11_28,588
LO_L_col_07_12,588
LO_L_col_18_29,588
ME_R_col_35_26,587
LO_R_col_08_03,587
ME_R_col_27_12,586
LO_L_col_32_24,586
LO_R_col_25_34,586
LO_R_col_07_20,586
LO_L_col_25_35,586
LO_R_col_12_28,586
ME_L_col_03_07,586
LO_L_col_17_05,585
LO_R_col_32_24,585
LO_L_col_31_26,585
ME_R_col_07_02,585
LO_L_col_13_29,585
ME_L_col_18_34,585
LO_L_col_24_30,584
ME_R_col_18_04,584
LO_L_col_08_05,584
LO_R_col_33_29,584
LO_R_col_16_30,584
LO_R_col_24_33,584
LO_L_col_30_27,584
LO_R_col_06_04,584
LO_R_col_13_29,583
LO_L_col_25_12,583
LO_L_col_11_21,583
ME_R_col_16_03,583
LO_R_col_33_30,583
LO_L_col_08_16,583
LO_L_col_15_28,583
LO_L_col_09_17,582
ME_L_col_33_22,582
LO_R_col_22_31,582
LO_L_col_22_31,581
LO_L_col_07_15,581
LO_L_col_06_10,581
LO_R_col_15_28,581
LO_L_col_06_07,580
LO_L_col_07_19,580
LO_R_col_27_34,580
LO_R_col_04_08,580
LO_L_col_10_24,580
LO_L_col_08_04,579
LO_R_col_23_09,579
LO_L_col_07_11,579
LO_R_col_05_04,579
LO_L_col_28_32,578
ME_L_col_34_25,578
LO_L_col_30_32,578
LO_L_col_08_17,577
LO_L_col_17_32,577
LO_L_col_28_33,576
LO_L_col_15_25,576
LO_L_col_29_32,576
ME_R_col_25_10,576
LO_L_col_09_15,576
LO_L_col_08_21,576
LO_L_col_27_33,576
LO_R_col_32_23,576
LO_L_col_21_34,575
LO_L_col_19_30,575
LO_R_col_06_12,575
LO_L_col_23_31,574
LO_L_col_15_04,574
LO_L_col_13_03,574
LO_L_col_08_19,574
LO_L_col_09_20,574
LO_L_col_17_31,574
LO_L_col_14_29,574
LO_L_col_16_31,573
LO_R_col_11_02,573
LO_L_col_15_30,573
ME_R_col_06_21,572
LO_L_col_32_28,572
LO_R_col_31_33,571
LO_R_col_29_17,571
LO_L_col_21_31,571
LO_L_col_09_03,571
LO_L_col_22_33,571
LO_L_col_07_10,571
LO_R_col_05_11,571
LO_R_col_16_31,571
LO_R_col_25_12,570
ME_L_col_03_12,570
LO_L_col_25_34,570
LO_L_col_32_30,570
LO_L_col_08_11,570
LO_L_col_24_32,569
LO_L_col_15_29,569
ME_L_col_07_02,569
LO_R_col_26_13,569
LO_R_col_21_33,569
LO_R_col_33_28,568
LO_L_col_30_30,568
LO_L_col_29_18,568
LO_L_col_27_31,568
LO_L_col_06_09,568
LO_R_col_07_03,568
LO_R_col_06_18,568
ME_L_col_04_05,568
LO_L_col_13_07,568
LO_R_col_25_33,567
ME_R_col_23_08,567
LO_R_col_05_05,567
LO_L_col_33_30,566
LO_L_col_26_35,566
LO_L_col_10_26,566
LO_R_col_19_32,566
LO_L_col_05_07,566
LO_L_col_29_17,566
LO_L_col_30_28,566
LO_L_col_15_31,566
LO_R_col_23_32,566
LO_R_col_30_18,565
LO_L_col_14_03,565
LO_L_col_06_08,565
ME_R_col_02_08,565
LO_L_col_29_33,565
LO_R_col_29_33,564
LO_L_col_07_16,564
LO_L_col_18_32,564
LO_L_col_15_02,564
LO_R_col_09_25,564
LO_L_col_10_03,563
LO_R_col_10_02,563
LO_L_col_11_03,563
LO_R_col_06_16,563
LO_L_col_32_25,563
ME_R_col_26_11,562
LO_L_col_20_31,562
LO_L_col_08_18,562
LO_R_col_27_35,562
LO_R_col_27_13,562
ME_L_col_08_26,561
LO_R_col_20_33,561
ME_L_col_05_18,561
LO_L_col_25_10,560
LO_R_col_19_06,560
LO_L_col_22_35,560
LO_L_col_07_05,560
LO_L_col_06_13,560
LO_R_col_07_18,560
LO_R_col_30_34,560
LO_R_col_33_31,560
LO_L_col_05_09,560
LO_L_col_23_33,559
LO_R_col_05_15,559
LO_L_col_04_07,558
LO_L_col_09_18,558
LO_L_col_08_20,558
LO_R_col_12_03,558
LO_R_col_28_16,557
ME_R_col_05_03,557
LO_L_col_32_26,556
LO_L_col_07_17,556
LO_L_col_08_23,556
LO_L_col_07_04,555
LO_R_col_04_09,555
LO_L_col_20_32,555
LO_R_col_29_35,555
ME_R_col_14_02,554
LO_L_col_14_30,554
ME_R_col_24_09,554
LO_R_col_07_21,554
LO_L_col_11_27,554
LO_R_col_15_04,554
ME_R_col_08_26,554
LO_R_col_28_35,553
LO_L_col_32_27,553
LO_L_col_30_29,553
LO_L_col_06_18,553
ME_R_col_02_09,553
LO_R_col_16_04,552
LO_L_col_06_11,552
LO_L_col_22_32,552
LO_L_col_28_16,552
LO_L_col_27_34,552
LO_R_col_23_34,551
LO_R_col_26_35,550
LO_R_col_25_11,550
LO_L_col_17_03,550
LO_L_col_12_28,550
LO_L_col_06_12,549
LO_L_col_06_16,549
LO_R_col_19_33,549
ME_R_col_36_32,548
LO_L_col_06_17,548
LO_L_col_26_32,548
LO_L_col_21_32,548
LO_R_col_18_32,547
LO_L_col_18_05,547
LO_L_col_22_34,546
LO_R_col_20_07,546
ME_L_col_05_03,546
LO_R_col_25_35,545
LO_L_col_27_35,545
LO_L_col_11_28,545
LO_L_col_16_32,545
LO_R_col_08_23,544
ME_L_col_03_06,544
LO_L_col_05_08,544
LO_R_col_17_32,544
LO_L_col_06_06,544
LO_R_col_06_19,543
LO_L_col_05_06,543
ME_L_col_32_37,543
LO_L_col_07_13,543
LO_R_col_09_02,542
LO_L_col_25_32,542
LO_L_col_24_10,542
LO_L_col_05_05,542
LO_L_col_16_04,542
LO_L_col_29_34,542
LO_R_col_32_32,541
LO_L_col_24_34,541
LO_R_col_33_27,541
LO_L_col_08_22,541
LO_L_col_26_12,540
LO_R_col_24_34,539
LO_L_col_06_05,539
LO_R_col_28_14,539
LO_L_col_10_04,539
LO_L_col_10_25,539
LO_R_col_14_31,538
LO_R_col_05_13,538
LO_R_col_34_30,538
LO_R_col_04_07,538
LO_R_col_31_20,538
LO_L_col_17_33,537
LO_L_col_28_34,537
LO_L_col_30_19,537
LO_R_col_05_14,536
LO_L_col_05_10,536
LO_R_col_24_35,535
LO_R_col_30_19,535
ME_R_col_36_31,535
LO_R_col_06_03,534
ME_R_col_06_02,534
LO_L_col_18_33,534
LO_R_col_12_29,534
LO_L_col_23_34,533
LO_R_col_04_10,533
LO_L_col_04_06,533
LO_L_col_26_33,533
LO_R_col_18_33,532
LO_L_col_30_33,532
LO_R_col_22_34,532
LO_L_col_05_04,532
ME_L_col_27_38,532
LO_L_col_25_33,532
LO_R_col_07_19,532
LO_R_col_04_06,532
LO_R_col_13_02,531
LO_L_col_23_32,531
LO_L_col_21_07,531
LO_L_col_20_06,530
LO_R_col_12_02,530
LO_R_col_05_12,529
ME_R_col_21_36,529
LO_L_col_32_33,529
ME_R_col_22_07,529
ME_R_col_23_37,527
LO_L_col_15_03,527
LO_L_col_19_05,527
LO_R_col_04_12,526
LO_L_col_19_33,526
ME_R_col_11_30,525
LO_L_col_24_33,525
LO_L_col_07_03,525
ME_L_col_02_09,524
LO_L_col_27_12,524
LO_L_col_07_20,523
LO_R_col_21_07,521
LO_R_col_14_02,520
LO_R_col_32_33,520
ME_R_col_03_14,519
LO_L_col_12_02,519
LO_L_col_30_18,519
ME_R_col_21_06,518
ME_R_col_03_05,518
ME_L_col_29_38,518
LO_L_col_06_04,517
LO_R_col_21_34,517
LO_R_col_23_35,517
LO_L_col_26_36,517
ME_R_col_17_34,516
LO_L_col_32_31,515
LO_L_col_31_22,515
LO_L_col_09_24,515
LO_R_col_30_17,515
LO_L_col_21_33,514
LO_L_col_28_15,514
LO_L_col_20_34,513
LO_L_col_17_04,513
LO_R_col_04_11,513
ME_L_col_11_30,512
ME_L_col_30_16,512
ME_R_col_15_33,512
LO_L_col_11_29,512
LO_L_col_05_11,512
ME_R_col_02_07,511
ME_L_col_02_08,511
LO_L_col_20_05,511
ME_L_col_15_02,510
LO_L_col_32_32,510
LO_R_col_11_01,509
LO_R_col_03_08,509
ME_L_col_34_36,509
ME_L_col_35_34,509
LO_R_col_33_25,509
ME_R_col_09_28,509
LO_L_col_31_32,509
LO_L_col_13_01,509
LO_L_col_11_02,509
LO_L_col_08_03,509
LO_L_col_15_32,508
LO_L_col_30_34,508
ME_L_col_03_13,508
LO_R_col_24_10,508
ME_R_col_36_33,508
LO_L_col_06_15,508
LO_L_col_16_03,508
LO_R_col_28_15,507
ME_R_col_35_25,507
LO_L_col_20_33,507
LO_L_col_31_21,507
ME_L_col_28_38,507
ME_R_col_04_17,507
LO_R_col_30_35,507
LO_L_col_07_21,506
LO_R_col_08_24,505
LO_L_col_05_17,505
LO_L_col_06_14,505
LO_R_col_06_17,505
LO_R_col_33_26,505
LO_L_col_18_34,505
LO_L_col_12_29,505
LO_L_col_28_35,505
LO_R_col_31_34,504
LO_R_col_07_02,504
LO_R_col_15_03,504
LO_L_col_09_25,504
LO_R_col_22_08,503
ME_R_col_32_38,503
LO_R_col_04_13,503
LO_R_col_17_04,502
ME_R_col_02_10,501
LO_L_col_05_15,500
LO_L_col_25_36,500
LO_R_col_34_29,500
LO_L_col_33_31,500
LO_L_col_10_02,500
LO_L_col_33_29,500
LO_R_col_27_36,500
LO_L_col_34_30,499
LO_L_col_04_08,499
LO_R_col_04_14,498
LO_R_col_26_36,498
LO_R_col_13_30,497
LO_L_col_27_36,497
LO_L_col_33_26,497
LO_L_col_28_14,497
LO_R_col_32_34,497
LO_R_col_04_04,496
LO_R_col_29_36,496
LO_R_col_06_02,496
LO_L_col_33_22,495
LO_R_col_10_27,495
LO_R_col_04_05,494
LO_L_col_07_02,494
LO_R_col_06_20,494
LO_R_col_16_32,493
LO_R_col_26_12,493
LO_L_col_33_27,493
LO_L_col_26_13,493
LO_R_col_33_32,493
LO_R_col_18_04,493
LO_R_col_05_16,492
ME_L_col_24_37,492
LO_L_col_24_35,492
ME_L_col_04_16,492
LO_L_col_23_09,492
ME_R_col_19_35,491
ME_R_col_02_11,491
LO_R_col_15_32,491
LO_R_col_33_23,490
ME_R_col_36_34,489
LO_R_col_31_19,489
LO_L_col_21_35,488
ME_R_col_12_31,488
LO_L_col_09_02,488
LO_L_col_33_25,488
LO_L_col_05_13,486
LO_L_col_05_12,485
LO_R_col_24_36,485
ME_R_col_20_05,485
LO_R_col_31_35,485
LO_R_col_22_35,485
ME_R_col_28_13,484
LO_L_col_19_34,484
LO_R_col_28_36,484
LO_R_col_32_20,484
LO_L_col_04_12,483
LO_R_col_03_07,482
LO_R_col_34_31,482
LO_R_col_25_36,482
LO_R_col_32_22,482
LO_R_col_34_28,481
LO_R_col_08_02,481
ME_L_col_22_36,480
ME_L_col_32_19,480
LO_L_col_30_17,479
LO_L_col_12_30,479
LO_L_col_34_26,479
ME_R_col_10_01,479
LO_L_col_05_14,479
LO_L_col_31_33,478
LO_R_col_09_26,477
LO_L_col_08_02,476
LO_L_col_31_20,475
ME_R_col_34_22,474
LO_L_col_28_36,474
LO_L_col_29_35,473
ME_R_col_33_20,473
ME_R_col_36_30,472
LO_R_col_33_24,472
LO_L_col_05_16,472
LO_R_col_32_21,472
LO_L_col_33_23,471
LO_R_col_03_09,471
LO_L_col_06_03,471
LO_L_col_29_16,471
LO_L_col_10_27,470
ME_L_col_34_24,470
LO_R_col_20_34,469
ME_R_col_09_01,469
LO_L_col_33_32,469
LO_L_col_34_28,468
ME_R_col_06_22,468
LO_R_col_15_02,468
ME_R_col_13_32,467
LO_L_col_13_31,467
LO_R_col_33_33,467
LO_L_col_07_22,467
LO_L_col_32_23,466
LO_L_col_30_35,465
LO_L_col_14_31,465
ME_L_col_02_10,465
LO_L_col_13_30,464
ME_L_col_10_29,464
ME_R_col_32_18,463
LO_L_col_04_13,463
LO_L_col_23_35,463
LO_R_col_03_10,462
LO_L_col_26_11,461
LO_L_col_21_06,461
LO_L_col_24_36,460
LO_L_col_04_11,458
LO_R_col_16_03,458
ME_R_col_29_39,457
LO_L_col_35_28,456
LO_L_col_33_24,455
LO_R_col_34_27,455
ME_R_col_30_15,455
LO_R_col_19_34,455
LO_L_col_30_36,454
ME_R_col_29_14,453
ME_L_col_30_38,453
LO_L_col_35_27,452
LO_L_col_16_33,452
ME_L_col_26_11,452
LO_R_col_22_07,452
LO_L_col_31_34,452
LO_R_col_20_06,451
ME_R_col_11_01,450
LO_L_col_04_05,450
LO_L_col_04_10,450
LO_L_col_31_19,449
LO_L_col_27_37,448
LO_L_col_08_24,448
LO_L_col_33_33,447
ME_L_col_35_35,447
LO_L_col_31_36,447
LO_R_col_17_33,446
ME_R_col_12_01,446
ME_R_col_25_38,445
LO_R_col_34_33,445
LO_R_col_17_03,444
LO_L_col_04_09,444
LO_R_col_29_16,444
ME_L_col_31_17,444
ME_R_col_30_39,443
ME_R_col_36_29,443
LO_R_col_33_22,443
LO_R_col_25_10,443
ME_R_col_34_37,442
LO_L_col_32_22,442
LO_L_col_32_34,442
LO_L_col_03_08,441
LO_R_col_05_03,441
LO_L_col_32_21,439
LO_L_col_34_27,439
ME_R_col_35_36,439
LO_R_col_34_26,439
ME_L_col_17_03,438
LO_L_col_04_14,436
LO_L_col_23_37,436
LO_L_col_12_01,436
LO_R_col_13_31,435
LO_R_col_34_32,435
LO_R_col_20_05,435
LO_L_col_17_34,434
LO_R_col_29_37,434
ME_L_col_06_02,433
LO_L_col_31_35,433
LO_R_col_05_18,433
LO_R_col_31_18,433
LO_L_col_26_37,433
LO_R_col_23_36,433
LO_R_col_24_09,433
LO_L_col_34_31,433
LO_R_col_32_35,432
ME_R_col_17_03,432
LO_L_col_09_26,432
LO_L_col_30_16,431
LO_L_col_06_19,431
LO_L_col_29_37,431
LOP_R_col_17_19,430
LO_R_col_28_13,430
LO_R_col_13_01,429
LO_L_col_23_08,429
LO_R_col_35_30,428
LO_R_col_26_37,428
LO_L_col_03_06,428
LO_R_col_19_05,428
LO_L_col_25_37,427
LO_L_col_19_35,427
ME_L_col_33_21,427
LO_L_col_23_36,427
LO_R_col_35_29,426
LO_L_col_32_35,426
LO_L_col_34_25,426
LO_R_col_28_37,426
LO_R_col_03_11,425
LO_L_col_35_29,425
LO_R_col_27_37,425
LO_L_col_22_07,424
ME_L_col_13_01,424
ME_R_col_04_18,424
LO_L_col_29_36,423
LO_R_col_07_22,423
LO_R_col_21_35,423
LO_R_col_30_36,421
LO_R_col_07_01,420
ME_L_col_07_24,419
LO_R_col_31_17,419
LO_R_col_12_01,418
LO_L_col_06_20,417
LO_L_col_34_32,417
LOP_R_col_17_16,416
ME_L_col_33_37,415
ME_L_col_36_30,415
LO_R_col_10_01,415
LO_R_col_09_01,415
LO_L_col_28_37,414
LO_R_col_12_30,414
LO_R_col_33_34,414
ME_R_col_03_15,414
ME_L_col_09_28,413
LO_R_col_33_35,413
LO_R_col_23_08,413
LO_R_col_11_29,412
LO_L_col_33_34,412
LO_R_col_31_36,411
ME_R_col_36_35,411
LOP_R_col_22_16,410
LO_L_col_33_35,410
LOP_L_col_13_06,410
LO_L_col_20_35,409
LO_L_col_33_28,409
LO_L_col_03_10,409
LO_L_col_03_07,409
LO_R_col_30_37,408
LO_L_col_05_03,406
ME_L_col_23_08,406
LO_L_col_03_11,406
ME_R_col_35_24,405
LO_R_col_03_06,405
ME_L_col_20_05,405
LOP_R_col_18_10,404
LOP_R_col_13_15,404
LO_L_col_24_09,404
LO_L_col_31_18,404
LOP_R_col_16_11,403
LO_R_col_03_12,402
LO_R_col_35_33,402
ME_R_col_04_03,402
ME_L_col_36_31,402
LO_L_col_09_27,402
LO_R_col_34_25,401
LO_L_col_34_29,401
ME_R_col_36_28,400
LO_L_col_08_26,400
ME_R_col_28_39,400
LO_R_col_10_28,400
LO_R_col_25_37,396
ME_R_col_33_38,396
LO_L_col_04_04,395
LO_L_col_22_36,395
LOP_R_col_25_24,395
LO_L_col_32_20,394
LO_L_col_04_15,394
ME_L_col_36_29,394
LO_R_col_35_28,394
LOP_R_col_13_26,393
LOP_R_col_16_12,393
ME_R_col_02_06,391
BU(R),391
LO_L_col_10_28,390
LOP_L_col_17_09,390
LO_L_col_03_05,390
LO_L_col_03_12,390
LO_R_col_35_27,390
LOP_R_col_14_06,389
ME_R_col_08_01,389
LOP_L_col_21_10,388
ME_L_col_36_32,388
LO_R_col_34_34,388
LO_R_col_26_11,388
ME_R_col_27_39,387
LO_L_col_06_02,387
ME_L_col_04_04,387
LO_L_col_15_33,385
ME_L_col_11_01,385
LO_R_col_04_15,385
LOP_R_col_11_05,384
LOP_R_col_26_18,384
LOP_L_col_14_12,384
LOP_R_col_13_12,384
LO_L_col_11_01,384
LOP_L_col_21_11,383
ME_L_col_19_04,383
LO_L_col_05_18,382
LOP_R_col_14_07,382
ME_L_col_27_12,380
LOP_L_col_19_14,380
LOP_R_col_14_09,380
ME_L_col_28_13,380
LOP_L_col_15_06,380
LOP_R_col_17_11,380
ME_R_col_05_02,380
LO_L_col_24_37,379
LOP_R_col_13_14,379
LOP_R_col_19_08,378
LOP_R_col_20_15,378
ME_R_col_15_02,378
LOP_L_col_21_14,378
ME_R_col_07_01,378
ME_R_col_33_19,378
LOP_R_col_16_07,378
LOP_R_col_30_29,377
LO_R_col_02_08,377
ME_L_col_32_18,376
LOP_L_col_18_09,376
LO_L_col_27_38,376
LOP_R_col_19_14,376
LOP_R_col_16_20,375
ME_L_col_33_19,375
LOP_R_col_22_12,375
ME_L_col_05_02,375
LOP_R_col_15_09,375
LO_R_col_05_19,375
LO_L_col_03_09,375
LOP_R_col_20_14,375
LOP_R_col_17_10,375
LOP_L_col_18_10,375
LOP_L_col_15_08,374
LOP_R_col_15_12,374
LO_L_col_35_30,374
LO_L_col_32_36,374
LO_R_col_32_36,374
ME_R_col_36_27,373
LO_R_col_05_17,373
LO_L_col_33_21,373
LO_R_col_29_15,373
LOP_R_col_19_07,372
LOP_R_col_16_18,372
LOP_L_col_16_10,372
LOP_R_col_14_08,372
LOP_R_col_20_26,372
LOP_L_col_17_10,371
LO_L_col_32_19,371
LOP_R_col_16_19,370
LOP_R_col_15_19,370
LOP_R_col_21_16,370
LOP_R_col_16_15,370
LOP_R_col_12_14,370
LOP_R_col_26_23,370
LOP_R_col_23_11,369
ME_R_col_02_12,369
LOP_R_col_23_19,368
LOP_L_col_17_18,368
LOP_R_col_08_08,368
LOP_R_col_11_07,368
LO_R_col_31_37,368
LOP_R_col_12_15,367
LO_L_col_14_32,367
ME_L_col_06_22,367
LOP_R_col_20_23,367
ME_L_col_10_01,367
LOP_L_col_11_07,367
LOP_R_col_23_12,367
LOP_R_col_25_15,367
LO_R_col_08_25,366
LOP_R_col_18_17,366
ME_L_col_03_05,366
LOP_R_col_05_12,366
LO_L_col_30_37,366
LOP_R_col_11_08,366
LOP_R_col_28_26,366
LOP_R_col_08_05,366
LO_R_col_03_05,365
LO_L_col_34_24,365
ME_R_col_31_16,365
LO_L_col_04_03,365
ME_L_col_21_06,364
ME_R_col_03_04,364
LOP_R_col_26_15,364
LO_R_col_34_22,364
LOP_R_col_26_22,364
LO_L_col_05_02,363
LO_R_col_29_38,363
ME_L_col_02_07,363
LOP_L_col_17_11,362
LO_L_col_31_37,362
LO_L_col_29_38,362
LO_R_col_18_34,362
ME_R_col_01_07,361
LOP_R_col_17_09,361
ME_R_col_31_39,361
LOP_L_col_18_15,361
LO_R_col_22_36,361
LOP_R_col_21_12,360
LOP_R_col_28_20,360
LO_R_col_30_16,360
LOP_R_col_24_18,360
LO_R_col_14_32,359
LO_L_col_03_13,359
LO_R_col_06_21,359
LO_L_col_35_24,359
LO_R_col_08_01,358
LOP_R_col_24_24,358
LOP_L_col_14_10,358
LO_R_col_32_19,358
LO_R_col_21_06,358
LOP_R_col_15_18,358
LOP_R_col_25_25,358
LO_L_col_10_01,358
LOP_L_col_17_14,358
LOP_L_col_15_11,358
LO_R_col_33_20,357
LOP_R_col_17_23,357
LOP_R_col_19_20,357
LOP_R_col_21_13,357
LOP_R_col_12_19,357
LOP_R_col_24_16,356
LOP_R_col_20_13,356
LO_R_col_34_35,356
LOP_L_col_18_11,356
LO_L_col_34_33,356
LOP_L_col_20_15,356
LOP_L_col_20_14,356
LOP_L_col_15_17,356
LOP_R_col_23_18,355
LOP_R_col_18_14,355
ME_R_col_13_01,355
LOP_R_col_19_13,355
LOP_L_col_25_19,355
LOP_R_col_17_22,355
LO_L_col_34_23,355
LOP_L_col_13_07,355
LO_R_col_33_36,355
LO_L_col_02_10,355
LO_L_col_35_31,354
LOP_R_col_20_16,354
LO_L_col_31_17,354
LOP_R_col_22_18,354
LOP_R_col_14_10,354
LOP_R_col_29_20,353
LOP_R_col_20_10,353
LOP_L_col_16_23,353
LOP_L_col_29_22,353
LO_R_col_34_24,352
LOP_R_col_14_27,352
LOP_R_col_20_12,352
LO_R_col_07_23,352
LOP_L_col_29_19,352
LOP_L_col_30_18,351
LOP_R_col_20_11,351
LOP_R_col_13_18,351
LOP_R_col_21_09,351
LOP_L_col_18_16,351
ME_R_col_06_01,350
LO_R_col_33_21,350
ME_L_col_36_33,350
LOP_R_col_15_07,350
LOP_R_col_13_10,350
LOP_L_col_25_15,350
LO_L_col_07_24,350
LOP_L_col_24_15,350
LOP_R_col_23_14,349
LO_R_col_32_37,349
LO_R_col_35_32,349
LOP_R_col_10_09,349
LOP_L_col_12_07,349
LOP_L_col_20_11,348
LOP_R_col_23_16,348
LOP_R_col_18_18,348
LOP_R_col_18_08,348
LOP_L_col_23_13,348
LOP_R_col_12_10,348
LOP_R_col_22_11,347
LO_R_col_04_16,347
LO_L_col_35_32,347
LOP_L_col_15_05,347
LOP_L_col_22_12,347
LOP_R_col_12_27,346
LOP_R_col_15_10,346
LOP_R_col_17_06,346
LOP_R_col_19_12,346
LOP_R_col_24_25,346
LOP_R_col_13_11,346
LOP_L_col_20_16,345
LOP_R_col_14_11,345
LOP_R_col_14_05,345
LOP_R_col_17_31,345
LOP_R_col_13_22,345
LO_R_col_24_37,345
LOP_L_col_24_14,344
LO_L_col_06_21,344
LOP_L_col_11_10,344
ME_R_col_27_11,344
LOP_R_col_16_17,344
LOP_L_col_10_10,344
LO_R_col_31_16,344
LOP_L_col_23_12,344
LOP_L_col_15_09,344
LOP_R_col_30_23,343
LOP_R_col_07_15,343
LOP_R_col_14_23,343
ME_R_col_02_05,343
LOP_L_col_19_09,343
LOP_R_col_29_24,343
LOP_L_col_21_16,343
LOP_R_col_22_19,343
LOP_R_col_17_26,343
LOP_L_col_23_18,343
LOP_R_col_05_08,342
LOP_L_col_22_16,342
LOP_R_col_11_20,342
LOP_L_col_09_04,342
LOP_R_col_20_17,342
LOP_R_col_16_26,342
LO_R_col_35_31,342
ME_L_col_22_07,342
LOP_R_col_18_15,342
LO_L_col_29_15,342
LOP_R_col_10_24,341
LOP_L_col_27_19,341
LOP_R_col_23_32,341
LOP_L_col_16_16,341
LOP_R_col_15_08,340
LO_R_col_35_26,340
LOP_L_col_19_17,340
LO_L_col_09_01,340
LOP_R_col_15_16,340
LOP_R_col_22_21,340
LOP_R_col_28_24,340
LOP_R_col_17_17,340
LOP_R_col_12_07,339
LO_L_col_28_38,339
ME_L_col_03_14,339
LOP_L_col_26_17,339
LOP_R_col_18_12,338
LOP_L_col_16_15,338
LOP_L_col_26_16,338
LOP_L_col_12_19,338
LOP_R_col_20_18,338
LOP_L_col_12_12,338
LOP_L_col_15_12,338
LOP_R_col_08_16,338
LOP_L_col_15_16,337
LOP_R_col_22_15,337
LOP_L_col_18_22,337
LO_R_col_31_38,337
LOP_R_col_26_28,337
LOP_R_col_14_13,337
LO_R_col_27_38,336
LOP_R_col_21_18,336
LOP_L_col_20_09,336
LO_R_col_02_07,336
LOP_R_col_08_03,336
LOP_R_col_24_19,336
LOP_R_col_25_20,336
LOP_L_col_17_17,336
LOP_R_col_20_09,336
LOP_R_col_18_06,336
LOP_L_col_23_16,336
LOP_R_col_11_14,335
LOP_R_col_20_19,335
LOP_L_col_21_13,335
LOP_R_col_21_14,335
LOP_R_col_07_08,335
LOP_R_col_12_11,335
LO_R_col_02_09,335
LOP_R_col_22_17,335
LOP_R_col_26_21,335
LOP_R_col_27_16,335
LOP_R_col_19_11,335
LOP_R_col_18_11,335
LOP_R_col_13_09,334
ME_R_col_34_21,334
LOP_R_col_07_07,334
LOP_R_col_23_21,334
LOP_R_col_16_21,334
LOP_L_col_23_20,334
LOP_L_col_31_25,334
LOP_L_col_18_18,334
LOP_R_col_16_23,334
LOP_L_col_15_28,334
LOP_R_col_05_09,334
LO_L_col_13_32,334
LOP_R_col_10_22,334
LOP_R_col_28_18,334
LO_L_col_02_08,334
LOP_R_col_28_23,333
LOP_L_col_13_08,333
LOP_R_col_07_06,333
LOP_R_col_23_20,333
LOP_R_col_11_23,333
LO_L_col_36_28,333
LOP_R_col_19_30,332
LOP_L_col_27_17,332
LOP_R_col_17_15,332
LOP_L_col_28_24,332
LOP_L_col_15_27,332
LOP_R_col_16_25,332
LOP_R_col_15_17,332
LOP_L_col_17_12,332
LOP_L_col_31_24,332
LOP_R_col_28_19,332
LOP_R_col_10_07,332
LOP_L_col_12_22,331
LOP_R_col_23_10,331
LOP_L_col_06_11,331
LOP_R_col_21_32,331
LOP_L_col_22_13,331
LOP_R_col_22_24,331
LOP_R_col_23_15,331
LOP_R_col_24_20,331
LO_R_col_28_38,331
LOP_R_col_19_10,330
LOP_R_col_14_16,330
LOP_L_col_20_13,330
LOP_L_col_17_20,330
LOP_R_col_15_24,330
LO_R_col_03_13,330
LO_R_col_34_23,330
LOP_L_col_18_07,330
LOP_R_col_25_16,330
LOP_R_col_14_12,330
LOP_L_col_24_20,329
LOP_R_col_25_23,329
LOP_R_col_14_22,329
LOP_R_col_22_26,329
LOP_R_col_21_24,329
LOP_L_col_16_09,329
LOP_R_col_11_10,329
LOP_R_col_30_30,329
LO_L_col_33_36,329
LO_L_col_21_36,329
LOP_R_col_16_10,329
LOP_L_col_21_22,329
LOP_R_col_11_11,328
LOP_R_col_11_15,328
LOP_R_col_24_11,328
LOP_R_col_23_26,328
LO_R_col_16_33,328
LOP_L_col_24_16,328
LOP_L_col_26_18,328
ME_L_col_02_11,328
LOP_L_col_19_16,328
LOP_R_col_16_14,328
LOP_R_col_15_23,328
LOP_L_col_28_25,328
LOP_L_col_16_17,328
ME_L_col_15_33,328
LOP_L_col_12_14,328
LOP_R_col_22_32,328
LOP_R_col_25_17,327
LOP_L_col_19_06,327
LOP_R_col_16_22,327
LOP_R_col_09_08,327
LOP_L_col_16_14,327
LOP_L_col_26_13,327
LOP_R_col_09_16,327
LOP_L_col_19_13,327
LOP_R_col_14_18,327
ME_L_col_35_26,327
LOP_R_col_21_15,327
LO_L_col_02_09,327
LOP_L_col_22_18,326
LOP_R_col_14_25,326
LOP_L_col_12_18,326
LOP_L_col_18_14,326
LOP_R_col_15_06,326
LOP_L_col_25_16,326
ME_L_col_31_38,326
LOP_L_col_23_23,326
LOP_R_col_12_12,325
LOP_R_col_31_23,325
ME_R_col_19_04,325
LOP_R_col_18_13,325
LOP_R_col_17_08,325
LOP_L_col_30_29,325
LOP_R_col_31_27,325
LOP_R_col_12_24,325
LOP_R_col_21_23,324
LOP_R_col_05_14,324
LOP_L_col_23_11,324
LOP_R_col_23_13,324
LOP_L_col_29_24,324
LOP_R_col_19_17,324
LOP_L_col_11_21,324
LOP_L_col_30_24,324
ME_R_col_35_23,324
LOP_R_col_16_27,324
LOP_R_col_17_14,324
LOP_R_col_27_23,324
LOP_L_col_13_05,323
LOP_R_col_29_23,323
LOP_R_col_25_19,323
LOP_R_col_30_27,323
LOP_L_col_16_11,322
ME_R_col_34_38,322
LOP_L_col_18_08,322
LOP_L_col_17_16,322
LO_R_col_35_34,322
LOP_R_col_09_07,322
LOP_R_col_13_06,322
ME_L_col_35_36,322
LOP_L_col_08_06,322
LOP_L_col_14_13,322
LOP_R_col_19_09,322
LOP_R_col_09_12,321
LOP_L_col_22_14,321
LOP_R_col_25_28,321
LOP_R_col_15_26,321
LOP_L_col_17_13,321
LOP_R_col_24_17,321
LOP_L_col_07_08,321
LOP_R_col_11_04,321
LOP_R_col_22_20,321
LOP_L_col_26_21,320
LOP_L_col_11_09,320
LOP_R_col_17_07,320
LOP_R_col_26_13,320
LOP_R_col_17_13,320
LOP_R_col_26_24,320
LOP_L_col_11_20,320
LOP_R_col_12_04,320
LOP_R_col_13_05,320
LOP_R_col_06_17,320
LOP_R_col_10_08,320
LO_L_col_26_38,319
LOP_R_col_08_23,319
LOP_L_col_25_22,319
LO_L_col_12_31,319
LOP_L_col_14_05,319
LOP_L_col_14_11,319
LOP_R_col_31_22,318
LOP_R_col_27_33,318
LOP_L_col_06_06,318
LOP_R_col_07_13,318
LOP_R_col_08_06,318
LOP_R_col_08_22,318
LOP_R_col_31_26,318
ME_R_col_02_13,318
LO_R_col_20_35,318
LOP_R_col_26_16,318
LO_L_col_32_37,318
LOP_L_col_26_23,318
LOP_L_col_14_06,318
LOP_R_col_22_13,318
LOP_L_col_11_04,317
LOP_L_col_16_12,317
LOP_R_col_23_17,317
LOP_R_col_06_12,317
LOP_R_col_18_29,317
LOP_R_col_15_14,317
LOP_R_col_16_09,317
ME_L_col_12_01,317
LOP_R_col_12_30,317
LOP_R_col_11_24,317
LOP_L_col_17_08,316
LOP_L_col_21_26,316
LO_L_col_34_22,316
LOP_R_col_08_18,316
LOP_R_col_10_10,316
LOP_L_col_09_03,316
LOP_R_col_17_28,316
LOP_R_col_14_20,316
LOP_R_col_26_17,316
LOP_R_col_21_26,316
LO_R_col_35_25,316
LOP_L_col_25_20,316
LOP_R_col_30_25,316
LO_L_col_28_13,316
LOP_L_col_20_08,316
LOP_L_col_23_19,316
LOP_R_col_09_23,315
LOP_R_col_09_20,315
ME_L_col_04_03,315
LOP_R_col_12_16,315
LOP_R_col_06_13,315
LOP_L_col_08_07,315
LOP_R_col_10_05,315
LOP_R_col_12_09,315
LOP_L_col_13_14,315
LOP_R_col_28_22,315
LOP_R_col_15_21,315
LO_L_col_30_38,315
LOP_L_col_12_08,314
LOP_R_col_21_19,314
LOP_R_col_29_18,314
LOP_R_col_08_07,314
LOP_R_col_11_22,314
ME_R_col_36_26,314
LOP_R_col_27_21,314
LOP_R_col_24_21,314
LOP_R_col_23_30,314
LOP_L_col_10_11,314
LOP_L_col_13_09,313
LOP_R_col_24_23,313
LOP_R_col_14_19,313
LOP_R_col_12_20,313
LOP_L_col_03_12,313
LOP_L_col_14_28,313
LOP_R_col_31_30,313
LOP_L_col_15_18,313
LOP_L_col_16_07,313
LOP_R_col_17_18,312
LOP_R_col_16_13,312
LOP_R_col_21_25,312
LOP_L_col_16_18,312
LOP_L_col_17_05,312
LOP_L_col_17_15,312
LOP_R_col_22_09,312
LOP_R_col_32_23,312
LOP_L_col_22_09,312
LOP_L_col_13_15,312
LOP_R_col_12_05,312
LOP_R_col_08_15,312
LOP_R_col_08_09,312
LOP_R_col_11_09,312
LOP_L_col_07_07,312
LOP_R_col_13_13,312
ME_L_col_09_01,312
LOP_R_col_10_12,312
LOP_R_col_32_22,312
LOP_R_col_14_26,312
LOP_R_col_27_22,312
LOP_L_col_05_17,311
LOP_R_col_29_19,311
LOP_R_col_09_03,311
LOP_R_col_21_11,311
LOP_L_col_11_24,311
LOP_R_col_27_27,311
LOP_R_col_21_29,311
LOP_L_col_29_26,310
LOP_R_col_21_10,310
LOP_L_col_20_12,310
LO_R_col_27_12,310
LOP_L_col_27_23,310
LOP_L_col_13_23,310
LOP_R_col_31_21,310
LOP_R_col_16_06,310
LOP_R_col_18_22,310
LOP_R_col_28_21,310
LOP_R_col_29_28,310
LOP_R_col_24_14,310
LOP_L_col_23_22,309
LO_L_col_32_18,309
LOP_L_col_26_19,309
LOP_R_col_04_08,309
LOP_L_col_10_19,309
LOP_R_col_05_13,309
ME_L_col_30_15,309
LOP_R_col_19_15,309
LOP_R_col_14_29,309
LOP_R_col_24_22,309
LOP_R_col_19_19,309
LOP_R_col_23_23,308
LOP_L_col_07_17,308
LOP_L_col_21_19,308
LOP_L_col_22_21,308
LOP_L_col_10_20,308
LOP_L_col_13_16,308
LOP_L_col_14_19,308
LOP_L_col_29_29,308
LOP_R_col_25_35,307
LOP_L_col_22_20,307
ME_R_col_01_08,307
LOP_R_col_15_28,307
LOP_R_col_13_08,307
LOP_R_col_11_17,307
LOP_R_col_06_07,307
LOP_L_col_10_22,307
LOP_R_col_25_18,307
LOP_R_col_22_14,307
LOP_R_col_24_29,307
LOP_R_col_14_14,307
LO_L_col_07_23,307
LOP_R_col_17_12,306
LOP_L_col_11_08,306
LO_L_col_08_25,306
LOP_L_col_24_17,306
ME_L_col_12_31,306
LOP_L_col_18_17,306
LOP_L_col_09_02,306
LOP_L_col_14_09,306
LOP_L_col_06_19,306
LOP_R_col_27_28,306
LOP_R_col_26_14,306
LOP_L_col_27_13,306
ME_L_col_26_38,306
LOP_R_col_21_17,306
LOP_R_col_24_28,306
LOP_R_col_03_11,306
LOP_L_col_15_07,305
LOP_R_col_15_25,305
LOP_L_col_24_19,305
LOP_L_col_10_13,305
LOP_R_col_30_22,305
LOP_L_col_16_30,305
LOP_R_col_29_29,305
BU(L),305
LOP_L_col_17_07,305
LO_R_col_33_19,304
LOP_R_col_06_09,304
LOP_L_col_18_19,304
LOP_L_col_22_08,304
LOP_L_col_20_26,304
LOP_L_col_13_18,304
LOP_L_col_29_18,304
LOP_L_col_20_10,304
LO_L_col_33_19,304
LOP_R_col_19_21,304
LOP_R_col_20_22,304
LOP_R_col_26_31,304
LOP_R_col_25_21,304
LOP_L_col_19_21,304
LOP_R_col_19_18,303
LOP_R_col_16_16,303
LOP_R_col_09_04,303
LOP_L_col_27_16,303
LOP_R_col_19_23,303
LOP_L_col_09_15,303
LOP_R_col_10_23,303
LO_R_col_12_31,303
LOP_L_col_06_10,303
LOP_L_col_28_26,303
LOP_L_col_14_18,303
LOP_L_col_20_19,303
LO_R_col_30_38,303
LOP_R_col_18_20,303
LOP_R_col_22_23,303
LOP_L_col_31_23,303
LOP_L_col_08_18,303
LOP_L_col_16_08,303
LOP_R_col_18_31,303
LOP_R_col_23_24,302
LOP_L_col_18_12,302
LOP_L_col_12_15,302
LOP_L_col_13_17,302
LOP_R_col_15_05,302
LOP_L_col_26_24,302
LOP_R_col_18_28,302
LOP_L_col_25_12,302
LOP_L_col_10_06,302
LO_R_col_34_21,302
LOP_L_col_08_08,302
LOP_R_col_11_13,302
LOP_L_col_07_10,302
LOP_R_col_12_13,302
LOP_L_col_10_07,301
LOP_R_col_10_20,301
LOP_R_col_04_11,301
LOP_L_col_27_27,301
LOP_L_col_13_10,301
LOP_L_col_12_11,301
LOP_L_col_07_18,301
LOP_R_col_16_08,301
LOP_L_col_06_08,301
LOP_L_col_20_20,300
LO_R_col_32_38,300
LOP_L_col_09_11,300
LO_L_col_25_38,300
LOP_L_col_27_20,300
LOP_R_col_25_29,300
LOP_L_col_23_21,300
LOP_R_col_32_29,300
LOP_R_col_27_24,300
LOP_L_col_29_25,300
LOP_R_col_10_06,299
LOP_R_col_21_08,299
LOP_R_col_28_17,299
LOP_L_col_30_25,299
LOP_L_col_30_20,299
LOP_R_col_25_12,299
LOP_L_col_15_31,299
LOP_R_col_07_16,299
LOP_R_col_23_29,299
LOP_R_col_23_22,298
LOP_R_col_09_05,298
LOP_L_col_27_15,298
LOP_L_col_19_12,298
LOP_L_col_29_17,298
LOP_L_col_12_05,298
LOP_R_col_15_20,298
LOP_L_col_30_21,298
LOP_L_col_08_17,298
LOP_R_col_24_15,298
LOP_L_col_21_18,298
LOP_R_col_21_33,298
LOP_L_col_21_12,298
LOP_R_col_21_20,298
LOP_L_col_14_25,297
LOP_L_col_28_23,297
LOP_L_col_24_28,297
LOP_L_col_07_16,297
LOP_L_col_09_14,297
LOP_R_col_25_31,297
LOP_R_col_13_07,297
LOP_L_col_30_19,297
LO_R_col_33_37,297
ME_L_col_34_23,297
LOP_R_col_27_17,296
LOP_L_col_10_03,296
LOP_L_col_15_20,296
LOP_R_col_29_31,296
LOP_R_col_06_05,296
LOP_L_col_07_09,296
LOP_L_col_26_20,296
LO_L_col_30_39,296
LOP_L_col_06_04,296
LOP_R_col_14_28,296
LOP_L_col_32_31,296
LO_L_col_28_39,296
LOP_R_col_07_03,296
LOP_L_col_19_10,296
LOP_L_col_25_17,295
LOP_L_col_09_08,295
LOP_R_col_10_16,295
LOP_L_col_16_05,295
LOP_R_col_24_26,295
LOP_R_col_17_29,295
LOP_R_col_13_29,295
LOP_R_col_04_04,295
LOP_L_col_08_09,295
LOP_R_col_18_19,294
LOP_R_col_09_17,294
LOP_L_col_16_20,294
LOP_R_col_03_10,294
LOP_R_col_11_25,294
LOP_L_col_12_17,294
LOP_R_col_25_14,294
LOP_L_col_24_23,294
LO_R_col_34_36,294
LOP_R_col_27_19,294
LOP_R_col_30_17,294
LOP_R_col_15_30,294
LOP_R_col_26_27,294
LOP_L_col_29_28,294
LOP_L_col_13_11,293
LOP_R_col_13_20,293
LO_R_col_26_38,293
LOP_L_col_23_24,293
LOP_R_col_21_34,293
LOP_L_col_19_08,293
LOP_R_col_18_16,293
LO_L_col_34_34,293
LOP_L_col_20_27,293
LOP_L_col_16_25,293
LO_R_col_19_35,293
LOP_R_col_21_27,293
LO_R_col_01_07,293
LOP_L_col_23_10,293
LOP_L_col_21_15,293
LOP_R_col_18_26,293
ME_L_col_04_17,293
LOP_L_col_08_11,292
LOP_L_col_10_08,292
LOP_L_col_17_06,292
LOP_R_col_30_18,292
LOP_R_col_26_26,292
LOP_R_col_04_10,292
LOP_L_col_11_14,292
LOP_R_col_16_24,292
LO_L_col_02_11,292
LOP_L_col_29_23,292
LOP_L_col_20_25,292
LOP_R_col_20_20,292
LOP_R_col_24_30,292
LOP_R_col_15_15,291
LOP_L_col_26_22,291
LOP_R_col_10_17,291
LOP_L_col_14_17,291
LOP_R_col_27_14,291
LOP_L_col_19_15,291
LOP_R_col_28_15,291
LOP_L_col_33_28,291
LOP_R_col_16_28,291
LOP_R_col_33_25,291
ME_L_col_01_08,291
LOP_R_col_29_25,291
LOP_R_col_24_27,291
LOP_R_col_13_16,291
LOP_R_col_08_14,290
LOP_R_col_19_29,290
LOP_R_col_15_11,290
LOP_L_col_17_22,290
LOP_R_col_11_06,290
LOP_L_col_21_09,290
LOP_L_col_16_06,290
LOP_L_col_08_10,290
LOP_L_col_21_17,290
LOP_L_col_11_15,290
ME_L_col_36_28,290
LOP_R_col_20_30,290
LOP_L_col_06_13,290
LOP_R_col_26_20,290
LOP_L_col_30_28,290
LOP_L_col_10_14,290
LOP_R_col_03_07,290
LOP_R_col_10_15,290
LOP_R_col_12_03,290
LOP_L_col_27_24,289
LOP_L_col_28_20,289
LOP_L_col_15_10,289
LOP_R_col_28_28,289
LOP_R_col_08_20,289
LOP_R_col_08_11,289
LOP_L_col_13_13,289
LOP_R_col_26_19,289
LOP_R_col_32_30,289
LOP_L_col_34_28,289
LOP_L_col_11_11,289
LOP_R_col_13_04,289
LOP_R_col_27_20,289
LOP_L_col_14_08,289
LOP_L_col_29_20,289
LOP_R_col_11_21,289
LOP_L_col_07_11,289
LOP_L_col_23_14,289
LOP_L_col_09_19,289
LOP_R_col_12_22,289
LOP_R_col_19_22,289
LOP_R_col_20_21,289
LOP_L_col_18_32,289
LOP_L_col_03_10,289
LO_L_col_03_14,288
LOP_L_col_04_09,288
LOP_R_col_21_22,288
LOP_R_col_23_31,288
LOP_L_col_20_22,288
LOP_R_col_33_27,288
LOP_R_col_28_33,288
LOP_R_col_05_05,288
LOP_R_col_17_05,288
LOP_L_col_09_12,288
LOP_L_col_23_28,288
LOP_R_col_07_12,288
LOP_R_col_04_15,287
LOP_R_col_18_21,287
LOP_L_col_25_27,287
LOP_R_col_19_26,287
LOP_R_col_18_07,287
LOP_L_col_21_24,287
LOP_L_col_04_18,287
LOP_L_col_13_28,287
LOP_R_col_30_19,287
LOP_L_col_13_12,286
LOP_R_col_19_24,286
LOP_R_col_33_31,286
LOP_L_col_10_04,286
LOP_L_col_13_22,286
LO_L_col_06_22,286
LOP_R_col_25_30,285
LOP_R_col_15_13,285
LOP_R_col_22_31,285
LOP_R_col_09_06,285
LOP_L_col_16_28,285
LOP_L_col_16_26,285
LOP_R_col_27_35,285
LOP_R_col_10_13,285
LOP_L_col_22_19,285
LOP_L_col_21_25,285
LOP_R_col_14_15,285
LO_L_col_09_28,285
LOP_L_col_24_24,284
LOP_R_col_21_07,284
LOP_R_col_24_31,284
LOP_L_col_08_22,284
LOP_R_col_03_08,284
LOP_R_col_05_06,284
LOP_L_col_08_14,284
LOP_R_col_12_21,284
LOP_L_col_13_24,284
LOP_R_col_34_27,284
LOP_L_col_14_24,284
LOP_R_col_14_21,284
LOP_R_col_31_32,284
LOP_R_col_22_22,283
LOP_R_col_14_17,283
LOP_L_col_15_14,283
ME_L_col_01_07,283
LOP_L_col_31_21,283
LOP_R_col_17_30,283
LO_L_col_31_16,283
LOP_R_col_09_13,283
LOP_L_col_29_21,283
LOP_L_col_11_18,283
LOP_R_col_24_32,283
LO_R_col_02_11,282
LOP_L_col_08_15,282
LO_R_col_03_14,282
LOP_R_col_06_18,282
LOP_L_col_18_21,282
LOP_R_col_09_09,282
LOP_L_col_31_28,282
LOP_R_col_08_04,282
LOP_L_col_25_21,282
LOP_R_col_21_28,282
LOP_L_col_15_13,282
LOP_L_col_14_15,282
LOP_L_col_22_10,282
LOP_R_col_07_04,282
LOP_L_col_15_22,282
LOP_R_col_12_25,282
LOP_L_col_09_27,282
LOP_R_col_29_30,282
LOP_R_col_19_27,282
LO_L_col_02_07,281
LOP_R_col_26_12,281
LOP_L_col_07_06,281
LOP_L_col_16_21,281
LOP_L_col_20_23,281
LOP_L_col_12_04,281
LOP_R_col_11_19,281
LOP_R_col_31_25,281
LOP_R_col_17_20,281
LOP_R_col_22_25,281
LOP_R_col_11_03,281
LOP_L_col_27_18,281
LOP_R_col_27_31,281
LOP_R_col_26_34,281
LOP_L_col_13_20,281
LOP_L_col_11_19,281
LOP_L_col_20_17,281
LOP_L_col_18_05,280
LOP_R_col_09_11,280
LOP_L_col_30_26,280
LOP_R_col_13_27,280
LOP_R_col_32_35,280
LOP_R_col_08_10,280
LOP_R_col_32_24,280
LOP_L_col_23_29,280
LOP_L_col_23_17,280
LOP_R_col_28_25,280
LOP_L_col_22_17,280
LOP_R_col_24_12,280
LOP_L_col_21_31,280
LOP_L_col_21_21,280
LOP_L_col_05_07,280
LOP_R_col_34_24,280
LOP_R_col_28_27,280
LOP_R_col_22_27,280
LOP_L_col_18_24,279
LOP_R_col_09_10,279
LOP_R_col_09_14,279
LO_L_col_34_35,279
LOP_R_col_28_29,279
LOP_R_col_20_25,279
LOP_R_col_30_20,279
LOP_L_col_22_28,279
LOP_L_col_22_11,279
LOP_R_col_10_21,279
LOP_R_col_22_10,279
LOP_R_col_15_31,279
LOP_R_col_31_28,278
LOP_L_col_16_13,278
LOP_L_col_05_15,278
AME(L),278
LOP_R_col_09_15,278
LOP_L_col_06_09,278
LOP_R_col_19_31,278
LOP_R_col_09_02,278
LOP_R_col_32_26,278
LOP_R_col_18_24,278
LOP_R_col_18_30,278
LOP_L_col_14_20,278
LOP_R_col_05_18,278
LOP_R_col_28_34,278
LOP_L_col_18_20,278
LOP_L_col_13_27,278
LOP_R_col_31_31,278
LOP_R_col_33_34,277
LOP_L_col_17_28,277
LOP_L_col_12_10,277
LOP_L_col_26_15,277
LOP_R_col_10_14,277
LOP_R_col_18_09,277
LOP_L_col_19_32,277
LOP_R_col_32_32,277
LOP_R_col_32_33,277
LOP_L_col_07_13,277
LOP_L_col_16_32,277
LOP_R_col_05_15,277
LO_R_col_02_10,277
LOP_R_col_27_15,277
LOP_L_col_25_23,277
LOP_L_col_12_16,277
LOP_R_col_34_28,277
LOP_L_col_09_07,276
LOP_L_col_23_31,276
LOP_R_col_10_04,276
LOP_R_col_09_22,276
LOP_R_col_27_26,276
LOP_L_col_31_20,276
LOP_R_col_07_14,276
LOP_R_col_14_24,276
LOP_L_col_11_05,275
LOP_R_col_19_28,275
LOP_L_col_29_30,275
LOP_R_col_07_11,275
LOP_L_col_09_16,275
LOP_R_col_31_33,275
LOP_R_col_12_08,275
LOP_R_col_08_17,275
LOP_R_col_26_29,275
LOP_R_col_20_24,275
LOP_L_col_09_05,275
LOP_L_col_31_34,275
LOP_L_col_32_24,275
LOP_L_col_09_20,275
LOP_R_col_10_03,274
LOP_R_col_10_11,274
LOP_L_col_12_24,274
LOP_R_col_30_26,274
LOP_R_col_30_28,274
LOP_L_col_16_29,274
LOP_L_col_26_14,274
LO_R_col_36_28,274
LO_R_col_36_31,274
LOP_L_col_25_13,274
LOP_L_col_26_25,274
LOP_L_col_08_20,274
LOP_L_col_12_03,273
LOP_R_col_10_18,273
LOP_L_col_23_15,273
LOP_L_col_21_34,273
LOP_R_col_06_03,273
LOP_R_col_27_25,273
LOP_L_col_12_25,273
LOP_L_col_12_06,273
LOP_L_col_13_29,273
LOP_L_col_12_13,273
LOP_R_col_04_09,273
LOP_L_col_19_28,272
LOP_R_col_27_34,272
LOP_R_col_03_15,272
LOP_L_col_21_20,272
LOP_L_col_22_24,272
LOP_L_col_27_26,272
LO_R_col_23_37,272
LOP_L_col_24_22,272
LO_L_col_35_33,272
LOP_L_col_18_31,272
LOP_L_col_24_25,272
LOP_L_col_06_21,272
LO_L_col_29_39,272
LOP_R_col_17_21,272
LOP_R_col_31_34,271
LOP_L_col_06_15,271
LO_L_col_30_15,271
LOP_R_col_17_25,271
LOP_R_col_20_27,271
LOP_L_col_28_21,271
LOP_R_col_15_33,271
LOP_R_col_14_30,271
LOP_L_col_19_24,271
LOP_L_col_14_23,271
LOP_R_col_24_13,271
LO_R_col_30_15,271
LO_R_col_04_17,271
LOP_L_col_10_09,270
LOP_L_col_30_23,270
LOP_R_col_13_28,270
LOP_R_col_04_07,270
LOP_R_col_20_31,270
LOP_L_col_22_31,270
LOP_L_col_23_09,270
LOP_L_col_32_23,269
LOP_L_col_08_13,269
LOP_R_col_06_14,269
LOP_R_col_33_26,269
LOP_R_col_33_28,269
LOP_L_col_12_23,269
LOP_R_col_17_32,269
LOP_L_col_07_20,269
LOP_L_col_05_11,269
LOP_L_col_11_03,269
LOP_R_col_32_21,269
LOP_R_col_29_17,269
LOP_R_col_33_23,269
LOP_R_col_16_05,268
LOP_L_col_33_24,268
LOP_L_col_32_32,268
LOP_R_col_29_22,268
LOP_R_col_20_06,268
LOP_R_col_24_33,268
ME_R_col_01_10,268
LOP_L_col_15_19,268
LOP_R_col_32_25,268
LOP_L_col_27_25,268
LO_R_col_35_24,268
LOP_R_col_26_35,268
LOP_L_col_21_28,268
LOP_L_col_30_27,268
LOP_L_col_10_15,267
LOP_L_col_09_18,267
LOP_L_col_05_04,267
LOP_L_col_28_17,267
LOP_L_col_31_29,267
LOP_R_col_13_23,267
LOP_L_col_19_07,267
LOP_L_col_22_26,267
LOP_R_col_20_33,267
LOP_L_col_04_07,267
LOP_L_col_15_15,267
LOP_L_col_07_21,267
LOP_R_col_20_29,267
LOP_R_col_12_23,267
LOP_R_col_07_05,266
LOP_L_col_08_04,266
LOP_R_col_24_35,266
LOP_R_col_15_04,266
LOP_R_col_25_26,266
ME_L_col_36_27,266
LOP_R_col_35_31,266
LOP_R_col_34_30,266
LOP_L_col_09_06,266
LOP_L_col_20_07,266
LOP_L_col_15_21,266
LOP_R_col_29_16,266
LOP_L_col_33_29,266
LOP_R_col_22_08,266
LOP_L_col_27_14,266
LOP_R_col_10_26,265
LOP_L_col_23_26,265
LOP_L_col_10_18,265
LOP_R_col_19_06,265
LOP_R_col_13_17,265
LOP_L_col_25_11,265
LOP_R_col_09_24,265
ME_L_col_02_06,265
LO_R_col_13_32,265
LOP_R_col_30_34,265
LOP_R_col_33_30,265
LOP_R_col_11_02,265
LOP_L_col_27_21,264
LOP_R_col_35_28,264
LOP_R_col_29_36,264
LO_R_col_02_06,264
ME_L_col_29_39,264
LOP_L_col_05_06,264
LOP_L_col_21_27,264
LOP_L_col_24_29,264
LOP_L_col_14_22,264
LOP_L_col_10_12,263
LOP_R_col_23_27,263
LOP_R_col_11_18,263
LOP_R_col_06_04,263
ME_L_col_32_38,263
ME_L_col_36_34,263
LO_R_col_36_29,263
LOP_L_col_04_06,263
LOP_R_col_06_19,263
LOP_L_col_24_18,263
LO_L_col_05_19,263
LOP_R_col_27_18,263
LOP_L_col_18_26,262
LOP_R_col_07_21,262
LOP_L_col_32_28,262
LOP_L_col_08_19,262
LOP_L_col_19_18,262
LOP_L_col_16_19,262
LO_R_col_09_27,262
LO_L_col_29_14,262
LOP_L_col_11_12,262
LOP_R_col_35_32,262
ME_L_col_30_39,262
LOP_R_col_30_31,262
LOP_L_col_19_31,262
LOP_L_col_22_22,262
LOP_L_col_13_03,261
LOP_L_col_21_29,261
LOP_L_col_09_13,261
LOP_L_col_25_33,261
LOP_R_col_05_10,261
LOP_L_col_10_02,261
LOP_L_col_13_21,261
LOP_R_col_25_33,261
LOP_L_col_04_15,260
LOP_R_col_06_11,260
LOP_R_col_05_17,260
LOP_L_col_17_19,260
LOP_L_col_14_04,260
LOP_L_col_13_26,260
LOP_L_col_32_30,260
LOP_L_col_25_26,260
LOP_L_col_08_01,260
LOP_L_col_24_13,260
LOP_R_col_26_30,260
LOP_R_col_34_25,260
LOP_L_col_07_12,260
LOP_L_col_07_15,260
LOP_L_col_20_28,260
LOP_L_col_25_25,260
LO_R_col_36_30,260
LOP_R_col_08_24,260
LOP_L_col_19_26,260
LOP_L_col_07_03,260
LOP_L_col_13_19,259
LOP_R_col_07_09,259
LOP_L_col_19_11,259
LOP_L_col_28_30,259
LOP_R_col_29_27,259
LOP_L_col_25_24,259
LOP_L_col_25_31,259
LOP_L_col_16_04,259
LO_R_col_35_35,259
LOP_L_col_18_23,258
LOP_L_col_19_22,258
LOP_L_col_03_09,258
LO_L_col_02_06,258
ME_L_col_08_01,258
ME_L_col_01_10,258
LOP_L_col_19_27,258
LOP_R_col_27_36,258
LOP_R_col_27_30,258
LOP_R_col_34_26,258
LOP_L_col_03_06,258
LO_R_col_15_33,257
LOP_R_col_11_16,257
LOP_R_col_11_12,257
LOP_L_col_27_30,257
LOP_R_col_06_22,257
LOP_R_col_30_21,257
LOP_L_col_07_05,257
LOP_R_col_18_25,257
LOP_L_col_14_03,257
LOP_L_col_07_04,256
LOP_L_col_14_21,256
LOP_L_col_12_21,256
LOP_L_col_09_09,256
LOP_L_col_32_21,256
LOP_R_col_28_16,256
LOP_R_col_12_26,256
LOP_L_col_24_30,256
LO_R_col_36_32,256
ME_L_col_05_19,256
LO_R_col_21_36,256
LO_R_col_27_39,255
LOP_L_col_32_25,255
LOP_R_col_22_30,255
LOP_R_col_27_29,255
LOP_L_col_28_28,255
LOP_L_col_10_16,255
LOP_L_col_05_16,255
LOP_L_col_19_20,255
LOP_R_col_05_11,255
LOP_R_col_29_21,255
ME_L_col_03_15,255
LOP_R_col_16_31,254
LOP_R_col_17_27,254
LOP_R_col_20_08,254
LOP_R_col_16_33,254
LOP_L_col_16_24,254
LOP_R_col_28_37,254
LOP_R_col_16_30,254
LOP_L_col_28_16,254
LOP_R_col_10_25,254
LOP_R_col_29_15,254
LOP_L_col_24_26,253
LOP_L_col_30_33,253
LOP_R_col_31_35,253
LOP_L_col_09_10,253
LOP_L_col_15_25,253
LOP_L_col_35_28,253
LOP_R_col_35_29,253
LOP_L_col_10_23,253
LOP_L_col_20_32,253
ME_L_col_21_36,252
LOP_R_col_22_34,252
LOP_L_col_23_30,252
LOP_L_col_20_21,252
LOP_L_col_29_33,252
LOP_R_col_34_29,252
LOP_L_col_28_19,252
LOP_L_col_08_16,252
LOP_L_col_12_01,251
LOP_R_col_25_34,251
LOP_L_col_09_17,251
LOP_R_col_26_25,251
LOP_R_col_21_31,251
LOP_L_col_23_35,251
LOP_L_col_14_16,251
LOP_R_col_16_04,251
LOP_L_col_11_26,251
LOP_L_col_15_29,251
LOP_R_col_02_08,251
LOP_L_col_04_14,251
LOP_R_col_08_21,251
LOP_L_col_13_30,251
LOP_L_col_10_05,250
LOP_L_col_24_21,250
LOP_R_col_33_35,250
LOP_L_col_11_02,250
LOP_L_col_30_34,250
LOP_L_col_25_28,250
LOP_L_col_33_27,250
LOP_L_col_05_02,250
LOP_R_col_23_09,250
LOP_L_col_12_09,249
LOP_L_col_32_26,249
LO_R_col_29_14,249
LOP_L_col_24_27,249
LOP_L_col_34_29,249
LOP_L_col_35_31,249
LOP_R_col_31_29,249
LOP_R_col_18_27,249
LOP_L_col_34_27,249
LOP_L_col_31_26,249
LOP_L_col_17_27,248
LOP_R_col_14_04,248
LOP_R_col_06_10,248
LOP_R_col_22_35,248
LOP_L_col_26_27,248
LO_R_col_06_22,248
LOP_L_col_28_27,248
LOP_L_col_04_13,248
LOP_L_col_05_09,248
LOP_R_col_31_24,248
LO_L_col_02_12,248
LOP_L_col_24_35,248
LO_R_col_02_12,248
LOP_L_col_12_26,248
LOP_L_col_15_24,248
LOP_R_col_06_08,248
LOP_L_col_28_32,247
LOP_L_col_19_23,247
LOP_L_col_19_29,247
LOP_L_col_11_22,247
LOP_L_col_32_33,247
ME_L_col_31_16,247
LOP_L_col_15_04,247
LOP_L_col_31_30,247
LOP_L_col_09_26,247
LOP_L_col_18_27,247
LOP_L_col_22_29,247
LOP_L_col_22_30,247
LOP_L_col_10_25,247
LOP_L_col_04_08,247
ME_L_col_02_13,246
LOP_R_col_10_27,246
LOP_L_col_31_22,246
LOP_L_col_29_31,246
LOP_L_col_13_25,246
LOP_L_col_23_34,246
LOP_R_col_32_27,246
LOP_R_col_12_18,246
LOP_R_col_18_23,246
LOP_L_col_16_31,246
LOP_R_col_23_35,246
LOP_R_col_22_28,246
LOP_L_col_28_33,245
LOP_L_col_19_30,245
LOP_R_col_34_34,245
ROB(L),245
LOP_R_col_12_28,245
LOP_R_col_23_33,245
LOP_L_col_33_34,245
LOP_R_col_25_22,245
LOP_L_col_13_04,245
LOP_L_col_31_33,245
LOP_L_col_24_11,244
LOP_R_col_28_30,244
LOP_L_col_03_14,244
LOP_L_col_29_34,244
LOP_R_col_33_22,244
LOP_L_col_06_18,244
LOP_R_col_30_33,244
LOP_R_col_35_27,244
LOP_R_col_08_02,244
LOP_R_col_33_32,244
LOP_L_col_21_07,244
LOP_L_col_19_25,244
LOP_L_col_26_30,244
LOP_R_col_06_15,244
LOP_R_col_34_31,244
GA(R),244
LOP_R_col_13_03,244
LOP_L_col_10_17,244
LOP_R_col_36_32,244
LOP_L_col_29_16,243
LOP_L_col_04_04,243
LOP_L_col_29_36,243
LOP_R_col_19_25,243
LOP_L_col_04_11,243
LOP_L_col_34_26,243
LOP_L_col_05_08,243
LOP_L_col_31_27,243
LOP_L_col_25_14,243
LOP_L_col_16_22,243
ROB(R),243
LOP_L_col_08_03,242
LOP_L_col_06_20,242
LOP_R_col_24_36,242
LOP_R_col_26_32,242
LOP_R_col_04_06,242
LOP_L_col_22_23,242
LOP_L_col_17_21,242
LOP_R_col_25_27,241
LOP_L_col_19_19,241
LOP_R_col_12_17,241
LOP_L_col_24_31,241
LOP_L_col_32_27,241
LOP_R_col_16_29,241
LOP_L_col_33_32,241
LOP_L_col_09_22,241
LOP_R_col_15_27,241
ME_L_col_29_14,241
LOP_R_col_19_32,241
LOP_L_col_20_30,241
LOP_L_col_28_22,241
LOP_L_col_29_27,241
LOP_L_col_26_32,241
LOP_L_col_11_06,241
LOP_L_col_11_17,241
LO_R_col_36_33,241
LOP_R_col_25_13,241
LOP_R_col_31_19,241
LOP_L_col_17_24,240
LOP_L_col_21_32,240
LOP_L_col_06_07,240
LOP_R_col_27_32,240
LOP_R_col_04_05,240
LOP_L_col_23_25,240
LOP_R_col_28_13,239
LOP_R_col_05_16,239
ME_L_col_02_12,239
ME_L_col_35_25,239
LOP_R_col_05_07,239
LOP_R_col_34_32,239
ME_L_col_28_39,239
LOP_R_col_32_31,239
LOP_R_col_35_33,239
LOP_L_col_26_34,239
LOP_L_col_26_12,238
LOP_L_col_18_28,238
LOP_L_col_14_07,238
LOP_L_col_11_16,238
LOP_L_col_06_14,238
LOP_R_col_31_36,238
LOP_R_col_24_34,238
LOP_L_col_34_31,238
LOP_R_col_02_10,238
LOP_R_col_22_29,238
LOP_R_col_26_36,238
LOP_R_col_07_19,238
LOP_R_col_20_35,238
LOP_L_col_04_10,238
LOP_L_col_30_31,238
LOP_L_col_17_33,237
LOP_R_col_35_30,237
LOP_R_col_33_24,237
LOP_R_col_30_36,237
ME_L_col_13_32,237
LOP_L_col_25_18,237
LOP_L_col_12_20,237
LOP_R_col_28_32,237
LOP_L_col_20_18,236
LOP_R_col_31_20,236
LOP_L_col_05_19,236
LOP_L_col_03_11,236
LOP_R_col_18_32,236
LOP_L_col_26_28,236
LOP_R_col_23_28,236
LOP_L_col_33_31,236
LOP_R_col_33_21,235
LO_R_col_07_24,235
LOP_L_col_24_10,235
LOP_L_col_13_02,235
LOP_R_col_20_34,235
LO_R_col_36_34,235
LOP_R_col_32_34,235
LOP_L_col_15_23,234
LOP_R_col_32_28,234
LOP_L_col_18_25,234
LOP_L_col_03_08,234
LOP_L_col_11_28,234
LOP_L_col_20_29,234
LOP_R_col_20_28,234
LOP_L_col_14_27,234
LOP_R_col_07_10,234
LOP_R_col_08_12,234
LOP_L_col_08_24,234
LOP_L_col_27_32,234
LOP_L_col_27_33,234
LOP_L_col_29_32,233
LO_R_col_09_28,233
LOP_L_col_14_14,233
LOP_R_col_07_18,233
LO_R_col_30_39,233
AB(R),233
LOP_L_col_34_35,233
LOP_R_col_31_18,233
LOP_R_col_14_03,233
LOP_R_col_33_33,233
LOP_R_col_29_34,233
LOP_L_col_19_34,233
LOP_L_col_06_17,233
LOP_R_col_30_24,233
LOP_L_col_21_23,233
ME_L_col_34_22,233
LOP_L_col_06_01,232
LOP_L_col_30_36,232
LOP_L_col_27_31,232
LOP_L_col_21_30,232
LOP_R_col_34_33,232
LO_R_col_08_26,232
LOP_L_col_18_06,232
LOP_L_col_27_22,232
LOP_R_col_18_05,232
LOP_R_col_28_31,231
LOP_R_col_10_02,231
LOP_R_col_10_01,231
LOP_R_col_06_06,231
LOP_R_col_16_32,231
LOP_R_col_25_32,231
LOP_L_col_24_12,231
LOP_L_col_36_32,231
LOP_R_col_36_30,230
LOP_R_col_09_25,230
LOP_R_col_13_31,230
LOP_L_col_23_27,230
LOP_L_col_33_35,230
LOP_R_col_21_30,230
LOP_L_col_10_24,230
LOP_R_col_03_04,230
LOP_L_col_30_22,230
LOP_L_col_30_30,230
LOP_R_col_29_37,230
LOP_R_col_19_34,230
LOP_L_col_27_28,230
LOP_L_col_29_15,230
LOP_L_col_28_18,230
LOP_L_col_34_25,229
LO_R_col_35_23,229
LOP_L_col_14_31,229
LO_R_col_25_38,229
LOP_R_col_12_06,229
LOP_R_col_33_29,229
LOP_L_col_06_03,229
LOP_R_col_19_16,228
LOP_R_col_07_01,228
LOP_R_col_07_23,228
LOP_L_col_35_35,228
LOP_R_col_25_11,228
LOP_R_col_13_19,227
LOP_R_col_21_35,227
LOP_L_col_17_32,227
LOP_L_col_07_19,227
LO_L_col_31_38,227
LOP_L_col_35_30,227
LOP_L_col_08_21,227
LO_L_col_36_29,227
LO_L_col_36_32,227
LOP_R_col_14_31,227
LOP_L_col_20_33,226
LOP_L_col_16_27,226
LOP_R_col_13_25,226
LOP_R_col_07_20,226
LOP_L_col_24_32,226
LOP_L_col_12_28,226
LOP_R_col_34_23,225
LOP_R_col_04_16,225
LOP_R_col_09_18,225
LOP_L_col_31_37,225
LOP_L_col_17_23,225
LO_L_col_05_20,224
LOP_L_col_22_25,224
LOP_L_col_35_29,224
LOP_R_col_21_21,223
LOP_L_col_32_29,223
LOP_L_col_08_05,223
LOP_L_col_05_14,223
LOP_R_col_10_19,223
LOP_R_col_28_35,223
LOP_L_col_18_29,223
LOP_L_col_26_31,223
LOP_L_col_32_20,222
LOP_L_col_18_30,222
LOP_R_col_17_33,222
LOP_L_col_26_33,222
LOP_R_col_34_35,222
LOP_R_col_13_24,222
LOP_L_col_06_05,222
LOP_L_col_33_25,222
LO_L_col_33_20,222
LOP_R_col_15_32,222
LOP_L_col_20_31,222
LOP_L_col_26_26,221
LOP_L_col_30_17,221
LOP_L_col_22_27,221
LOP_L_col_30_32,221
LOP_L_col_02_10,220
LOP_L_col_23_32,220
LOP_L_col_05_13,220
LOP_L_col_18_13,220
LOP_L_col_20_34,220
LOP_L_col_10_29,220
LOP_L_col_11_23,220
LOP_L_col_17_29,219
LOP_R_col_15_29,219
LOP_R_col_12_29,219
LOP_L_col_34_30,219
LOP_L_col_28_29,219
LOP_L_col_28_15,219
LOP_R_col_32_37,218
LOP_L_col_05_12,218
LOP_L_col_28_35,218
LOP_L_col_27_29,218
LOP_L_col_09_24,218
LOP_R_col_06_16,218
LOP_R_col_20_32,217
LOP_L_col_06_12,217
LOP_R_col_09_19,217
LOP_R_col_08_13,217
LOP_R_col_33_38,217
LOP_L_col_21_35,217
LOP_L_col_11_13,217
LOP_L_col_22_33,216
ME_L_col_27_39,216
LO_R_col_03_15,216
LOP_R_col_03_09,216
LOP_L_col_27_34,215
LOP_R_col_12_31,215
LOP_R_col_28_14,215
ME_L_col_07_01,215
LOP_L_col_17_04,215
LOP_L_col_25_37,215
LOP_L_col_22_32,215
LOP_L_col_25_29,215
LOP_L_col_33_26,215
LOP_L_col_27_35,214
LOP_R_col_29_26,214
LOP_L_col_12_29,214
LOP_R_col_11_26,214
LOP_R_col_29_33,214
LOP_L_col_17_25,214
LOP_L_col_25_32,214
LOP_L_col_07_14,213
LOP_L_col_15_32,213
LOP_L_col_22_15,213
LOP_L_col_09_23,213
LOP_R_col_11_01,212
LO_L_col_01_08,212
LOP_L_col_25_34,212
LOP_R_col_07_17,211
LOP_L_col_17_26,211
LOP_L_col_18_33,211
LOP_L_col_08_12,211
LOP_R_col_13_02,211
LOP_L_col_22_34,211
LOP_L_col_03_07,211
LOP_R_col_19_05,211
LOP_L_col_29_37,211
LOP_L_col_17_30,211
LOP_L_col_02_07,211
LOP_L_col_18_34,211
ME_L_col_35_24,210
LOP_L_col_06_16,210
LOP_R_col_30_32,210
LOP_L_col_35_24,210
LO_R_col_35_36,210
LOP_L_col_07_01,210
LOP_L_col_12_27,210
LOP_R_col_04_03,209
LOP_R_col_32_19,209
LOP_L_col_30_16,209
LOP_R_col_32_20,209
LOP_L_col_22_35,209
LOP_R_col_24_10,209
LOP_L_col_31_19,208
LOP_L_col_33_36,208
LOP_L_col_31_35,208
LOP_L_col_24_33,208
LOP_R_col_31_39,208
ME_L_col_06_01,207
LOP_R_col_31_37,207
LO_L_col_32_38,207
LOP_R_col_04_13,207
LO_L_col_36_30,207
LOP_L_col_16_03,207
LOP_R_col_20_07,207
LOP_L_col_14_29,207
LOP_L_col_28_31,207
LOP_L_col_20_24,207
LOP_L_col_30_35,206
LO_L_col_33_37,206
LOP_R_col_06_02,206
LOP_R_col_28_39,206
LOP_L_col_08_23,206
LO_R_col_33_38,206
LOP_L_col_35_32,205
LOP_R_col_34_37,205
LOP_R_col_23_36,205
LOP_L_col_24_34,205
LOP_L_col_34_24,205
LOP_L_col_31_32,204
LOP_L_col_33_23,204
LOP_R_col_04_14,204
LOP_R_col_26_33,204
LOP_L_col_28_36,204
LOP_L_col_17_31,204
LOP_L_col_14_30,204
LOP_L_col_24_36,204
LOP_R_col_17_24,204
LOP_L_col_05_05,204
LOP_L_col_34_32,203
LOP_L_col_35_36,203
LOP_L_col_33_33,203
LOP_R_col_13_30,203
LOP_L_col_33_21,202
LOP_L_col_34_33,202
LOP_R_col_30_35,202
LOP_R_col_15_22,201
LOP_R_col_23_34,201
LOP_R_col_22_36,201
LOP_L_col_05_18,201
ME_L_col_04_18,201
GA(L),200
LOP_R_col_26_38,199
LOP_L_col_11_27,199
LOP_L_col_11_25,199
LOP_L_col_29_39,199
LOP_L_col_03_05,199
ME_L_col_23_37,198
LOP_R_col_25_38,198
LOP_R_col_15_03,198
LOP_R_col_02_09,198
LOP_L_col_25_36,198
LOP_R_col_05_03,198
LO_R_col_10_29,197
LOP_R_col_27_13,197
LOP_R_col_34_38,197
LOP_R_col_30_37,197
LOP_L_col_32_37,197
LOP_L_col_36_29,196
LOP_L_col_04_03,196
LOP_R_col_09_01,196
LOP_L_col_26_35,196
LOP_R_col_07_02,196
LOP_R_col_04_12,196
LOP_L_col_26_29,195
ME_L_col_05_20,195
LO_R_col_28_39,195
LOP_R_col_28_36,194
LO_R_col_11_30,194
LOP_L_col_10_28,194
LOP_L_col_14_26,194
LOP_R_col_33_37,194
LOP_L_col_09_25,193
LOP_R_col_05_04,193
LO_L_col_36_31,193
LOP_L_col_36_34,192
LOP_L_col_28_34,192
LOP_L_col_25_35,191
LOP_R_col_23_37,191
LOP_L_col_23_33,191
LOP_R_col_33_36,191
LOP_R_col_34_36,191
LOP_L_col_32_35,191
LOP_L_col_15_26,191
LOP_R_col_36_35,191
LOP_R_col_35_36,189
LOP_L_col_34_34,189
LOP_L_col_25_30,189
LOP_L_col_17_34,189
LOP_L_col_35_34,188
LOP_L_col_05_10,188
LOP_L_col_20_35,188
ME_L_col_34_37,188
LOP_L_col_21_08,188
LOP_L_col_35_33,188
LOP_R_col_23_25,187
LOP_L_col_08_02,187
LOP_L_col_33_30,187
LOP_R_col_25_37,186
LO_L_col_35_34,186
LOP_L_col_33_22,186
LOP_L_col_07_22,186
LOP_L_col_10_21,186
LOP_L_col_10_27,186
LO_R_col_29_39,185
LOP_L_col_28_38,185
LOP_L_col_30_38,185
LOP_R_col_25_10,185
LOP_R_col_08_26,182
LOP_L_col_34_23,182
LOP_L_col_28_39,182
LOP_L_col_32_22,182
LO_L_col_03_15,182
LOP_R_col_30_38,182
LOP_R_col_30_39,182
LOP_L_col_04_05,182
LOP_L_col_33_37,181
LOP_L_col_21_36,181
LOP_L_col_11_01,181
LOP_L_col_15_30,181
LOP_L_col_28_14,181
LOP_R_col_35_34,180
LO_R_col_17_34,179
LOP_L_col_31_36,179
LOP_L_col_32_36,179
LOP_R_col_31_38,179
LOP_R_col_35_35,178
LOP_R_col_27_39,178
LO_L_col_35_36,178
LOP_L_col_29_35,178
LOP_L_col_15_03,177
LOP_R_col_31_17,177
LOP_L_col_30_37,177
LOP_L_col_23_36,177
LOP_R_col_13_21,177
LOP_R_col_36_27,176
LOP_L_col_36_33,176
LOP_L_col_20_06,176
LOP_R_col_26_37,175
LOP_R_col_29_35,175
LOP_R_col_35_23,175
LOP_L_col_02_08,175
LOP_R_col_04_17,175
LO_L_col_34_36,175
LOP_L_col_31_31,174
LOP_R_col_32_18,174
LOP_R_col_06_20,174
LOP_L_col_05_03,173
LOP_L_col_11_29,173
LOP_R_col_29_38,173
LOP_R_col_09_21,171
LOP_L_col_12_02,171
LOP_L_col_36_28,171
LOP_L_col_27_36,170
LOP_L_col_29_38,170
LOP_R_col_07_24,169
LOP_R_col_36_34,168
LOP_L_col_26_36,168
LOP_L_col_24_37,168
LOP_L_col_04_12,168
LO_L_col_01_10,168
LOP_R_col_29_32,167
LOP_R_col_32_38,167
LOP_L_col_32_38,167
LOP_R_col_32_36,166
LOP_L_col_10_26,166
LOP_L_col_19_33,166
LOP_R_col_08_25,165
LOP_R_col_03_06,164
LOP_L_col_31_38,164
LOP_R_col_28_38,164
ME_L_col_33_20,163
LOP_L_col_26_37,162
LOP_R_col_19_33,162
LOP_L_col_19_05,161
LO_R_col_34_37,161
LOP_L_col_22_07,160
LOP_L_col_04_16,160
LOP_L_col_20_05,160
LOP_R_col_10_28,160
LOP_R_col_33_20,160
LOP_R_col_22_33,160
LOP_L_col_27_37,158
LOP_R_col_08_19,158
LOP_R_col_18_33,157
LOP_L_col_28_37,157
LOP_R_col_11_27,157
LOP_L_col_02_09,156
LO_L_col_36_33,155
LOP_L_col_31_18,155
LOP_R_col_14_02,155
LOP_R_col_25_36,154
LOP_L_col_21_33,154
LOP_L_col_04_17,153
LOP_L_col_26_38,153
LO_L_col_35_35,152
RUB(R),152
LOP_L_col_02_11,152
LOP_L_col_34_36,151
LOP_L_col_27_38,151
LOP_R_col_16_03,151
LOP_R_col_03_12,150
LOP_L_col_32_34,149
LOP_R_col_09_26,149
LOP_R_col_12_02,149
RUB(L),148
LOP_R_col_18_04,148
LOP_R_col_01_07,146
LOP_R_col_02_06,146
LOP_L_col_09_21,144
LOP_L_col_01_08,142
LOP_R_col_29_39,142
LOP_L_col_06_02,140
LOP_R_col_03_05,140
LOP_L_col_21_06,139
AB(L),137
LOP_R_col_01_10,137
LO_L_col_34_37,137
LOP_R_col_36_31,136
LOP_R_col_02_07,136
LO_R_col_36_35,135
LOP_L_col_18_04,135
LOP_R_col_08_01,135
ME_L_col_25_38,134
LOP_R_col_27_37,133
LOP_L_col_07_02,132
LOP_L_col_01_07,130
LOP_R_col_05_19,129
LOP_L_col_33_20,125
LOP_R_col_36_33,125
LOP_R_col_17_04,123
LOP_R_col_19_04,121
LOP_L_col_01_10,119
LOP_R_col_12_01,116
LOP_R_col_02_12,114
LOP_R_col_06_21,113
LOP_R_col_27_38,111
LOP_L_col_25_10,110
LOP_R_col_11_28,109
LOP_L_col_34_22,108
LOP_L_col_03_13,107
LO_L_col_36_34,106
LOP_L_col_28_13,105
LOP_R_col_23_08,104
LOP_R_col_21_06,102
LOP_L_col_03_15,102
LOP_L_col_07_23,101
LOP_L_col_02_06,94
LOP_L_col_31_17,91
LOP_R_col_21_36,91
LOP_L_col_31_16,89
LOP_R_col_06_01,88
LOP_R_col_24_37,85
LOP_R_col_27_12,82
LOP_R_col_02_11,74
LOP_L_col_09_28,64
CRN,64
LOP_R_col_15_02,63
LOP_L_col_22_36,60
LOP_R_col_29_14,55
LOP_L_col_29_14,54
LOP_R_col_02_05,53
LOP_L_col_25_38,28
CV,27
CV-unspecified,27
LOP_R_col_07_22,18
LOP_L_col_13_31,15
CvN(L),10
CvN(R),8
AbN4(R),0
AbNT(L),0
AbNT(R),0
VProN(L),0
VProN(R),0
Ov(L),0
ADMN(L),0
PDMN(L),0
ADMN(R),0
DProN(R),0
Ov(R),0
AbN2(L),0
AbN2(R),0
AbN3(L),0
AbN3(R),0
AbN4(L),0
LTct,0
MesoAN(R),0
MesoLN(R),0
MesoLN(L),0
ProAN(L),0
DMetaN(L),0
MetaLN(R),0
MetaLN(L),0
IntTct,0
ProAN(R),0
MesoAN(L),0
ProCN(R),0
ProLN(L),0
ProCN(L),0
AbN1(R),0
ProLN(R),0
AbN1(L),0
PDMN(R),0
PrN(R),0
PrN(L),0
DMetaN(R),0
DProN(L),0
