bodyId,instance,type,pre,post,downstream,upstream,size,status,statusLabel,somaLocation,roiInfo,group,celltypePredictedNtConfidence,totalNtPredictions,dimorphism,rootSide,subclass,mancSerial,mancType,flywireType,synweight,assignedOlHex2,itoleeHl,synonyms,mancBodyid,mancGroup,entryNerve,superclass,consensusNt,assignedOlHex1,hemibrainType,supertype,tosomaLocation,birthtime,trumanHl,receptorType,matchingNotes,class,celltypeTotalNtPredictions,fruDsx,serialMotif,predictedNt,predictedNtConfidence,somaNeuromere,mcnsSerial,exitNerve,celltypePredictedNt,somaSide,inputRois,outputRois
10283,DNp103(PVLP119)_R,DNp103,2927,29105,18700,29105,7819176290,Traced,Roughly traced,"[34618, 24870, 36898]","{'AMMC(R)': {'post': 149, 'pre': 20, 'downstream': 91, 'upstream': 149, 'synweight': 240}, 'ANm': {'post': 12, 'pre': 26, 'downstream': 188, 'upstream': 12, 'synweight': 200}, 'AVLP(R)': {'post': 7305, 'pre': 46, 'downstream': 182, 'upstream': 7305, 'synweight': 7487}, 'CAN(L)': {'post': 37, 'pre': 53, 'downstream': 453, 'upstream': 37, 'synweight': 490}, 'CAN(R)': {'post': 35, 'pre': 65, 'downstream': 508, 'upstream': 35, 'synweight': 543}, 'CV': {'post': 52, 'pre': 25, 'downstream': 88, 'upstream': 52, 'synweight': 140}, 'CV-unspecified': {'post': 52, 'pre': 25, 'downstream': 88, 'upstream': 52, 'synweight': 140}, 'CentralBrain': {'post': 28287, 'pre': 1390, 'downstream': 9529, 'upstream': 28287, 'synweight': 37816}, 'CentralBrain-unspecified': {'post': 759, 'pre': 61, 'downstream': 415, 'upstream': 759, 'synweight': 1174}, 'EPA(R)': {'post': 213, 'pre': 10, 'downstream': 50, 'upstream': 213, 'synweight': 263}, 'FLA(L)': {'post': 26, 'pre': 51, 'downstream': 425, 'upstream': 26, 'synweight': 451}, 'FLA(R)': {'post': 15, 'pre': 2, 'downstream': 15, 'upstream': 15, 'synweight': 30}, 'GNG': {'post': 75, 'pre': 120, 'downstream': 863, 'upstream': 75, 'synweight': 938}, 'GOR(R)': {'post': 1394, 'pre': 46, 'downstream': 191, 'upstream': 1394, 'synweight': 1585}, 'IB': {'post': 679, 'pre': 9, 'downstream': 41, 'upstream': 679, 'synweight': 720}, 'ICL(R)': {'post': 4863, 'pre': 38, 'downstream': 162, 'upstream': 4863, 'synweight': 5025}, 'IntTct': {'post': 46, 'pre': 62, 'downstream': 452, 'upstream': 46, 'synweight': 498}, 'LAL(R)': {'post': 29, 'upstream': 29, 'synweight': 29}, 'LTct': {'post': 651, 'pre': 1331, 'downstream': 7957, 'upstream': 651, 'synweight': 8608}, 'Ov(L)': {'post': 29, 'pre': 45, 'downstream': 244, 'upstream': 29, 'synweight': 273}, 'Ov(R)': {'post': 18, 'pre': 29, 'downstream': 157, 'upstream': 18, 'synweight': 175}, 'PED(R)': {'post': 6, 'upstream': 6, 'synweight': 6}, 'PLP(R)': {'post': 1848, 'pre': 10, 'downstream': 46, 'upstream': 1848, 'synweight': 1894}, 'PVLP(R)': {'post': 7665, 'pre': 125, 'downstream': 475, 'upstream': 7665, 'synweight': 8140}, 'SAD': {'post': 595, 'pre': 392, 'downstream': 3026, 'upstream': 595, 'synweight': 3621}, 'SCL(R)': {'post': 1104, 'upstream': 1104, 'synweight': 1104}, 'SLP(R)': {'post': 50, 'upstream': 50, 'synweight': 50}, 'SPS(L)': {'post': 9, 'pre': 38, 'downstream': 321, 'upstream': 9, 'synweight': 330}, 'SPS(R)': {'post': 143, 'pre': 1, 'downstream': 4, 'upstream': 143, 'synweight': 147}, 'VES(L)': {'post': 155, 'pre': 200, 'downstream': 1576, 'upstream': 155, 'synweight': 1731}, 'VES(R)': {'post': 47, 'pre': 63, 'downstream': 516, 'upstream': 47, 'synweight': 563}, 'VNC': {'post': 766, 'pre': 1512, 'downstream': 9083, 'upstream': 766, 'synweight': 9849}, 'VNC-unspecified': {'post': 10, 'pre': 19, 'downstream': 85, 'upstream': 10, 'synweight': 95}, 'WED(R)': {'post': 1086, 'pre': 40, 'downstream': 169, 'upstream': 1086, 'synweight': 1255}}",10283.0,0.9541307687759399,2927,,,lt,,DNp103,DNp103,47805,,putative_primary,,13089.0,12855.0,,descending_neuron,acetylcholine,,PVLP119,,,early,,,,,5688,,,acetylcholine,0.9565310478210449,,,,acetylcholine,R,"['AMMC(R)', 'ANm', 'AVLP(R)', 'CAN(L)', 'CAN(R)', 'CV', 'CV-unspecified', 'CentralBrain', 'CentralBrain-unspecified', 'EPA(R)', 'FLA(L)', 'FLA(R)', 'GNG', 'GOR(R)', 'IB', 'ICL(R)', 'IntTct', 'LAL(R)', 'LTct', 'Ov(L)', 'Ov(R)', 'PED(R)', 'PLP(R)', 'PVLP(R)', 'SAD', 'SCL(R)', 'SLP(R)', 'SPS(L)', 'SPS(R)', 'VES(L)', 'VES(R)', 'VNC', 'VNC-unspecified', 'WED(R)']","['AMMC(R)', 'ANm', 'AVLP(R)', 'CAN(L)', 'CAN(R)', 'CV', 'CV-unspecified', 'CentralBrain', 'CentralBrain-unspecified', 'EPA(R)', 'FLA(L)', 'FLA(R)', 'GNG', 'GOR(R)', 'IB', 'ICL(R)', 'IntTct', 'LTct', 'Ov(L)', 'Ov(R)', 'PLP(R)', 'PVLP(R)', 'SAD', 'SPS(L)', 'SPS(R)', 'VES(L)', 'VES(R)', 'VNC', 'VNC-unspecified', 'WED(R)']"
10417,DNp103(PVLP119)_L,DNp103,2761,27113,16992,27113,8337569037,Traced,Roughly traced,"[61547, 23883, 37106]","{'AMMC(L)': {'post': 159, 'pre': 9, 'downstream': 36, 'upstream': 159, 'synweight': 195}, 'AMMC(R)': {'post': 17, 'pre': 42, 'downstream': 299, 'upstream': 17, 'synweight': 316}, 'ANm': {'post': 4, 'pre': 17, 'downstream': 101, 'upstream': 4, 'synweight': 105}, 'AVLP(L)': {'post': 6501, 'pre': 45, 'downstream': 194, 'upstream': 6501, 'synweight': 6695}, 'CAN(R)': {'post': 38, 'pre': 39, 'downstream': 308, 'upstream': 38, 'synweight': 346}, 'CV': {'post': 63, 'pre': 21, 'downstream': 75, 'upstream': 63, 'synweight': 138}, 'CV-unspecified': {'post': 63, 'pre': 21, 'downstream': 75, 'upstream': 63, 'synweight': 138}, 'CentralBrain': {'post': 26314, 'pre': 1261, 'downstream': 8375, 'upstream': 26314, 'synweight': 34689}, 'CentralBrain-unspecified': {'post': 1279, 'pre': 52, 'downstream': 397, 'upstream': 1279, 'synweight': 1676}, 'EPA(L)': {'post': 333, 'pre': 10, 'downstream': 28, 'upstream': 333, 'synweight': 361}, 'FLA(L)': {'pre': 17, 'downstream': 138, 'synweight': 138}, 'FLA(R)': {'post': 22, 'pre': 17, 'downstream': 132, 'upstream': 22, 'synweight': 154}, 'GNG': {'post': 141, 'pre': 180, 'downstream': 1270, 'upstream': 141, 'synweight': 1411}, 'GOR(L)': {'post': 1131, 'pre': 43, 'downstream': 177, 'upstream': 1131, 'synweight': 1308}, 'IB': {'post': 795, 'pre': 16, 'downstream': 131, 'upstream': 795, 'synweight': 926}, 'ICL(L)': {'post': 6066, 'pre': 28, 'downstream': 130, 'upstream': 6066, 'synweight': 6196}, 'IntTct': {'post': 37, 'pre': 77, 'downstream': 479, 'upstream': 37, 'synweight': 516}, 'LAL(L)': {'post': 12, 'upstream': 12, 'synweight': 12}, 'LTct': {'post': 643, 'pre': 1297, 'downstream': 7460, 'upstream': 643, 'synweight': 8103}, 'Ov(L)': {'post': 7, 'pre': 15, 'downstream': 92, 'upstream': 7, 'synweight': 99}, 'Ov(R)': {'post': 23, 'pre': 52, 'downstream': 268, 'upstream': 23, 'synweight': 291}, 'PED(L)': {'post': 2, 'upstream': 2, 'synweight': 2}, 'PLP(L)': {'post': 1037, 'pre': 10, 'downstream': 40, 'upstream': 1037, 'synweight': 1077}, 'PVLP(L)': {'post': 6520, 'pre': 147, 'downstream': 609, 'upstream': 6520, 'synweight': 7129}, 'SAD': {'post': 498, 'pre': 335, 'downstream': 2477, 'upstream': 498, 'synweight': 2975}, 'SCL(L)': {'post': 596, 'upstream': 596, 'synweight': 596}, 'SPS(L)': {'post': 331, 'pre': 3, 'downstream': 14, 'upstream': 331, 'synweight': 345}, 'SPS(R)': {'post': 21, 'pre': 47, 'downstream': 357, 'upstream': 21, 'synweight': 378}, 'VES(L)': {'post': 5, 'upstream': 5, 'synweight': 5}, 'VES(R)': {'post': 162, 'pre': 189, 'downstream': 1512, 'upstream': 162, 'synweight': 1674}, 'VNC': {'post': 736, 'pre': 1479, 'downstream': 8542, 'upstream': 736, 'synweight': 9278}, 'VNC-unspecified': {'post': 22, 'pre': 21, 'downstream': 142, 'upstream': 22, 'synweight': 164}, 'WED(L)': {'post': 648, 'pre': 32, 'downstream': 126, 'upstream': 648, 'synweight': 774}}",10283.0,0.9541307687759399,2761,,,lt,,DNp103,DNp103,44105,,putative_primary,,12855.0,12855.0,,descending_neuron,acetylcholine,,PVLP119,,,early,,,,,5688,,,acetylcholine,0.9515861868858337,,,,acetylcholine,L,"['AMMC(L)', 'AMMC(R)', 'ANm', 'AVLP(L)', 'CAN(R)', 'CV', 'CV-unspecified', 'CentralBrain', 'CentralBrain-unspecified', 'EPA(L)', 'FLA(R)', 'GNG', 'GOR(L)', 'IB', 'ICL(L)', 'IntTct', 'LAL(L)', 'LTct', 'Ov(L)', 'Ov(R)', 'PED(L)', 'PLP(L)', 'PVLP(L)', 'SAD', 'SCL(L)', 'SPS(L)', 'SPS(R)', 'VES(L)', 'VES(R)', 'VNC', 'VNC-unspecified', 'WED(L)']","['AMMC(L)', 'AMMC(R)', 'ANm', 'AVLP(L)', 'CAN(R)', 'CV', 'CV-unspecified', 'CentralBrain', 'CentralBrain-unspecified', 'EPA(L)', 'FLA(L)', 'FLA(R)', 'GNG', 'GOR(L)', 'IB', 'ICL(L)', 'IntTct', 'LTct', 'Ov(L)', 'Ov(R)', 'PLP(L)', 'PVLP(L)', 'SAD', 'SPS(L)', 'SPS(R)', 'VES(R)', 'VNC', 'VNC-unspecified', 'WED(L)']"
10010,DNp01(GF)_L,DNp01,976,24896,4382,24896,90872400261,Traced,Roughly traced,"[58238, 22234, 36276]","{'AMMC(L)': {'post': 2671, 'pre': 14, 'downstream': 64, 'upstream': 2671, 'synweight': 2735}, 'AVLP(L)': {'post': 10, 'upstream': 10, 'synweight': 10}, 'CV': {'post': 860, 'pre': 133, 'downstream': 547, 'upstream': 860, 'synweight': 1407}, 'CV-unspecified': {'post': 860, 'pre': 133, 'downstream': 547, 'upstream': 860, 'synweight': 1407}, 'CentralBrain': {'post': 21295, 'pre': 268, 'downstream': 1241, 'upstream': 21295, 'synweight': 22536}, 'CentralBrain-unspecified': {'post': 1156, 'pre': 122, 'downstream': 618, 'upstream': 1156, 'synweight': 1774}, 'EPA(L)': {'post': 657, 'pre': 6, 'downstream': 23, 'upstream': 657, 'synweight': 680}, 'GOR(L)': {'post': 1965, 'pre': 28, 'downstream': 128, 'upstream': 1965, 'synweight': 2093}, 'ICL(L)': {'post': 649, 'pre': 4, 'downstream': 13, 'upstream': 649, 'synweight': 662}, 'IntTct': {'post': 146, 'pre': 59, 'downstream': 206, 'upstream': 146, 'synweight': 352}, 'LTct': {'post': 1238, 'pre': 324, 'downstream': 1478, 'upstream': 1238, 'synweight': 2716}, 'PLP(L)': {'post': 8, 'upstream': 8, 'synweight': 8}, 'PVLP(L)': {'post': 10384, 'pre': 39, 'downstream': 153, 'upstream': 10384, 'synweight': 10537}, 'SAD': {'post': 2288, 'pre': 49, 'downstream': 218, 'upstream': 2288, 'synweight': 2506}, 'SPS(L)': {'post': 8, 'upstream': 8, 'synweight': 8}, 'VNC': {'post': 2741, 'pre': 575, 'downstream': 2594, 'upstream': 2741, 'synweight': 5335}, 'VNC-unspecified': {'post': 1357, 'pre': 192, 'downstream': 910, 'upstream': 1357, 'synweight': 2267}, 'WED(L)': {'post': 1499, 'pre': 6, 'downstream': 24, 'upstream': 1499, 'synweight': 1523}}",10001.0,0.5281116962432861,976,,,lt,,DNp01,DNp01,29278,,putative_primary,Kennedy and Broadie 2018: GF,10002.0,10000.0,,descending_neuron,acetylcholine,,Giant Fiber,,,early,,,,,1991,,,acetylcholine,0.556980550289154,,,,acetylcholine,L,"['AMMC(L)', 'AVLP(L)', 'CV', 'CV-unspecified', 'CentralBrain', 'CentralBrain-unspecified', 'EPA(L)', 'GOR(L)', 'ICL(L)', 'IntTct', 'LTct', 'PLP(L)', 'PVLP(L)', 'SAD', 'SPS(L)', 'VNC', 'VNC-unspecified', 'WED(L)']","['AMMC(L)', 'CV', 'CV-unspecified', 'CentralBrain', 'CentralBrain-unspecified', 'EPA(L)', 'GOR(L)', 'ICL(L)', 'IntTct', 'LTct', 'PVLP(L)', 'SAD', 'VNC', 'VNC-unspecified', 'WED(L)']"
10360,DNa02_R,DNa02,3086,24830,23488,24830,15625110542,Traced,Prelim Roughly traced,"[33699, 18906, 15758]","{'ANm': {'post': 9, 'pre': 33, 'downstream': 220, 'upstream': 9, 'synweight': 229}, 'CRE(R)': {'post': 11, 'upstream': 11, 'synweight': 11}, 'CV': {'post': 74, 'pre': 10, 'downstream': 45, 'upstream': 74, 'synweight': 119}, 'CV-unspecified': {'post': 74, 'pre': 10, 'downstream': 45, 'upstream': 74, 'synweight': 119}, 'CentralBrain': {'post': 24074, 'pre': 821, 'downstream': 6335, 'upstream': 24074, 'synweight': 30409}, 'CentralBrain-unspecified': {'post': 334, 'pre': 39, 'downstream': 103, 'upstream': 334, 'synweight': 437}, 'EPA(R)': {'post': 1279, 'pre': 10, 'downstream': 97, 'upstream': 1279, 'synweight': 1376}, 'GNG': {'post': 1461, 'pre': 313, 'downstream': 2604, 'upstream': 1461, 'synweight': 4065}, 'GOR(R)': {'post': 262, 'pre': 2, 'downstream': 4, 'upstream': 262, 'synweight': 266}, 'HTct(UTct-T3)(R)': {'post': 50, 'pre': 148, 'downstream': 977, 'upstream': 50, 'synweight': 1027}, 'ICL(R)': {'post': 189, 'upstream': 189, 'synweight': 189}, 'IPS(R)': {'post': 3141, 'pre': 418, 'downstream': 3418, 'upstream': 3141, 'synweight': 6559}, 'IntTct': {'post': 33, 'pre': 129, 'downstream': 882, 'upstream': 33, 'synweight': 915}, 'LAL(R)': {'post': 8456, 'pre': 24, 'downstream': 64, 'upstream': 8456, 'synweight': 8520}, 'LegNp(T1)(R)': {'post': 257, 'pre': 818, 'downstream': 6482, 'upstream': 257, 'synweight': 6739}, 'LegNp(T2)(R)': {'post': 176, 'pre': 495, 'downstream': 3766, 'upstream': 176, 'synweight': 3942}, 'LegNp(T3)(R)': {'post': 126, 'pre': 517, 'downstream': 4064, 'upstream': 126, 'synweight': 4190}, 'NTct(UTct-T1)(R)': {'post': 19, 'pre': 93, 'downstream': 609, 'upstream': 19, 'synweight': 628}, 'PLP(R)': {'post': 890, 'pre': 1, 'downstream': 5, 'upstream': 890, 'synweight': 895}, 'PVLP(R)': {'post': 317, 'upstream': 317, 'synweight': 317}, 'SAD': {'post': 1, 'upstream': 1, 'synweight': 1}, 'SCL(R)': {'post': 13, 'upstream': 13, 'synweight': 13}, 'SIP(R)': {'post': 28, 'upstream': 28, 'synweight': 28}, 'SPS(R)': {'post': 2009, 'pre': 7, 'downstream': 18, 'upstream': 2009, 'synweight': 2027}, 'VES(R)': {'post': 4888, 'pre': 6, 'downstream': 19, 'upstream': 4888, 'synweight': 4907}, 'VNC': {'post': 682, 'pre': 2255, 'downstream': 17108, 'upstream': 682, 'synweight': 17790}, 'VNC-unspecified': {'post': 3, 'pre': 5, 'downstream': 18, 'upstream': 3, 'synweight': 21}, 'WED(R)': {'post': 795, 'pre': 1, 'downstream': 3, 'upstream': 795, 'synweight': 798}, 'WTct(UTct-T2)(R)': {'post': 9, 'pre': 17, 'downstream': 90, 'upstream': 9, 'synweight': 99}}",10360.0,0.9460335373878479,3086,,,xl,,DNa02,DNa02,48318,,WEDd1,,10118.0,10118.0,,descending_neuron,acetylcholine,,DNa02,10360,,,,,,,6253,,,acetylcholine,0.941731333732605,,,,acetylcholine,R,"['ANm', 'CRE(R)', 'CV', 'CV-unspecified', 'CentralBrain', 'CentralBrain-unspecified', 'EPA(R)', 'GNG', 'GOR(R)', 'HTct(UTct-T3)(R)', 'ICL(R)', 'IPS(R)', 'IntTct', 'LAL(R)', 'LegNp(T1)(R)', 'LegNp(T2)(R)', 'LegNp(T3)(R)', 'NTct(UTct-T1)(R)', 'PLP(R)', 'PVLP(R)', 'SAD', 'SCL(R)', 'SIP(R)', 'SPS(R)', 'VES(R)', 'VNC', 'VNC-unspecified', 'WED(R)', 'WTct(UTct-T2)(R)']","['ANm', 'CV', 'CV-unspecified', 'CentralBrain', 'CentralBrain-unspecified', 'EPA(R)', 'GNG', 'GOR(R)', 'HTct(UTct-T3)(R)', 'IPS(R)', 'IntTct', 'LAL(R)', 'LegNp(T1)(R)', 'LegNp(T2)(R)', 'LegNp(T3)(R)', 'NTct(UTct-T1)(R)', 'PLP(R)', 'SPS(R)', 'VES(R)', 'VNC', 'VNC-unspecified', 'WED(R)', 'WTct(UTct-T2)(R)']"
523769,DNa02_L,DNa02,3167,24527,24134,24527,15678046977,Traced,Prelim Roughly traced,"[61859, 18876, 14052]","{'AL(L)': {'post': 4, 'upstream': 4, 'synweight': 4}, 'ANm': {'post': 17, 'pre': 64, 'downstream': 410, 'upstream': 17, 'synweight': 427}, 'CV': {'post': 31, 'pre': 5, 'downstream': 19, 'upstream': 31, 'synweight': 50}, 'CV-unspecified': {'post': 31, 'pre': 5, 'downstream': 19, 'upstream': 31, 'synweight': 50}, 'CentralBrain': {'post': 23756, 'pre': 704, 'downstream': 5623, 'upstream': 23756, 'synweight': 29379}, 'CentralBrain-unspecified': {'post': 563, 'pre': 25, 'downstream': 93, 'upstream': 563, 'synweight': 656}, 'EPA(L)': {'post': 1302, 'pre': 2, 'downstream': 10, 'upstream': 1302, 'synweight': 1312}, 'GNG': {'post': 1593, 'pre': 244, 'downstream': 1997, 'upstream': 1593, 'synweight': 3590}, 'GOR(L)': {'post': 267, 'upstream': 267, 'synweight': 267}, 'HTct(UTct-T3)(L)': {'post': 35, 'pre': 137, 'downstream': 930, 'upstream': 35, 'synweight': 965}, 'ICL(L)': {'post': 166, 'upstream': 166, 'synweight': 166}, 'IPS(L)': {'post': 2832, 'pre': 404, 'downstream': 3431, 'upstream': 2832, 'synweight': 6263}, 'IntTct': {'post': 62, 'pre': 182, 'downstream': 1383, 'upstream': 62, 'synweight': 1445}, 'LAL(L)': {'post': 7960, 'pre': 23, 'downstream': 66, 'upstream': 7960, 'synweight': 8026}, 'LegNp(T1)(L)': {'post': 246, 'pre': 770, 'downstream': 6031, 'upstream': 246, 'synweight': 6277}, 'LegNp(T2)(L)': {'post': 184, 'pre': 503, 'downstream': 3876, 'upstream': 184, 'synweight': 4060}, 'LegNp(T3)(L)': {'post': 157, 'pre': 578, 'downstream': 4406, 'upstream': 157, 'synweight': 4563}, 'NTct(UTct-T1)(L)': {'post': 21, 'pre': 190, 'downstream': 1292, 'upstream': 21, 'synweight': 1313}, 'PLP(L)': {'post': 635, 'upstream': 635, 'synweight': 635}, 'PVLP(L)': {'post': 272, 'upstream': 272, 'synweight': 272}, 'SAD': {'post': 19, 'upstream': 19, 'synweight': 19}, 'SPS(L)': {'post': 1700, 'pre': 3, 'downstream': 8, 'upstream': 1700, 'synweight': 1708}, 'VES(L)': {'post': 5765, 'pre': 3, 'downstream': 18, 'upstream': 5765, 'synweight': 5783}, 'VNC': {'post': 740, 'pre': 2458, 'downstream': 18492, 'upstream': 740, 'synweight': 19232}, 'VNC-unspecified': {'post': 17, 'pre': 30, 'downstream': 159, 'upstream': 17, 'synweight': 176}, 'WED(L)': {'post': 678, 'upstream': 678, 'synweight': 678}, 'WTct(UTct-T2)(L)': {'post': 1, 'pre': 4, 'downstream': 5, 'upstream': 1, 'synweight': 6}}",10360.0,0.9460335373878479,3167,,,xl,,DNa02,DNa02,48661,,WEDd1,,10126.0,10118.0,,descending_neuron,acetylcholine,,DNa02,10360,,,,,,,6253,,,acetylcholine,0.9502256512641907,,,,acetylcholine,L,"['AL(L)', 'ANm', 'CV', 'CV-unspecified', 'CentralBrain', 'CentralBrain-unspecified', 'EPA(L)', 'GNG', 'GOR(L)', 'HTct(UTct-T3)(L)', 'ICL(L)', 'IPS(L)', 'IntTct', 'LAL(L)', 'LegNp(T1)(L)', 'LegNp(T2)(L)', 'LegNp(T3)(L)', 'NTct(UTct-T1)(L)', 'PLP(L)', 'PVLP(L)', 'SAD', 'SPS(L)', 'VES(L)', 'VNC', 'VNC-unspecified', 'WED(L)', 'WTct(UTct-T2)(L)']","['ANm', 'CV', 'CV-unspecified', 'CentralBrain', 'CentralBrain-unspecified', 'EPA(L)', 'GNG', 'HTct(UTct-T3)(L)', 'IPS(L)', 'IntTct', 'LAL(L)', 'LegNp(T1)(L)', 'LegNp(T2)(L)', 'LegNp(T3)(L)', 'NTct(UTct-T1)(L)', 'SPS(L)', 'VES(L)', 'VNC', 'VNC-unspecified', 'WTct(UTct-T2)(L)']"
10228,DNp06_L,DNp06,3003,23365,20935,23365,10587551113,Traced,Prelim Roughly traced,"[59023, 21254, 36260]","{'AMMC(L)': {'post': 628, 'pre': 4, 'downstream': 18, 'upstream': 628, 'synweight': 646}, 'ANm': {'post': 26, 'pre': 368, 'downstream': 3020, 'upstream': 26, 'synweight': 3046}, 'AVLP(L)': {'post': 5779, 'pre': 8, 'downstream': 39, 'upstream': 5779, 'synweight': 5818}, 'CV': {'post': 122, 'pre': 52, 'downstream': 197, 'upstream': 122, 'synweight': 319}, 'CV-unspecified': {'post': 122, 'pre': 52, 'downstream': 197, 'upstream': 122, 'synweight': 319}, 'CentralBrain': {'post': 22897, 'pre': 712, 'downstream': 5793, 'upstream': 22897, 'synweight': 28690}, 'CentralBrain-unspecified': {'post': 831, 'pre': 15, 'downstream': 81, 'upstream': 831, 'synweight': 912}, 'EPA(L)': {'post': 321, 'upstream': 321, 'synweight': 321}, 'GNG': {'post': 58, 'pre': 354, 'downstream': 2925, 'upstream': 58, 'synweight': 2983}, 'GOR(L)': {'post': 390, 'upstream': 390, 'synweight': 390}, 'ICL(L)': {'post': 615, 'pre': 1, 'downstream': 5, 'upstream': 615, 'synweight': 620}, 'IntTct': {'post': 9, 'pre': 50, 'downstream': 384, 'upstream': 9, 'synweight': 393}, 'LTct': {'post': 237, 'pre': 1455, 'downstream': 9173, 'upstream': 237, 'synweight': 9410}, 'LegNp(T1)(L)': {'post': 14, 'pre': 60, 'downstream': 488, 'upstream': 14, 'synweight': 502}, 'LegNp(T3)(L)': {'post': 6, 'pre': 15, 'downstream': 113, 'upstream': 6, 'synweight': 119}, 'Ov(L)': {'post': 32, 'pre': 186, 'downstream': 1145, 'upstream': 32, 'synweight': 1177}, 'PLP(L)': {'post': 1214, 'pre': 2, 'downstream': 6, 'upstream': 1214, 'synweight': 1220}, 'PVLP(L)': {'post': 9667, 'pre': 19, 'downstream': 75, 'upstream': 9667, 'synweight': 9742}, 'SAD': {'post': 1090, 'pre': 299, 'downstream': 2609, 'upstream': 1090, 'synweight': 3699}, 'SPS(L)': {'post': 5, 'upstream': 5, 'synweight': 5}, 'VNC': {'post': 346, 'pre': 2239, 'downstream': 14945, 'upstream': 346, 'synweight': 15291}, 'VNC-unspecified': {'post': 22, 'pre': 105, 'downstream': 622, 'upstream': 22, 'synweight': 644}, 'WED(L)': {'post': 2299, 'pre': 10, 'downstream': 35, 'upstream': 2299, 'synweight': 2334}}",10228.0,0.9492767453193665,3003,,,lt,,DNp06,DNp06,44300,,SMPpv2_ventral,Matsuo 2016: AMMC-Di5,11221.0,10634.0,,descending_neuron,acetylcholine,,DNp06,10228,,,17A_put2,,,,5826,,,acetylcholine,0.9492088556289673,PC,,,acetylcholine,L,"['AMMC(L)', 'ANm', 'AVLP(L)', 'CV', 'CV-unspecified', 'CentralBrain', 'CentralBrain-unspecified', 'EPA(L)', 'GNG', 'GOR(L)', 'ICL(L)', 'IntTct', 'LTct', 'LegNp(T1)(L)', 'LegNp(T3)(L)', 'Ov(L)', 'PLP(L)', 'PVLP(L)', 'SAD', 'SPS(L)', 'VNC', 'VNC-unspecified', 'WED(L)']","['AMMC(L)', 'ANm', 'AVLP(L)', 'CV', 'CV-unspecified', 'CentralBrain', 'CentralBrain-unspecified', 'GNG', 'ICL(L)', 'IntTct', 'LTct', 'LegNp(T1)(L)', 'LegNp(T3)(L)', 'Ov(L)', 'PLP(L)', 'PVLP(L)', 'SAD', 'VNC', 'VNC-unspecified', 'WED(L)']"
10030,pIP1_L,pIP1,5744,23050,44161,23050,24748480219,Traced,Roughly traced,"[56562, 17820, 34706]","{'AL(L)': {'post': 14, 'upstream': 14, 'synweight': 14}, 'AMMC(L)': {'post': 1387, 'pre': 1, 'downstream': 7, 'upstream': 1387, 'synweight': 1394}, 'ANm': {'post': 72, 'pre': 123, 'downstream': 988, 'upstream': 72, 'synweight': 1060}, 'AOTU(L)': {'post': 89, 'upstream': 89, 'synweight': 89}, 'AVLP(L)': {'post': 2389, 'pre': 11, 'downstream': 34, 'upstream': 2389, 'synweight': 2423}, 'BU(L)': {'pre': 1, 'downstream': 2, 'synweight': 2}, 'CV': {'post': 226, 'pre': 111, 'downstream': 454, 'upstream': 226, 'synweight': 680}, 'CV-unspecified': {'post': 226, 'pre': 111, 'downstream': 454, 'upstream': 226, 'synweight': 680}, 'CentralBrain': {'post': 21544, 'pre': 1960, 'downstream': 15114, 'upstream': 21544, 'synweight': 36658}, 'CentralBrain-unspecified': {'post': 741, 'pre': 20, 'downstream': 64, 'upstream': 741, 'synweight': 805}, 'EPA(L)': {'post': 1268, 'pre': 1, 'downstream': 6, 'upstream': 1268, 'synweight': 1274}, 'GNG': {'post': 2872, 'pre': 1590, 'downstream': 12608, 'upstream': 2872, 'synweight': 15480}, 'GOR(L)': {'post': 597, 'upstream': 597, 'synweight': 597}, 'HTct(UTct-T3)(L)': {'post': 1, 'pre': 11, 'downstream': 100, 'upstream': 1, 'synweight': 101}, 'ICL(L)': {'post': 487, 'pre': 1, 'downstream': 5, 'upstream': 487, 'synweight': 492}, 'IPS(L)': {'post': 66, 'pre': 184, 'downstream': 1405, 'upstream': 66, 'synweight': 1471}, 'IntTct': {'post': 40, 'pre': 83, 'downstream': 623, 'upstream': 40, 'synweight': 663}, 'LAL(L)': {'post': 581, 'pre': 3, 'downstream': 6, 'upstream': 581, 'synweight': 587}, 'LTct': {'post': 21, 'pre': 109, 'downstream': 950, 'upstream': 21, 'synweight': 971}, 'LegNp(T1)(L)': {'post': 417, 'pre': 1479, 'downstream': 11828, 'upstream': 417, 'synweight': 12245}, 'LegNp(T2)(L)': {'post': 173, 'pre': 562, 'downstream': 4244, 'upstream': 173, 'synweight': 4417}, 'LegNp(T3)(L)': {'post': 452, 'pre': 1121, 'downstream': 8516, 'upstream': 452, 'synweight': 8968}, 'NTct(UTct-T1)(L)': {'downstream': 6, 'synweight': 6}, 'PLP(L)': {'post': 1093, 'pre': 4, 'downstream': 10, 'upstream': 1093, 'synweight': 1103}, 'PVLP(L)': {'post': 4594, 'pre': 22, 'downstream': 97, 'upstream': 4594, 'synweight': 4691}, 'SAD': {'post': 2191, 'pre': 39, 'downstream': 281, 'upstream': 2191, 'synweight': 2472}, 'SCL(L)': {'post': 101, 'pre': 1, 'downstream': 8, 'upstream': 101, 'synweight': 109}, 'SIP(L)': {'post': 452, 'pre': 5, 'downstream': 28, 'upstream': 452, 'synweight': 480}, 'SMP(L)': {'post': 3, 'upstream': 3, 'synweight': 3}, 'SPS(L)': {'post': 391, 'upstream': 391, 'synweight': 391}, 'VES(L)': {'post': 1016, 'pre': 59, 'downstream': 436, 'upstream': 1016, 'synweight': 1452}, 'VNC': {'post': 1280, 'pre': 3673, 'downstream': 28593, 'upstream': 1280, 'synweight': 29873}, 'VNC-unspecified': {'post': 104, 'pre': 185, 'downstream': 1338, 'upstream': 104, 'synweight': 1442}, 'WED(L)': {'post': 1212, 'pre': 18, 'downstream': 117, 'upstream': 1212, 'synweight': 1329}}",10030.0,0.9447171092033386,5744,male-specific,,xl,,DNxl053,,67211,,,"Kimura 2008, Kohatsu 2010: P2b; Cachero 2010: pIP-a; Yu 2010: pIP1",10061.0,10061.0,,descending_neuron,acetylcholine,,,,,,,,,,11434,fru_high,,acetylcholine,0.9399555921554565,,,,acetylcholine,L,"['AL(L)', 'AMMC(L)', 'ANm', 'AOTU(L)', 'AVLP(L)', 'CV', 'CV-unspecified', 'CentralBrain', 'CentralBrain-unspecified', 'EPA(L)', 'GNG', 'GOR(L)', 'HTct(UTct-T3)(L)', 'ICL(L)', 'IPS(L)', 'IntTct', 'LAL(L)', 'LTct', 'LegNp(T1)(L)', 'LegNp(T2)(L)', 'LegNp(T3)(L)', 'PLP(L)', 'PVLP(L)', 'SAD', 'SCL(L)', 'SIP(L)', 'SMP(L)', 'SPS(L)', 'VES(L)', 'VNC', 'VNC-unspecified', 'WED(L)']","['AMMC(L)', 'ANm', 'AVLP(L)', 'BU(L)', 'CV', 'CV-unspecified', 'CentralBrain', 'CentralBrain-unspecified', 'EPA(L)', 'GNG', 'HTct(UTct-T3)(L)', 'ICL(L)', 'IPS(L)', 'IntTct', 'LAL(L)', 'LTct', 'LegNp(T1)(L)', 'LegNp(T2)(L)', 'LegNp(T3)(L)', 'PLP(L)', 'PVLP(L)', 'SAD', 'SCL(L)', 'SIP(L)', 'VES(L)', 'VNC', 'VNC-unspecified', 'WED(L)']"
800268,IN01B001_L,IN01B001,3878,22944,18701,22944,5497504035,Traced,Reviewed,"[55388, 45790, 116509]","{'ADMN(L)': {'post': 23, 'upstream': 23, 'synweight': 23}, 'ANm': {'post': 98, 'pre': 8, 'downstream': 38, 'upstream': 98, 'synweight': 136}, 'LegNp(T1)(L)': {'post': 3351, 'pre': 909, 'downstream': 4436, 'upstream': 3351, 'synweight': 7787}, 'LegNp(T2)(L)': {'post': 7055, 'pre': 1048, 'downstream': 5284, 'upstream': 7055, 'synweight': 12339}, 'LegNp(T3)(L)': {'post': 5926, 'pre': 975, 'downstream': 4632, 'upstream': 5926, 'synweight': 10558}, 'Ov(L)': {'post': 6358, 'pre': 936, 'downstream': 4299, 'upstream': 6358, 'synweight': 10657}, 'PDMN(L)': {'post': 8, 'upstream': 8, 'synweight': 8}, 'VNC': {'post': 22944, 'pre': 3878, 'downstream': 18701, 'upstream': 22944, 'synweight': 41645}, 'VNC-unspecified': {'post': 120, 'pre': 2, 'downstream': 12, 'upstream': 120, 'synweight': 132}, 'mVAC(T1)(L)': {'post': 5, 'upstream': 5, 'synweight': 5}}",800193.0,0.8937260508537292,3878,,,II,,IN01B001,,41645,,,,10563.0,10563.0,,vnc_intrinsic,gaba,,,,,early,01B,,,,6983,,,gaba,0.8931401371955872,A2,,,gaba,L,"['ADMN(L)', 'ANm', 'LegNp(T1)(L)', 'LegNp(T2)(L)', 'LegNp(T3)(L)', 'Ov(L)', 'PDMN(L)', 'VNC', 'VNC-unspecified', 'mVAC(T1)(L)']","['ANm', 'LegNp(T1)(L)', 'LegNp(T2)(L)', 'LegNp(T3)(L)', 'Ov(L)', 'VNC', 'VNC-unspecified']"
10592,AN08B012_L,AN08B012,2100,21916,13796,21916,6379084405,Traced,Prelim Roughly traced,"[58155, 60891, 114579]","{'AMMC(R)': {'post': 115, 'pre': 23, 'downstream': 120, 'upstream': 115, 'synweight': 235}, 'ANm': {'post': 56, 'pre': 51, 'downstream': 285, 'upstream': 56, 'synweight': 341}, 'AVLP(R)': {'post': 159, 'pre': 192, 'downstream': 1507, 'upstream': 159, 'synweight': 1666}, 'CV': {'post': 20, 'pre': 19, 'downstream': 52, 'upstream': 20, 'synweight': 72}, 'CV-unspecified': {'post': 20, 'pre': 19, 'downstream': 52, 'upstream': 20, 'synweight': 72}, 'CentralBrain': {'post': 6785, 'pre': 955, 'downstream': 7242, 'upstream': 6785, 'synweight': 14027}, 'CentralBrain-unspecified': {'post': 53, 'pre': 7, 'downstream': 43, 'upstream': 53, 'synweight': 96}, 'GNG': {'post': 6064, 'pre': 241, 'downstream': 1612, 'upstream': 6064, 'synweight': 7676}, 'IntTct': {'post': 26, 'pre': 29, 'downstream': 157, 'upstream': 26, 'synweight': 183}, 'LH(R)': {'post': 53, 'pre': 27, 'downstream': 202, 'upstream': 53, 'synweight': 255}, 'LTct': {'post': 323, 'pre': 266, 'downstream': 1460, 'upstream': 323, 'synweight': 1783}, 'LegNp(T1)(L)': {'post': 1178, 'pre': 45, 'downstream': 222, 'upstream': 1178, 'synweight': 1400}, 'LegNp(T1)(R)': {'post': 1941, 'pre': 57, 'downstream': 333, 'upstream': 1941, 'synweight': 2274}, 'LegNp(T2)(L)': {'post': 2350, 'pre': 46, 'downstream': 315, 'upstream': 2350, 'synweight': 2665}, 'LegNp(T2)(R)': {'post': 1858, 'pre': 43, 'downstream': 255, 'upstream': 1858, 'synweight': 2113}, 'LegNp(T3)(L)': {'post': 1548, 'pre': 50, 'downstream': 333, 'upstream': 1548, 'synweight': 1881}, 'LegNp(T3)(R)': {'post': 1533, 'pre': 77, 'downstream': 490, 'upstream': 1533, 'synweight': 2023}, 'Ov(L)': {'post': 2062, 'pre': 182, 'downstream': 1059, 'upstream': 2062, 'synweight': 3121}, 'Ov(R)': {'post': 1793, 'pre': 192, 'downstream': 1066, 'upstream': 1793, 'synweight': 2859}, 'PDMN(R)': {'post': 51, 'upstream': 51, 'synweight': 51}, 'PVLP(R)': {'post': 218, 'pre': 324, 'downstream': 2737, 'upstream': 218, 'synweight': 2955}, 'SAD': {'post': 112, 'pre': 123, 'downstream': 887, 'upstream': 112, 'synweight': 999}, 'VNC': {'post': 15111, 'pre': 1126, 'downstream': 6502, 'upstream': 15111, 'synweight': 21613}, 'VNC-unspecified': {'post': 258, 'pre': 43, 'downstream': 232, 'upstream': 258, 'synweight': 490}, 'WED(R)': {'post': 11, 'pre': 18, 'downstream': 134, 'upstream': 11, 'synweight': 145}, 'mVAC(T1)(R)': {'post': 15, 'pre': 9, 'downstream': 54, 'upstream': 15, 'synweight': 69}, 'mVAC(T2)(L)': {'post': 78, 'pre': 9, 'downstream': 72, 'upstream': 78, 'synweight': 150}, 'mVAC(T2)(R)': {'post': 41, 'pre': 27, 'downstream': 169, 'upstream': 41, 'synweight': 210}}",10592.0,0.9454150199890137,2100,,,BA,10879.0,AN08B012,AN_multi_60,35712,,,,10879.0,10879.0,,ascending_neuron,acetylcholine,,,,,early,08B,,biological variability mcns,,8186,,brain convergent,acetylcholine,0.9167420864105225,T3,10592.0,,acetylcholine,L,"['AMMC(R)', 'ANm', 'AVLP(R)', 'CV', 'CV-unspecified', 'CentralBrain', 'CentralBrain-unspecified', 'GNG', 'IntTct', 'LH(R)', 'LTct', 'LegNp(T1)(L)', 'LegNp(T1)(R)', 'LegNp(T2)(L)', 'LegNp(T2)(R)', 'LegNp(T3)(L)', 'LegNp(T3)(R)', 'Ov(L)', 'Ov(R)', 'PDMN(R)', 'PVLP(R)', 'SAD', 'VNC', 'VNC-unspecified', 'WED(R)', 'mVAC(T1)(R)', 'mVAC(T2)(L)', 'mVAC(T2)(R)']","['AMMC(R)', 'ANm', 'AVLP(R)', 'CV', 'CV-unspecified', 'CentralBrain', 'CentralBrain-unspecified', 'GNG', 'IntTct', 'LH(R)', 'LTct', 'LegNp(T1)(L)', 'LegNp(T1)(R)', 'LegNp(T2)(L)', 'LegNp(T2)(R)', 'LegNp(T3)(L)', 'LegNp(T3)(R)', 'Ov(L)', 'Ov(R)', 'PVLP(R)', 'SAD', 'VNC', 'VNC-unspecified', 'WED(R)', 'mVAC(T1)(R)', 'mVAC(T2)(L)', 'mVAC(T2)(R)']"
10177,DNg16_L,DNg16,3070,21914,21033,21914,14276492745,Traced,Prelim Roughly traced,"[62490, 39414, 34604]","{'AMMC(L)': {'post': 51, 'upstream': 51, 'synweight': 51}, 'CV': {'post': 70, 'pre': 19, 'downstream': 88, 'upstream': 70, 'synweight': 158}, 'CV-unspecified': {'post': 70, 'pre': 19, 'downstream': 88, 'upstream': 70, 'synweight': 158}, 'CentralBrain': {'post': 21200, 'pre': 895, 'downstream': 5302, 'upstream': 21200, 'synweight': 26502}, 'CentralBrain-unspecified': {'post': 664, 'pre': 70, 'downstream': 416, 'upstream': 664, 'synweight': 1080}, 'FLA(L)': {'post': 18, 'downstream': 4, 'upstream': 18, 'synweight': 22}, 'FLA(R)': {'post': 134, 'upstream': 134, 'synweight': 134}, 'GNG': {'post': 18124, 'pre': 761, 'downstream': 4503, 'upstream': 18124, 'synweight': 22627}, 'HTct(UTct-T3)(L)': {'pre': 9, 'downstream': 79, 'synweight': 79}, 'IPS(L)': {'post': 80, 'pre': 5, 'downstream': 34, 'upstream': 80, 'synweight': 114}, 'IPS(R)': {'post': 141, 'pre': 10, 'downstream': 41, 'upstream': 141, 'synweight': 182}, 'IntTct': {'post': 10, 'pre': 16, 'downstream': 51, 'upstream': 10, 'synweight': 61}, 'LTct': {'post': 16, 'pre': 50, 'downstream': 371, 'upstream': 16, 'synweight': 387}, 'LegNp(T1)(L)': {'post': 252, 'pre': 820, 'downstream': 5738, 'upstream': 252, 'synweight': 5990}, 'LegNp(T2)(L)': {'post': 132, 'pre': 598, 'downstream': 4525, 'upstream': 132, 'synweight': 4657}, 'LegNp(T3)(L)': {'post': 178, 'pre': 535, 'downstream': 4008, 'upstream': 178, 'synweight': 4186}, 'NTct(UTct-T1)(L)': {'post': 5, 'pre': 46, 'downstream': 273, 'upstream': 5, 'synweight': 278}, 'Optic(L)': {'post': 13, 'upstream': 13, 'synweight': 13}, 'Optic-unspecified(L)': {'post': 13, 'upstream': 13, 'synweight': 13}, 'SAD': {'post': 978, 'pre': 35, 'downstream': 220, 'upstream': 978, 'synweight': 1198}, 'VES(L)': {'post': 721, 'pre': 9, 'downstream': 52, 'upstream': 721, 'synweight': 773}, 'VES(R)': {'post': 187, 'pre': 1, 'downstream': 6, 'upstream': 187, 'synweight': 193}, 'VNC': {'post': 631, 'pre': 2156, 'downstream': 15643, 'upstream': 631, 'synweight': 16274}, 'VNC-unspecified': {'post': 35, 'pre': 70, 'downstream': 502, 'upstream': 35, 'synweight': 537}, 'WED(L)': {'post': 56, 'pre': 3, 'downstream': 20, 'upstream': 56, 'synweight': 76}, 'WED(R)': {'post': 46, 'pre': 1, 'downstream': 6, 'upstream': 46, 'synweight': 52}, 'WTct(UTct-T2)(L)': {'post': 2, 'pre': 2, 'downstream': 7, 'upstream': 2, 'synweight': 9}, 'mVAC(T2)(L)': {'post': 1, 'pre': 10, 'downstream': 89, 'upstream': 1, 'synweight': 90}}",10177.0,0.9401665329933167,3070,,,xl,,DNg16,DNg16,42947,,LB11,,10138.0,10138.0,,descending_neuron,acetylcholine,,,10177,,early,11A_put1,,,,6031,,,acetylcholine,0.945034384727478,LB,,,acetylcholine,L,"['AMMC(L)', 'CV', 'CV-unspecified', 'CentralBrain', 'CentralBrain-unspecified', 'FLA(L)', 'FLA(R)', 'GNG', 'IPS(L)', 'IPS(R)', 'IntTct', 'LTct', 'LegNp(T1)(L)', 'LegNp(T2)(L)', 'LegNp(T3)(L)', 'NTct(UTct-T1)(L)', 'Optic(L)', 'Optic-unspecified(L)', 'SAD', 'VES(L)', 'VES(R)', 'VNC', 'VNC-unspecified', 'WED(L)', 'WED(R)', 'WTct(UTct-T2)(L)', 'mVAC(T2)(L)']","['CV', 'CV-unspecified', 'CentralBrain', 'CentralBrain-unspecified', 'GNG', 'HTct(UTct-T3)(L)', 'IPS(L)', 'IPS(R)', 'IntTct', 'LTct', 'LegNp(T1)(L)', 'LegNp(T2)(L)', 'LegNp(T3)(L)', 'NTct(UTct-T1)(L)', 'SAD', 'VES(L)', 'VES(R)', 'VNC', 'VNC-unspecified', 'WED(L)', 'WED(R)', 'WTct(UTct-T2)(L)', 'mVAC(T2)(L)']"
10045,DNg100_L,DNg100,7035,21592,51033,21592,16688976137,Traced,Prelim Roughly traced,"[60784, 39259, 24368]","{'ADMN(R)': {'pre': 1, 'downstream': 3, 'synweight': 3}, 'AMMC(L)': {'post': 186, 'pre': 1, 'downstream': 3, 'upstream': 186, 'synweight': 189}, 'AMMC(R)': {'post': 199, 'pre': 2, 'downstream': 7, 'upstream': 199, 'synweight': 206}, 'ANm': {'post': 33, 'pre': 175, 'downstream': 1185, 'upstream': 33, 'synweight': 1218}, 'CAN(L)': {'post': 140, 'pre': 1, 'downstream': 4, 'upstream': 140, 'synweight': 144}, 'CAN(R)': {'post': 166, 'pre': 3, 'downstream': 15, 'upstream': 166, 'synweight': 181}, 'CV': {'post': 15, 'pre': 16, 'downstream': 55, 'upstream': 15, 'synweight': 70}, 'CV-unspecified': {'post': 15, 'pre': 16, 'downstream': 55, 'upstream': 15, 'synweight': 70}, 'CentralBrain': {'post': 21075, 'pre': 1990, 'downstream': 14848, 'upstream': 21075, 'synweight': 35923}, 'CentralBrain-unspecified': {'post': 441, 'pre': 47, 'downstream': 243, 'upstream': 441, 'synweight': 684}, 'FLA(L)': {'post': 728, 'pre': 5, 'downstream': 25, 'upstream': 728, 'synweight': 753}, 'FLA(R)': {'post': 697, 'pre': 4, 'downstream': 19, 'upstream': 697, 'synweight': 716}, 'GNG': {'post': 12179, 'pre': 974, 'downstream': 6772, 'upstream': 12179, 'synweight': 18951}, 'HTct(UTct-T3)(R)': {'post': 3, 'pre': 7, 'downstream': 56, 'upstream': 3, 'synweight': 59}, 'IPS(L)': {'post': 122, 'pre': 1, 'downstream': 4, 'upstream': 122, 'synweight': 126}, 'IPS(R)': {'post': 126, 'pre': 5, 'downstream': 27, 'upstream': 126, 'synweight': 153}, 'IntTct': {'pre': 4, 'downstream': 46, 'synweight': 46}, 'LAL(R)': {'post': 1, 'pre': 31, 'downstream': 281, 'upstream': 1, 'synweight': 282}, 'LTct': {'post': 19, 'pre': 193, 'downstream': 1525, 'upstream': 19, 'synweight': 1544}, 'LegNp(T1)(R)': {'post': 164, 'pre': 1770, 'downstream': 12307, 'upstream': 164, 'synweight': 12471}, 'LegNp(T2)(R)': {'post': 98, 'pre': 1377, 'downstream': 10136, 'upstream': 98, 'synweight': 10234}, 'LegNp(T3)(R)': {'post': 155, 'pre': 1307, 'downstream': 9538, 'upstream': 155, 'synweight': 9693}, 'MesoAN(R)': {'pre': 2, 'downstream': 17, 'synweight': 17}, 'NTct(UTct-T1)(R)': {'post': 2, 'pre': 25, 'downstream': 158, 'upstream': 2, 'synweight': 160}, 'Ov(R)': {'pre': 6, 'downstream': 49, 'synweight': 49}, 'SAD': {'post': 2072, 'pre': 61, 'downstream': 388, 'upstream': 2072, 'synweight': 2460}, 'VES(L)': {'post': 1712, 'pre': 13, 'downstream': 56, 'upstream': 1712, 'synweight': 1768}, 'VES(R)': {'post': 2044, 'pre': 385, 'downstream': 3304, 'upstream': 2044, 'synweight': 5348}, 'VNC': {'post': 502, 'pre': 5029, 'downstream': 36130, 'upstream': 502, 'synweight': 36632}, 'VNC-unspecified': {'post': 26, 'pre': 135, 'downstream': 974, 'upstream': 26, 'synweight': 1000}, 'WED(L)': {'post': 75, 'pre': 1, 'downstream': 7, 'upstream': 75, 'synweight': 82}, 'WED(R)': {'post': 187, 'pre': 456, 'downstream': 3693, 'upstream': 187, 'synweight': 3880}, 'WTct(UTct-T2)(R)': {'post': 2, 'pre': 27, 'downstream': 136, 'upstream': 2, 'synweight': 138}}",10045.0,0.9542316794395447,7035,,,xl,,DNg100,DNg100,72625,,putative_primary,Sapkal 2024: BDN2,10339.0,10093.0,,descending_neuron,acetylcholine,,,,,early,,,,,14507,,,acetylcholine,0.9526461958885193,,,,acetylcholine,L,"['AMMC(L)', 'AMMC(R)', 'ANm', 'CAN(L)', 'CAN(R)', 'CV', 'CV-unspecified', 'CentralBrain', 'CentralBrain-unspecified', 'FLA(L)', 'FLA(R)', 'GNG', 'HTct(UTct-T3)(R)', 'IPS(L)', 'IPS(R)', 'LAL(R)', 'LTct', 'LegNp(T1)(R)', 'LegNp(T2)(R)', 'LegNp(T3)(R)', 'NTct(UTct-T1)(R)', 'SAD', 'VES(L)', 'VES(R)', 'VNC', 'VNC-unspecified', 'WED(L)', 'WED(R)', 'WTct(UTct-T2)(R)']","['ADMN(R)', 'AMMC(L)', 'AMMC(R)', 'ANm', 'CAN(L)', 'CAN(R)', 'CV', 'CV-unspecified', 'CentralBrain', 'CentralBrain-unspecified', 'FLA(L)', 'FLA(R)', 'GNG', 'HTct(UTct-T3)(R)', 'IPS(L)', 'IPS(R)', 'IntTct', 'LAL(R)', 'LTct', 'LegNp(T1)(R)', 'LegNp(T2)(R)', 'LegNp(T3)(R)', 'MesoAN(R)', 'NTct(UTct-T1)(R)', 'Ov(R)', 'SAD', 'VES(L)', 'VES(R)', 'VNC', 'VNC-unspecified', 'WED(L)', 'WED(R)', 'WTct(UTct-T2)(R)']"
10056,DNg100_R,DNg100,7472,21477,55262,21477,16542412146,Traced,Prelim Roughly traced,"[36306, 40516, 24466]","{'AMMC(L)': {'post': 206, 'pre': 55, 'downstream': 391, 'upstream': 206, 'synweight': 597}, 'AMMC(R)': {'post': 147, 'pre': 1, 'downstream': 2, 'upstream': 147, 'synweight': 149}, 'ANm': {'post': 22, 'pre': 100, 'downstream': 622, 'upstream': 22, 'synweight': 644}, 'CAN(L)': {'post': 142, 'pre': 1, 'downstream': 4, 'upstream': 142, 'synweight': 146}, 'CAN(R)': {'post': 198, 'upstream': 198, 'synweight': 198}, 'CV': {'post': 65, 'pre': 24, 'downstream': 70, 'upstream': 65, 'synweight': 135}, 'CV-unspecified': {'post': 65, 'pre': 24, 'downstream': 70, 'upstream': 65, 'synweight': 135}, 'CentralBrain': {'post': 20927, 'pre': 2362, 'downstream': 18249, 'upstream': 20927, 'synweight': 39176}, 'CentralBrain-unspecified': {'post': 471, 'pre': 70, 'downstream': 500, 'upstream': 471, 'synweight': 971}, 'FLA(L)': {'post': 665, 'pre': 6, 'downstream': 32, 'upstream': 665, 'synweight': 697}, 'FLA(R)': {'post': 760, 'pre': 3, 'downstream': 10, 'upstream': 760, 'synweight': 770}, 'GNG': {'post': 11438, 'pre': 883, 'downstream': 6198, 'upstream': 11438, 'synweight': 17636}, 'GOR(L)': {'post': 1, 'pre': 6, 'downstream': 63, 'upstream': 1, 'synweight': 64}, 'HTct(UTct-T3)(L)': {'pre': 18, 'downstream': 184, 'synweight': 184}, 'IB': {'post': 5, 'pre': 37, 'downstream': 309, 'upstream': 5, 'synweight': 314}, 'IPS(L)': {'post': 154, 'pre': 119, 'downstream': 1038, 'upstream': 154, 'synweight': 1192}, 'IPS(R)': {'post': 148, 'upstream': 148, 'synweight': 148}, 'IntTct': {'pre': 7, 'downstream': 40, 'synweight': 40}, 'LAL(L)': {'downstream': 2, 'synweight': 2}, 'LTct': {'post': 13, 'pre': 154, 'downstream': 1203, 'upstream': 13, 'synweight': 1216}, 'LegNp(T1)(L)': {'post': 124, 'pre': 1899, 'downstream': 13650, 'upstream': 124, 'synweight': 13774}, 'LegNp(T2)(L)': {'post': 111, 'pre': 1492, 'downstream': 11031, 'upstream': 111, 'synweight': 11142}, 'LegNp(T3)(L)': {'post': 171, 'pre': 1209, 'downstream': 8863, 'upstream': 171, 'synweight': 9034}, 'NTct(UTct-T1)(L)': {'pre': 19, 'downstream': 96, 'synweight': 96}, 'Ov(L)': {'post': 2, 'pre': 12, 'downstream': 102, 'upstream': 2, 'synweight': 104}, 'PLP(L)': {'post': 1, 'pre': 5, 'downstream': 33, 'upstream': 1, 'synweight': 34}, 'SAD': {'post': 2035, 'pre': 67, 'downstream': 396, 'upstream': 2035, 'synweight': 2431}, 'SPS(L)': {'post': 33, 'pre': 174, 'downstream': 1547, 'upstream': 33, 'synweight': 1580}, 'SPS(R)': {'post': 10, 'upstream': 10, 'synweight': 10}, 'VES(L)': {'post': 2115, 'pre': 512, 'downstream': 4337, 'upstream': 2115, 'synweight': 6452}, 'VES(R)': {'post': 2135, 'pre': 38, 'downstream': 202, 'upstream': 2135, 'synweight': 2337}, 'VNC': {'post': 485, 'pre': 5086, 'downstream': 36943, 'upstream': 485, 'synweight': 37428}, 'VNC-unspecified': {'post': 39, 'pre': 129, 'downstream': 921, 'upstream': 39, 'synweight': 960}, 'WED(L)': {'post': 114, 'pre': 384, 'downstream': 3184, 'upstream': 114, 'synweight': 3298}, 'WED(R)': {'post': 149, 'pre': 1, 'downstream': 1, 'upstream': 149, 'synweight': 150}, 'WTct(UTct-T2)(L)': {'post': 3, 'pre': 46, 'downstream': 222, 'upstream': 3, 'synweight': 225}, 'mVAC(T2)(L)': {'pre': 1, 'downstream': 9, 'synweight': 9}}",10045.0,0.9542316794395447,7472,,,xl,,DNg100,DNg100,76739,,putative_primary,Sapkal 2024: BDN2,10093.0,10093.0,,descending_neuron,acetylcholine,,,,,early,,,,,14507,,,acetylcholine,0.9557243585586548,,,,acetylcholine,R,"['AMMC(L)', 'AMMC(R)', 'ANm', 'CAN(L)', 'CAN(R)', 'CV', 'CV-unspecified', 'CentralBrain', 'CentralBrain-unspecified', 'FLA(L)', 'FLA(R)', 'GNG', 'GOR(L)', 'IB', 'IPS(L)', 'IPS(R)', 'LTct', 'LegNp(T1)(L)', 'LegNp(T2)(L)', 'LegNp(T3)(L)', 'Ov(L)', 'PLP(L)', 'SAD', 'SPS(L)', 'SPS(R)', 'VES(L)', 'VES(R)', 'VNC', 'VNC-unspecified', 'WED(L)', 'WED(R)', 'WTct(UTct-T2)(L)']","['AMMC(L)', 'AMMC(R)', 'ANm', 'CAN(L)', 'CV', 'CV-unspecified', 'CentralBrain', 'CentralBrain-unspecified', 'FLA(L)', 'FLA(R)', 'GNG', 'GOR(L)', 'HTct(UTct-T3)(L)', 'IB', 'IPS(L)', 'IntTct', 'LTct', 'LegNp(T1)(L)', 'LegNp(T2)(L)', 'LegNp(T3)(L)', 'NTct(UTct-T1)(L)', 'Ov(L)', 'PLP(L)', 'SAD', 'SPS(L)', 'VES(L)', 'VES(R)', 'VNC', 'VNC-unspecified', 'WED(L)', 'WED(R)', 'WTct(UTct-T2)(L)', 'mVAC(T2)(L)']"
10038,pIP1_R,pIP1,5690,21379,43795,21379,23656011768,Traced,Roughly traced,"[39330, 19195, 35528]","{'AL(R)': {'post': 8, 'upstream': 8, 'synweight': 8}, 'AMMC(R)': {'post': 1833, 'pre': 20, 'downstream': 119, 'upstream': 1833, 'synweight': 1952}, 'ANm': {'post': 48, 'pre': 105, 'downstream': 888, 'upstream': 48, 'synweight': 936}, 'AOTU(R)': {'post': 55, 'pre': 1, 'downstream': 6, 'upstream': 55, 'synweight': 61}, 'AVLP(R)': {'post': 2406, 'pre': 8, 'downstream': 29, 'upstream': 2406, 'synweight': 2435}, 'CV': {'post': 578, 'pre': 120, 'downstream': 451, 'upstream': 578, 'synweight': 1029}, 'CV-unspecified': {'post': 578, 'pre': 120, 'downstream': 451, 'upstream': 578, 'synweight': 1029}, 'CentralBrain': {'post': 19608, 'pre': 2072, 'downstream': 16057, 'upstream': 19608, 'synweight': 35665}, 'CentralBrain-unspecified': {'post': 465, 'pre': 11, 'downstream': 55, 'upstream': 465, 'synweight': 520}, 'EPA(R)': {'post': 1058, 'pre': 3, 'downstream': 10, 'upstream': 1058, 'synweight': 1068}, 'FLA(R)': {'post': 8, 'upstream': 8, 'synweight': 8}, 'GNG': {'post': 2365, 'pre': 1812, 'downstream': 14341, 'upstream': 2365, 'synweight': 16706}, 'GOR(R)': {'post': 566, 'upstream': 566, 'synweight': 566}, 'ICL(R)': {'post': 470, 'upstream': 470, 'synweight': 470}, 'IPS(R)': {'post': 49, 'pre': 130, 'downstream': 1086, 'upstream': 49, 'synweight': 1135}, 'IntTct': {'post': 9, 'pre': 48, 'downstream': 398, 'upstream': 9, 'synweight': 407}, 'LAL(R)': {'post': 664, 'upstream': 664, 'synweight': 664}, 'LH(R)': {'post': 28, 'upstream': 28, 'synweight': 28}, 'LTct': {'post': 32, 'pre': 117, 'downstream': 920, 'upstream': 32, 'synweight': 952}, 'LegNp(T1)(R)': {'post': 369, 'pre': 1397, 'downstream': 11483, 'upstream': 369, 'synweight': 11852}, 'LegNp(T2)(R)': {'post': 110, 'pre': 458, 'downstream': 3297, 'upstream': 110, 'synweight': 3407}, 'LegNp(T3)(R)': {'post': 464, 'pre': 1259, 'downstream': 9594, 'upstream': 464, 'synweight': 10058}, 'PLP(R)': {'post': 1169, 'pre': 12, 'downstream': 20, 'upstream': 1169, 'synweight': 1189}, 'PVLP(R)': {'post': 4036, 'pre': 11, 'downstream': 48, 'upstream': 4036, 'synweight': 4084}, 'SAD': {'post': 1863, 'pre': 32, 'downstream': 194, 'upstream': 1863, 'synweight': 2057}, 'SCL(R)': {'post': 106, 'upstream': 106, 'synweight': 106}, 'SIP(R)': {'post': 484, 'pre': 1, 'downstream': 1, 'upstream': 484, 'synweight': 485}, 'SPS(R)': {'post': 358, 'pre': 5, 'downstream': 16, 'upstream': 358, 'synweight': 374}, 'VES(R)': {'post': 737, 'pre': 9, 'downstream': 75, 'upstream': 737, 'synweight': 812}, 'VNC': {'post': 1193, 'pre': 3498, 'downstream': 27287, 'upstream': 1193, 'synweight': 28480}, 'VNC-unspecified': {'post': 161, 'pre': 114, 'downstream': 707, 'upstream': 161, 'synweight': 868}, 'WED(R)': {'post': 880, 'pre': 17, 'downstream': 57, 'upstream': 880, 'synweight': 937}}",10030.0,0.9447171092033386,5690,male-specific,,xl,,DNxl053,,65174,,,"Kimura 2008, Kohatsu 2010: P2b; Cachero 2010: pIP-a; Yu 2010: pIP1",10111.0,10061.0,,descending_neuron,acetylcholine,,,,,,,,,,11434,fru_high,,acetylcholine,0.9495238065719604,,,,acetylcholine,R,"['AL(R)', 'AMMC(R)', 'ANm', 'AOTU(R)', 'AVLP(R)', 'CV', 'CV-unspecified', 'CentralBrain', 'CentralBrain-unspecified', 'EPA(R)', 'FLA(R)', 'GNG', 'GOR(R)', 'ICL(R)', 'IPS(R)', 'IntTct', 'LAL(R)', 'LH(R)', 'LTct', 'LegNp(T1)(R)', 'LegNp(T2)(R)', 'LegNp(T3)(R)', 'PLP(R)', 'PVLP(R)', 'SAD', 'SCL(R)', 'SIP(R)', 'SPS(R)', 'VES(R)', 'VNC', 'VNC-unspecified', 'WED(R)']","['AMMC(R)', 'ANm', 'AOTU(R)', 'AVLP(R)', 'CV', 'CV-unspecified', 'CentralBrain', 'CentralBrain-unspecified', 'EPA(R)', 'GNG', 'IPS(R)', 'IntTct', 'LTct', 'LegNp(T1)(R)', 'LegNp(T2)(R)', 'LegNp(T3)(R)', 'PLP(R)', 'PVLP(R)', 'SAD', 'SIP(R)', 'SPS(R)', 'VES(R)', 'VNC', 'VNC-unspecified', 'WED(R)']"
10440,DNg16_R,DNg16,2961,21121,20023,21121,13554267798,Traced,Prelim Roughly traced,"[35107, 38173, 34820]","{'AMMC(L)': {'post': 46, 'upstream': 46, 'synweight': 46}, 'AMMC(R)': {'post': 25, 'pre': 1, 'downstream': 6, 'upstream': 25, 'synweight': 31}, 'CV': {'post': 26, 'pre': 15, 'downstream': 69, 'upstream': 26, 'synweight': 95}, 'CV-unspecified': {'post': 19, 'pre': 2, 'downstream': 13, 'upstream': 19, 'synweight': 32}, 'CentralBrain': {'post': 20583, 'pre': 861, 'downstream': 4866, 'upstream': 20583, 'synweight': 25449}, 'CentralBrain-unspecified': {'post': 590, 'pre': 87, 'downstream': 503, 'upstream': 590, 'synweight': 1093}, 'CvN(R)': {'post': 7, 'pre': 13, 'downstream': 56, 'upstream': 7, 'synweight': 63}, 'FLA(L)': {'post': 16, 'upstream': 16, 'synweight': 16}, 'FLA(R)': {'post': 163, 'pre': 4, 'downstream': 23, 'upstream': 163, 'synweight': 186}, 'GNG': {'post': 17939, 'pre': 718, 'downstream': 4060, 'upstream': 17939, 'synweight': 21999}, 'IPS(L)': {'post': 59, 'upstream': 59, 'synweight': 59}, 'IPS(R)': {'post': 220, 'pre': 7, 'downstream': 42, 'upstream': 220, 'synweight': 262}, 'IntTct': {'post': 18, 'pre': 4, 'downstream': 10, 'upstream': 18, 'synweight': 28}, 'LTct': {'post': 32, 'pre': 112, 'downstream': 793, 'upstream': 32, 'synweight': 825}, 'LegNp(T1)(R)': {'post': 172, 'pre': 728, 'downstream': 4990, 'upstream': 172, 'synweight': 5162}, 'LegNp(T2)(R)': {'post': 139, 'pre': 564, 'downstream': 4266, 'upstream': 139, 'synweight': 4405}, 'LegNp(T3)(R)': {'post': 135, 'pre': 591, 'downstream': 4478, 'upstream': 135, 'synweight': 4613}, 'NTct(UTct-T1)(R)': {'post': 1, 'pre': 33, 'downstream': 219, 'upstream': 1, 'synweight': 220}, 'Optic(R)': {'post': 1, 'upstream': 1, 'synweight': 1}, 'Optic-unspecified(R)': {'post': 1, 'upstream': 1, 'synweight': 1}, 'SAD': {'post': 1040, 'pre': 31, 'downstream': 175, 'upstream': 1040, 'synweight': 1215}, 'VES(L)': {'post': 104, 'pre': 6, 'downstream': 21, 'upstream': 104, 'synweight': 125}, 'VES(R)': {'post': 272, 'pre': 5, 'downstream': 24, 'upstream': 272, 'synweight': 296}, 'VNC': {'post': 511, 'pre': 2085, 'downstream': 15088, 'upstream': 511, 'synweight': 15599}, 'VNC-unspecified': {'post': 13, 'pre': 50, 'downstream': 322, 'upstream': 13, 'synweight': 335}, 'WED(L)': {'post': 22, 'upstream': 22, 'synweight': 22}, 'WED(R)': {'post': 87, 'pre': 2, 'downstream': 12, 'upstream': 87, 'synweight': 99}, 'WTct(UTct-T2)(R)': {'post': 1, 'pre': 3, 'downstream': 10, 'upstream': 1, 'synweight': 11}}",10177.0,0.9401665329933167,2961,,,xl,,DNg16,DNg16,41144,,LB11,,10255.0,10138.0,,descending_neuron,acetylcholine,,,10177,,early,11A_put1,,,,6031,,,acetylcholine,0.9351194500923157,LB,,,acetylcholine,R,"['AMMC(L)', 'AMMC(R)', 'CV', 'CV-unspecified', 'CentralBrain', 'CentralBrain-unspecified', 'CvN(R)', 'FLA(L)', 'FLA(R)', 'GNG', 'IPS(L)', 'IPS(R)', 'IntTct', 'LTct', 'LegNp(T1)(R)', 'LegNp(T2)(R)', 'LegNp(T3)(R)', 'NTct(UTct-T1)(R)', 'Optic(R)', 'Optic-unspecified(R)', 'SAD', 'VES(L)', 'VES(R)', 'VNC', 'VNC-unspecified', 'WED(L)', 'WED(R)', 'WTct(UTct-T2)(R)']","['AMMC(R)', 'CV', 'CV-unspecified', 'CentralBrain', 'CentralBrain-unspecified', 'CvN(R)', 'FLA(R)', 'GNG', 'IPS(R)', 'IntTct', 'LTct', 'LegNp(T1)(R)', 'LegNp(T2)(R)', 'LegNp(T3)(R)', 'NTct(UTct-T1)(R)', 'SAD', 'VES(L)', 'VES(R)', 'VNC', 'VNC-unspecified', 'WED(R)', 'WTct(UTct-T2)(R)']"
800578,Fe reductor MN_L,Fe reductor MN,67,21056,199,21056,4333645346,Traced,Reviewed,"[60512, 55148, 125488]","{'ANm': {'post': 125, 'pre': 1, 'downstream': 3, 'upstream': 125, 'synweight': 128}, 'HTct(UTct-T3)(L)': {'post': 14, 'upstream': 14, 'synweight': 14}, 'LegNp(T3)(L)': {'post': 20869, 'pre': 66, 'downstream': 196, 'upstream': 20869, 'synweight': 21065}, 'MetaLN(L)': {'post': 48, 'upstream': 48, 'synweight': 48}, 'VNC': {'post': 21056, 'pre': 67, 'downstream': 199, 'upstream': 21056, 'synweight': 21255}}",800578.0,0.4291631579399109,67,,,hl,11226.0,Fe reductor MN,,21255,,,,14020.0,12113.0,,vnc_motor,unclear,,,,,,24B.25B,,,,296,,,unclear,0.35199710726737976,T3,,MetaLN,unclear,L,"['ANm', 'HTct(UTct-T3)(L)', 'LegNp(T3)(L)', 'MetaLN(L)', 'VNC']","['ANm', 'LegNp(T3)(L)', 'VNC']"
10216,DNge037_R,DNge037,2579,20972,17982,20972,12102135193,Traced,Prelim Roughly traced,"[35903, 37948, 32201]","{'AMMC(R)': {'post': 167, 'pre': 1, 'downstream': 6, 'upstream': 167, 'synweight': 173}, 'CV': {'post': 78, 'pre': 33, 'downstream': 125, 'upstream': 78, 'synweight': 203}, 'CV-unspecified': {'post': 78, 'pre': 33, 'downstream': 125, 'upstream': 78, 'synweight': 203}, 'CentralBrain': {'post': 20378, 'pre': 644, 'downstream': 4463, 'upstream': 20378, 'synweight': 24841}, 'CentralBrain-unspecified': {'post': 617, 'pre': 7, 'downstream': 20, 'upstream': 617, 'synweight': 637}, 'FLA(R)': {'post': 9, 'upstream': 9, 'synweight': 9}, 'GNG': {'post': 17139, 'pre': 621, 'downstream': 4385, 'upstream': 17139, 'synweight': 21524}, 'IPS(R)': {'post': 365, 'pre': 7, 'downstream': 19, 'upstream': 365, 'synweight': 384}, 'IntTct': {'pre': 2, 'downstream': 8, 'synweight': 8}, 'LegNp(T1)(L)': {'post': 249, 'pre': 836, 'downstream': 5902, 'upstream': 249, 'synweight': 6151}, 'LegNp(T2)(L)': {'post': 113, 'pre': 547, 'downstream': 3802, 'upstream': 113, 'synweight': 3915}, 'LegNp(T3)(L)': {'post': 119, 'pre': 478, 'downstream': 3441, 'upstream': 119, 'synweight': 3560}, 'NTct(UTct-T1)(L)': {'post': 4, 'pre': 12, 'downstream': 84, 'upstream': 4, 'synweight': 88}, 'Ov(L)': {'post': 1, 'upstream': 1, 'synweight': 1}, 'SAD': {'post': 953, 'pre': 3, 'downstream': 10, 'upstream': 953, 'synweight': 963}, 'SPS(R)': {'post': 31, 'upstream': 31, 'synweight': 31}, 'VES(R)': {'post': 1036, 'pre': 5, 'downstream': 23, 'upstream': 1036, 'synweight': 1059}, 'VNC': {'post': 516, 'pre': 1902, 'downstream': 13394, 'upstream': 516, 'synweight': 13910}, 'VNC-unspecified': {'post': 30, 'pre': 27, 'downstream': 157, 'upstream': 30, 'synweight': 187}, 'WED(R)': {'post': 61, 'upstream': 61, 'synweight': 61}}",10216.0,0.9460630416870117,2579,,,xl,,DNxl014,DNge037,38954,,LB7__prim,,10535.0,10535.0,,descending_neuron,acetylcholine,,,10216,,early,07B,,,,5131,,,acetylcholine,0.948086142539978,LB,,,acetylcholine,R,"['AMMC(R)', 'CV', 'CV-unspecified', 'CentralBrain', 'CentralBrain-unspecified', 'FLA(R)', 'GNG', 'IPS(R)', 'LegNp(T1)(L)', 'LegNp(T2)(L)', 'LegNp(T3)(L)', 'NTct(UTct-T1)(L)', 'Ov(L)', 'SAD', 'SPS(R)', 'VES(R)', 'VNC', 'VNC-unspecified', 'WED(R)']","['AMMC(R)', 'CV', 'CV-unspecified', 'CentralBrain', 'CentralBrain-unspecified', 'GNG', 'IPS(R)', 'IntTct', 'LegNp(T1)(L)', 'LegNp(T2)(L)', 'LegNp(T3)(L)', 'NTct(UTct-T1)(L)', 'SAD', 'VES(R)', 'VNC', 'VNC-unspecified']"
10131,DNg74_a_R,DNg74_a,6320,20868,42894,20868,16602599756,Traced,Prelim Roughly traced,"[46561, 48451, 25687]","{'AMMC(L)': {'post': 143, 'pre': 9, 'downstream': 66, 'upstream': 143, 'synweight': 209}, 'AMMC(R)': {'post': 197, 'pre': 3, 'downstream': 26, 'upstream': 197, 'synweight': 223}, 'ANm': {'post': 51, 'pre': 228, 'downstream': 1614, 'upstream': 51, 'synweight': 1665}, 'CV': {'post': 111, 'pre': 34, 'downstream': 127, 'upstream': 111, 'synweight': 238}, 'CV-unspecified': {'post': 111, 'pre': 34, 'downstream': 127, 'upstream': 111, 'synweight': 238}, 'CentralBrain': {'post': 20081, 'pre': 2351, 'downstream': 15507, 'upstream': 20081, 'synweight': 35588}, 'CentralBrain-unspecified': {'post': 1528, 'pre': 154, 'downstream': 1075, 'upstream': 1528, 'synweight': 2603}, 'FLA(L)': {'post': 607, 'pre': 31, 'downstream': 186, 'upstream': 607, 'synweight': 793}, 'FLA(R)': {'post': 466, 'pre': 31, 'downstream': 182, 'upstream': 466, 'synweight': 648}, 'GNG': {'post': 11619, 'pre': 1722, 'downstream': 11414, 'upstream': 11619, 'synweight': 23033}, 'HTct(UTct-T3)(L)': {'pre': 11, 'downstream': 98, 'synweight': 98}, 'IPS(L)': {'post': 16, 'pre': 96, 'downstream': 667, 'upstream': 16, 'synweight': 683}, 'IntTct': {'post': 3, 'downstream': 5, 'upstream': 3, 'synweight': 8}, 'LTct': {'post': 12, 'pre': 33, 'downstream': 255, 'upstream': 12, 'synweight': 267}, 'LegNp(T1)(L)': {'post': 191, 'pre': 1248, 'downstream': 8763, 'upstream': 191, 'synweight': 8954}, 'LegNp(T2)(L)': {'post': 145, 'pre': 1030, 'downstream': 6952, 'upstream': 145, 'synweight': 7097}, 'LegNp(T3)(L)': {'post': 198, 'pre': 1159, 'downstream': 8027, 'upstream': 198, 'synweight': 8225}, 'MesoAN(L)': {'pre': 1, 'downstream': 4, 'synweight': 4}, 'NTct(UTct-T1)(L)': {'post': 8, 'pre': 79, 'downstream': 624, 'upstream': 8, 'synweight': 632}, 'SAD': {'post': 4939, 'pre': 278, 'downstream': 1748, 'upstream': 4939, 'synweight': 6687}, 'VES(L)': {'post': 116, 'pre': 10, 'downstream': 60, 'upstream': 116, 'synweight': 176}, 'VES(R)': {'post': 396, 'pre': 16, 'downstream': 80, 'upstream': 396, 'synweight': 476}, 'VNC': {'post': 676, 'pre': 3935, 'downstream': 27260, 'upstream': 676, 'synweight': 27936}, 'VNC-unspecified': {'post': 64, 'pre': 114, 'downstream': 698, 'upstream': 64, 'synweight': 762}, 'WED(L)': {'post': 33, 'upstream': 33, 'synweight': 33}, 'WED(R)': {'post': 21, 'pre': 1, 'downstream': 3, 'upstream': 21, 'synweight': 24}, 'WTct(UTct-T2)(L)': {'post': 4, 'pre': 32, 'downstream': 220, 'upstream': 4, 'synweight': 224}}",10131.0,0.8871872425079346,6320,,,xl,,DNg74,DNg74_a,63762,,MX3,Sterne 2021: web,10107.0,10103.0,,descending_neuron,gaba,,,10124,,early,,,matched to one systematic type of a manc_type that has 2.,,12360,,,gaba,0.8858444690704346,MX,,,gaba,R,"['AMMC(L)', 'AMMC(R)', 'ANm', 'CV', 'CV-unspecified', 'CentralBrain', 'CentralBrain-unspecified', 'FLA(L)', 'FLA(R)', 'GNG', 'IPS(L)', 'IntTct', 'LTct', 'LegNp(T1)(L)', 'LegNp(T2)(L)', 'LegNp(T3)(L)', 'NTct(UTct-T1)(L)', 'SAD', 'VES(L)', 'VES(R)', 'VNC', 'VNC-unspecified', 'WED(L)', 'WED(R)', 'WTct(UTct-T2)(L)']","['AMMC(L)', 'AMMC(R)', 'ANm', 'CV', 'CV-unspecified', 'CentralBrain', 'CentralBrain-unspecified', 'FLA(L)', 'FLA(R)', 'GNG', 'HTct(UTct-T3)(L)', 'IPS(L)', 'LTct', 'LegNp(T1)(L)', 'LegNp(T2)(L)', 'LegNp(T3)(L)', 'MesoAN(L)', 'NTct(UTct-T1)(L)', 'SAD', 'VES(L)', 'VES(R)', 'VNC', 'VNC-unspecified', 'WED(R)', 'WTct(UTct-T2)(L)']"
800184,MNwm36_L,MNwm36,131,20597,600,20597,15942776091,Traced,Reviewed,"[61410, 61378, 89788]","{'DMetaN(L)': {'post': 14, 'upstream': 14, 'synweight': 14}, 'HTct(UTct-T3)(L)': {'post': 232, 'upstream': 232, 'synweight': 232}, 'HTct(UTct-T3)(R)': {'post': 50, 'upstream': 50, 'synweight': 50}, 'IntTct': {'post': 850, 'pre': 3, 'downstream': 5, 'upstream': 850, 'synweight': 855}, 'LTct': {'post': 239, 'pre': 1, 'downstream': 6, 'upstream': 239, 'synweight': 245}, 'LegNp(T2)(L)': {'post': 483, 'pre': 6, 'downstream': 18, 'upstream': 483, 'synweight': 501}, 'MesoAN(L)': {'post': 39, 'pre': 28, 'downstream': 95, 'upstream': 39, 'synweight': 134}, 'NTct(UTct-T1)(L)': {'post': 652, 'pre': 1, 'downstream': 3, 'upstream': 652, 'synweight': 655}, 'NTct(UTct-T1)(R)': {'post': 164, 'upstream': 164, 'synweight': 164}, 'Ov(L)': {'post': 40, 'upstream': 40, 'synweight': 40}, 'PDMN(L)': {'post': 39, 'upstream': 39, 'synweight': 39}, 'VNC': {'post': 20595, 'pre': 130, 'downstream': 598, 'upstream': 20595, 'synweight': 21193}, 'VNC-unspecified': {'post': 944, 'pre': 4, 'downstream': 9, 'upstream': 944, 'synweight': 953}, 'WTct(UTct-T2)(L)': {'post': 12394, 'pre': 66, 'downstream': 350, 'upstream': 12394, 'synweight': 12744}, 'WTct(UTct-T2)(R)': {'post': 4455, 'pre': 21, 'downstream': 112, 'upstream': 4455, 'synweight': 4567}}",800184.0,0.4284696877002716,131,,,wm,,MNwm36,,21197,,,,10178.0,10178.0,,vnc_motor,unclear,,,,,early,08A,,,,311,,,acetylcholine,0.5820368528366089,T2,,MesoAN,unclear,L,"['DMetaN(L)', 'HTct(UTct-T3)(L)', 'HTct(UTct-T3)(R)', 'IntTct', 'LTct', 'LegNp(T2)(L)', 'MesoAN(L)', 'NTct(UTct-T1)(L)', 'NTct(UTct-T1)(R)', 'Ov(L)', 'PDMN(L)', 'VNC', 'VNC-unspecified', 'WTct(UTct-T2)(L)', 'WTct(UTct-T2)(R)']","['IntTct', 'LTct', 'LegNp(T2)(L)', 'MesoAN(L)', 'NTct(UTct-T1)(L)', 'VNC', 'VNC-unspecified', 'WTct(UTct-T2)(L)', 'WTct(UTct-T2)(R)']"
13181,ANXXX027_R,ANXXX027,1785,20500,12518,20500,6333268913,Traced,Prelim Roughly traced,"[45899, 43118, 122705]","{'ADMN(L)': {'post': 14, 'upstream': 14, 'synweight': 14}, 'AMMC(L)': {'post': 7, 'upstream': 7, 'synweight': 7}, 'ANm': {'post': 2152, 'pre': 65, 'downstream': 460, 'upstream': 2152, 'synweight': 2612}, 'AVLP(L)': {'post': 216, 'pre': 381, 'downstream': 3074, 'upstream': 216, 'synweight': 3290}, 'CV': {'post': 11, 'pre': 14, 'downstream': 44, 'upstream': 11, 'synweight': 55}, 'CV-unspecified': {'post': 11, 'pre': 14, 'downstream': 44, 'upstream': 11, 'synweight': 55}, 'CentralBrain': {'post': 5187, 'pre': 890, 'downstream': 6896, 'upstream': 5187, 'synweight': 12083}, 'CentralBrain-unspecified': {'post': 59, 'pre': 4, 'downstream': 28, 'upstream': 59, 'synweight': 87}, 'GNG': {'post': 4705, 'pre': 239, 'downstream': 1633, 'upstream': 4705, 'synweight': 6338}, 'LTct': {'post': 53, 'pre': 102, 'downstream': 606, 'upstream': 53, 'synweight': 659}, 'LegNp(T1)(L)': {'post': 2668, 'pre': 86, 'downstream': 497, 'upstream': 2668, 'synweight': 3165}, 'LegNp(T2)(L)': {'post': 3092, 'pre': 75, 'downstream': 480, 'upstream': 3092, 'synweight': 3572}, 'LegNp(T3)(L)': {'post': 1984, 'pre': 68, 'downstream': 445, 'upstream': 1984, 'synweight': 2429}, 'Ov(L)': {'post': 4773, 'pre': 311, 'downstream': 1943, 'upstream': 4773, 'synweight': 6716}, 'PDMN(L)': {'post': 64, 'upstream': 64, 'synweight': 64}, 'PVLP(L)': {'post': 49, 'pre': 135, 'downstream': 1118, 'upstream': 49, 'synweight': 1167}, 'SAD': {'post': 117, 'pre': 40, 'downstream': 288, 'upstream': 117, 'synweight': 405}, 'VNC': {'post': 15302, 'pre': 881, 'downstream': 5578, 'upstream': 15302, 'synweight': 20880}, 'VNC-unspecified': {'post': 443, 'pre': 120, 'downstream': 800, 'upstream': 443, 'synweight': 1243}, 'WED(L)': {'post': 34, 'pre': 91, 'downstream': 755, 'upstream': 34, 'synweight': 789}, 'mVAC(T1)(L)': {'post': 14, 'pre': 15, 'downstream': 101, 'upstream': 14, 'synweight': 115}, 'mVAC(T2)(L)': {'post': 45, 'pre': 39, 'downstream': 246, 'upstream': 45, 'synweight': 291}}",13181.0,0.9541125893592834,1785,,,CA,10149.0,ANXXX027,AN_AVLP_GNG_17,33018,,,,12127.0,10149.0,,ascending_neuron,acetylcholine,,,,,early,TBD,,,,25766,,cns tiling,acetylcholine,0.9543221592903137,A4,12868.0,,acetylcholine,R,"['ADMN(L)', 'AMMC(L)', 'ANm', 'AVLP(L)', 'CV', 'CV-unspecified', 'CentralBrain', 'CentralBrain-unspecified', 'GNG', 'LTct', 'LegNp(T1)(L)', 'LegNp(T2)(L)', 'LegNp(T3)(L)', 'Ov(L)', 'PDMN(L)', 'PVLP(L)', 'SAD', 'VNC', 'VNC-unspecified', 'WED(L)', 'mVAC(T1)(L)', 'mVAC(T2)(L)']","['ANm', 'AVLP(L)', 'CV', 'CV-unspecified', 'CentralBrain', 'CentralBrain-unspecified', 'GNG', 'LTct', 'LegNp(T1)(L)', 'LegNp(T2)(L)', 'LegNp(T3)(L)', 'Ov(L)', 'PVLP(L)', 'SAD', 'VNC', 'VNC-unspecified', 'WED(L)', 'mVAC(T1)(L)', 'mVAC(T2)(L)']"
10584,DNp06_R,DNp06,2823,20242,19197,20242,11466537236,Traced,Prelim Roughly traced,"[36816, 21600, 36960]","{'AMMC(R)': {'post': 535, 'pre': 46, 'downstream': 409, 'upstream': 535, 'synweight': 944}, 'ANm': {'post': 33, 'pre': 268, 'downstream': 2123, 'upstream': 33, 'synweight': 2156}, 'AVLP(R)': {'post': 5244, 'pre': 32, 'downstream': 276, 'upstream': 5244, 'synweight': 5520}, 'CV': {'post': 80, 'pre': 27, 'downstream': 85, 'upstream': 80, 'synweight': 165}, 'CV-unspecified': {'post': 80, 'pre': 27, 'downstream': 85, 'upstream': 80, 'synweight': 165}, 'CentralBrain': {'post': 19772, 'pre': 752, 'downstream': 5887, 'upstream': 19772, 'synweight': 25659}, 'CentralBrain-unspecified': {'post': 201, 'pre': 13, 'downstream': 94, 'upstream': 201, 'synweight': 295}, 'EPA(R)': {'post': 100, 'pre': 1, 'downstream': 2, 'upstream': 100, 'synweight': 102}, 'GNG': {'post': 61, 'pre': 372, 'downstream': 2790, 'upstream': 61, 'synweight': 2851}, 'GOR(R)': {'post': 605, 'upstream': 605, 'synweight': 605}, 'ICL(R)': {'post': 508, 'upstream': 508, 'synweight': 508}, 'IPS(R)': {'post': 2, 'pre': 5, 'downstream': 20, 'upstream': 2, 'synweight': 22}, 'IntTct': {'post': 15, 'pre': 96, 'downstream': 640, 'upstream': 15, 'synweight': 655}, 'LTct': {'post': 261, 'pre': 1327, 'downstream': 8024, 'upstream': 261, 'synweight': 8285}, 'LegNp(T1)(R)': {'post': 3, 'pre': 39, 'downstream': 321, 'upstream': 3, 'synweight': 324}, 'LegNp(T2)(R)': {'pre': 11, 'downstream': 43, 'synweight': 43}, 'LegNp(T3)(R)': {'post': 14, 'pre': 98, 'downstream': 758, 'upstream': 14, 'synweight': 772}, 'Ov(R)': {'post': 28, 'pre': 117, 'downstream': 675, 'upstream': 28, 'synweight': 703}, 'PLP(R)': {'post': 1533, 'pre': 3, 'downstream': 14, 'upstream': 1533, 'synweight': 1547}, 'PVLP(R)': {'post': 7258, 'pre': 29, 'downstream': 135, 'upstream': 7258, 'synweight': 7393}, 'SAD': {'post': 1593, 'pre': 241, 'downstream': 2073, 'upstream': 1593, 'synweight': 3666}, 'SPS(R)': {'post': 2, 'pre': 7, 'downstream': 64, 'upstream': 2, 'synweight': 66}, 'VNC': {'post': 390, 'pre': 2044, 'downstream': 13225, 'upstream': 390, 'synweight': 13615}, 'VNC-unspecified': {'post': 29, 'pre': 80, 'downstream': 604, 'upstream': 29, 'synweight': 633}, 'WED(R)': {'post': 2130, 'pre': 3, 'downstream': 10, 'upstream': 2130, 'synweight': 2140}, 'mVAC(T2)(R)': {'post': 7, 'pre': 8, 'downstream': 37, 'upstream': 7, 'synweight': 44}}",10228.0,0.9492767453193665,2823,,,lt,,DNp06,DNp06,39439,,SMPpv2_ventral,Matsuo 2016: AMMC-Di5,10634.0,10634.0,,descending_neuron,acetylcholine,,DNp06,10228,,,17A_put2,,,,5826,,,acetylcholine,0.9493489861488342,PC,,,acetylcholine,R,"['AMMC(R)', 'ANm', 'AVLP(R)', 'CV', 'CV-unspecified', 'CentralBrain', 'CentralBrain-unspecified', 'EPA(R)', 'GNG', 'GOR(R)', 'ICL(R)', 'IPS(R)', 'IntTct', 'LTct', 'LegNp(T1)(R)', 'LegNp(T3)(R)', 'Ov(R)', 'PLP(R)', 'PVLP(R)', 'SAD', 'SPS(R)', 'VNC', 'VNC-unspecified', 'WED(R)', 'mVAC(T2)(R)']","['AMMC(R)', 'ANm', 'AVLP(R)', 'CV', 'CV-unspecified', 'CentralBrain', 'CentralBrain-unspecified', 'EPA(R)', 'GNG', 'IPS(R)', 'IntTct', 'LTct', 'LegNp(T1)(R)', 'LegNp(T2)(R)', 'LegNp(T3)(R)', 'Ov(R)', 'PLP(R)', 'PVLP(R)', 'SAD', 'SPS(R)', 'VNC', 'VNC-unspecified', 'WED(R)', 'mVAC(T2)(R)']"
558778,AN08B012_R,AN08B012,2088,20148,13786,20148,6308719901,Traced,Prelim Roughly traced,"[45278, 60520, 116138]","{'AMMC(L)': {'post': 150, 'pre': 18, 'downstream': 98, 'upstream': 150, 'synweight': 248}, 'ANm': {'post': 52, 'pre': 38, 'downstream': 218, 'upstream': 52, 'synweight': 270}, 'AVLP(L)': {'post': 192, 'pre': 204, 'downstream': 1641, 'upstream': 192, 'synweight': 1833}, 'CV': {'post': 26, 'pre': 7, 'downstream': 29, 'upstream': 26, 'synweight': 55}, 'CV-unspecified': {'post': 26, 'pre': 7, 'downstream': 29, 'upstream': 26, 'synweight': 55}, 'CentralBrain': {'post': 5507, 'pre': 976, 'downstream': 7420, 'upstream': 5507, 'synweight': 12927}, 'CentralBrain-unspecified': {'post': 27, 'pre': 3, 'downstream': 14, 'upstream': 27, 'synweight': 41}, 'GNG': {'post': 4501, 'pre': 182, 'downstream': 1192, 'upstream': 4501, 'synweight': 5693}, 'LTct': {'post': 268, 'pre': 208, 'downstream': 1122, 'upstream': 268, 'synweight': 1390}, 'LegNp(T1)(L)': {'post': 1954, 'pre': 52, 'downstream': 316, 'upstream': 1954, 'synweight': 2270}, 'LegNp(T1)(R)': {'post': 1087, 'pre': 48, 'downstream': 289, 'upstream': 1087, 'synweight': 1376}, 'LegNp(T2)(L)': {'post': 2236, 'pre': 52, 'downstream': 319, 'upstream': 2236, 'synweight': 2555}, 'LegNp(T2)(R)': {'post': 1955, 'pre': 24, 'downstream': 135, 'upstream': 1955, 'synweight': 2090}, 'LegNp(T3)(L)': {'post': 926, 'pre': 33, 'downstream': 192, 'upstream': 926, 'synweight': 1118}, 'LegNp(T3)(R)': {'post': 1235, 'pre': 67, 'downstream': 377, 'upstream': 1235, 'synweight': 1612}, 'Ov(L)': {'post': 3081, 'pre': 242, 'downstream': 1394, 'upstream': 3081, 'synweight': 4475}, 'Ov(R)': {'post': 1414, 'pre': 163, 'downstream': 934, 'upstream': 1414, 'synweight': 2348}, 'PDMN(L)': {'post': 24, 'upstream': 24, 'synweight': 24}, 'PVLP(L)': {'post': 173, 'pre': 270, 'downstream': 2293, 'upstream': 173, 'synweight': 2466}, 'SAD': {'post': 342, 'pre': 155, 'downstream': 1097, 'upstream': 342, 'synweight': 1439}, 'VNC': {'post': 14615, 'pre': 1105, 'downstream': 6337, 'upstream': 14615, 'synweight': 20952}, 'VNC-unspecified': {'post': 249, 'pre': 89, 'downstream': 517, 'upstream': 249, 'synweight': 766}, 'WED(L)': {'post': 122, 'pre': 144, 'downstream': 1085, 'upstream': 122, 'synweight': 1207}, 'mVAC(T1)(L)': {'post': 14, 'pre': 19, 'downstream': 114, 'upstream': 14, 'synweight': 128}, 'mVAC(T1)(R)': {'post': 11, 'downstream': 10, 'upstream': 11, 'synweight': 21}, 'mVAC(T2)(L)': {'post': 34, 'pre': 21, 'downstream': 117, 'upstream': 34, 'synweight': 151}, 'mVAC(T2)(R)': {'post': 71, 'pre': 49, 'downstream': 283, 'upstream': 71, 'synweight': 354}, 'mVAC(T3)(R)': {'post': 4, 'upstream': 4, 'synweight': 4}}",10592.0,0.9454150199890137,2088,,,BA,10879.0,AN08B012,AN_multi_60,33934,,,,11204.0,10879.0,,ascending_neuron,acetylcholine,,,,,early,08B,,biological variability mcns,,8186,,brain convergent,acetylcholine,0.9433155655860901,T3,10592.0,,acetylcholine,R,"['AMMC(L)', 'ANm', 'AVLP(L)', 'CV', 'CV-unspecified', 'CentralBrain', 'CentralBrain-unspecified', 'GNG', 'LTct', 'LegNp(T1)(L)', 'LegNp(T1)(R)', 'LegNp(T2)(L)', 'LegNp(T2)(R)', 'LegNp(T3)(L)', 'LegNp(T3)(R)', 'Ov(L)', 'Ov(R)', 'PDMN(L)', 'PVLP(L)', 'SAD', 'VNC', 'VNC-unspecified', 'WED(L)', 'mVAC(T1)(L)', 'mVAC(T1)(R)', 'mVAC(T2)(L)', 'mVAC(T2)(R)', 'mVAC(T3)(R)']","['AMMC(L)', 'ANm', 'AVLP(L)', 'CV', 'CV-unspecified', 'CentralBrain', 'CentralBrain-unspecified', 'GNG', 'LTct', 'LegNp(T1)(L)', 'LegNp(T1)(R)', 'LegNp(T2)(L)', 'LegNp(T2)(R)', 'LegNp(T3)(L)', 'LegNp(T3)(R)', 'Ov(L)', 'Ov(R)', 'PVLP(L)', 'SAD', 'VNC', 'VNC-unspecified', 'WED(L)', 'mVAC(T1)(L)', 'mVAC(T2)(L)', 'mVAC(T2)(R)']"
11431,AN05B102a_L,AN05B102a,2736,20035,24370,20035,7045962222,Traced,Roughly traced,"[56337, 46183, 114565]","{'ADMN(L)': {'post': 36, 'pre': 1, 'downstream': 6, 'upstream': 36, 'synweight': 42}, 'ADMN(R)': {'post': 27, 'upstream': 27, 'synweight': 27}, 'ANm': {'post': 43, 'pre': 31, 'downstream': 229, 'upstream': 43, 'synweight': 272}, 'AVLP(R)': {'post': 767, 'pre': 1594, 'downstream': 16073, 'upstream': 767, 'synweight': 16840}, 'CV': {'post': 38, 'pre': 17, 'downstream': 55, 'upstream': 38, 'synweight': 93}, 'CV-unspecified': {'post': 38, 'pre': 17, 'downstream': 55, 'upstream': 38, 'synweight': 93}, 'CentralBrain': {'post': 1026, 'pre': 1964, 'downstream': 19435, 'upstream': 1026, 'synweight': 20461}, 'CentralBrain-unspecified': {'post': 57, 'pre': 13, 'downstream': 39, 'upstream': 57, 'synweight': 96}, 'FLA(R)': {'post': 14, 'pre': 27, 'downstream': 237, 'upstream': 14, 'synweight': 251}, 'GNG': {'post': 19, 'pre': 54, 'downstream': 520, 'upstream': 19, 'synweight': 539}, 'LTct': {'post': 33, 'pre': 123, 'downstream': 854, 'upstream': 33, 'synweight': 887}, 'LegNp(T1)(L)': {'post': 892, 'pre': 83, 'downstream': 482, 'upstream': 892, 'synweight': 1374}, 'LegNp(T1)(R)': {'post': 852, 'pre': 29, 'downstream': 185, 'upstream': 852, 'synweight': 1037}, 'LegNp(T2)(L)': {'post': 1458, 'pre': 36, 'downstream': 231, 'upstream': 1458, 'synweight': 1689}, 'LegNp(T2)(R)': {'post': 2396, 'pre': 20, 'downstream': 132, 'upstream': 2396, 'synweight': 2528}, 'LegNp(T3)(L)': {'post': 2049, 'pre': 62, 'downstream': 494, 'upstream': 2049, 'synweight': 2543}, 'LegNp(T3)(R)': {'post': 2685, 'pre': 85, 'downstream': 589, 'upstream': 2685, 'synweight': 3274}, 'Ov(L)': {'post': 4131, 'pre': 94, 'downstream': 512, 'upstream': 4131, 'synweight': 4643}, 'Ov(R)': {'post': 4167, 'pre': 144, 'downstream': 840, 'upstream': 4167, 'synweight': 5007}, 'PVLP(R)': {'post': 133, 'pre': 207, 'downstream': 2021, 'upstream': 133, 'synweight': 2154}, 'SAD': {'post': 25, 'pre': 15, 'downstream': 121, 'upstream': 25, 'synweight': 146}, 'VNC': {'post': 18971, 'pre': 755, 'downstream': 4880, 'upstream': 18971, 'synweight': 23851}, 'VNC-unspecified': {'post': 190, 'pre': 27, 'downstream': 198, 'upstream': 190, 'synweight': 388}, 'WED(R)': {'post': 11, 'pre': 54, 'downstream': 424, 'upstream': 11, 'synweight': 435}, 'mVAC(T1)(R)': {'post': 1, 'upstream': 1, 'synweight': 1}, 'mVAC(T2)(R)': {'post': 11, 'pre': 20, 'downstream': 128, 'upstream': 11, 'synweight': 139}}",11431.0,0.9597418904304504,2736,,,BA,12374.0,AN05B102,AN_AVLP_20,44405,,,Kallman 2015: PPN1,11055.0,11055.0,,ascending_neuron,acetylcholine,,(hb1665775343),,,early,05B,,dorsal projection around esophagous in mcns,,5483,,cns tiling,acetylcholine,0.9545696973800659,A1,11431.0,,acetylcholine,L,"['ADMN(L)', 'ADMN(R)', 'ANm', 'AVLP(R)', 'CV', 'CV-unspecified', 'CentralBrain', 'CentralBrain-unspecified', 'FLA(R)', 'GNG', 'LTct', 'LegNp(T1)(L)', 'LegNp(T1)(R)', 'LegNp(T2)(L)', 'LegNp(T2)(R)', 'LegNp(T3)(L)', 'LegNp(T3)(R)', 'Ov(L)', 'Ov(R)', 'PVLP(R)', 'SAD', 'VNC', 'VNC-unspecified', 'WED(R)', 'mVAC(T1)(R)', 'mVAC(T2)(R)']","['ADMN(L)', 'ANm', 'AVLP(R)', 'CV', 'CV-unspecified', 'CentralBrain', 'CentralBrain-unspecified', 'FLA(R)', 'GNG', 'LTct', 'LegNp(T1)(L)', 'LegNp(T1)(R)', 'LegNp(T2)(L)', 'LegNp(T2)(R)', 'LegNp(T3)(L)', 'LegNp(T3)(R)', 'Ov(L)', 'Ov(R)', 'PVLP(R)', 'SAD', 'VNC', 'VNC-unspecified', 'WED(R)', 'mVAC(T2)(R)']"
800553,Pleural remotor/abductor MN_R,Pleural remotor/abductor MN,134,19953,583,19953,4716526486,Traced,Reviewed,"[38550, 53844, 123274]","{'ANm': {'post': 36, 'pre': 1, 'downstream': 7, 'upstream': 36, 'synweight': 43}, 'HTct(UTct-T3)(R)': {'post': 60, 'upstream': 60, 'synweight': 60}, 'LegNp(T3)(R)': {'post': 19764, 'pre': 130, 'downstream': 565, 'upstream': 19764, 'synweight': 20329}, 'MetaLN(R)': {'post': 91, 'pre': 2, 'downstream': 7, 'upstream': 91, 'synweight': 98}, 'VNC': {'post': 19953, 'pre': 134, 'downstream': 583, 'upstream': 19953, 'synweight': 20536}, 'VNC-unspecified': {'post': 2, 'pre': 1, 'downstream': 4, 'upstream': 2, 'synweight': 6}}",800175.0,0.3607221245765686,134,,,hl,,Pleural remotor/abductor MN,,20536,,,,15262.0,,,vnc_motor,unclear,,,,,,TBD,,,,659,,,gaba,0.5028372406959534,T3,,MetaLN,unclear,R,"['ANm', 'HTct(UTct-T3)(R)', 'LegNp(T3)(R)', 'MetaLN(R)', 'VNC', 'VNC-unspecified']","['ANm', 'LegNp(T3)(R)', 'MetaLN(R)', 'VNC', 'VNC-unspecified']"
21763,AN13B002_R,AN13B002,4169,19777,28767,19777,6098909117,Traced,Prelim Roughly traced,"[46220, 43961, 115755]","{'ADMN(L)': {'post': 104, 'pre': 2, 'downstream': 10, 'upstream': 104, 'synweight': 114}, 'ANm': {'post': 5, 'pre': 2, 'downstream': 7, 'upstream': 5, 'synweight': 12}, 'CV': {'post': 7, 'pre': 2, 'downstream': 8, 'upstream': 7, 'synweight': 15}, 'CV-unspecified': {'post': 7, 'pre': 2, 'downstream': 8, 'upstream': 7, 'synweight': 15}, 'CentralBrain': {'post': 1154, 'pre': 352, 'downstream': 2522, 'upstream': 1154, 'synweight': 3676}, 'CentralBrain-unspecified': {'post': 1, 'downstream': 20, 'upstream': 1, 'synweight': 21}, 'FLA(L)': {'post': 10, 'pre': 25, 'downstream': 204, 'upstream': 10, 'synweight': 214}, 'GNG': {'post': 1117, 'pre': 327, 'downstream': 2298, 'upstream': 1117, 'synweight': 3415}, 'LegNp(T1)(L)': {'post': 4470, 'pre': 1244, 'downstream': 8787, 'upstream': 4470, 'synweight': 13257}, 'LegNp(T2)(L)': {'post': 3844, 'pre': 821, 'downstream': 5907, 'upstream': 3844, 'synweight': 9751}, 'LegNp(T3)(L)': {'post': 3632, 'pre': 750, 'downstream': 5345, 'upstream': 3632, 'synweight': 8977}, 'Ov(L)': {'post': 6328, 'pre': 974, 'downstream': 6070, 'upstream': 6328, 'synweight': 12398}, 'ProLN(L)': {'post': 15, 'pre': 1, 'downstream': 7, 'upstream': 15, 'synweight': 22}, 'SAD': {'post': 26, 'upstream': 26, 'synweight': 26}, 'VNC': {'post': 18616, 'pre': 3815, 'downstream': 26237, 'upstream': 18616, 'synweight': 44853}, 'VNC-unspecified': {'post': 218, 'pre': 21, 'downstream': 104, 'upstream': 218, 'synweight': 322}}",21763.0,0.8883174061775208,4169,,,CA,,AN13B002,AN_GNG_68,48544,,,Shiu 2022: Dandelion,14001.0,11272.0,,ascending_neuron,gaba,,,,,early,TBD,,,,8248,,,gaba,0.8914859890937805,A1,,,gaba,R,"['ADMN(L)', 'ANm', 'CV', 'CV-unspecified', 'CentralBrain', 'CentralBrain-unspecified', 'FLA(L)', 'GNG', 'LegNp(T1)(L)', 'LegNp(T2)(L)', 'LegNp(T3)(L)', 'Ov(L)', 'ProLN(L)', 'SAD', 'VNC', 'VNC-unspecified']","['ADMN(L)', 'ANm', 'CV', 'CV-unspecified', 'CentralBrain', 'FLA(L)', 'GNG', 'LegNp(T1)(L)', 'LegNp(T2)(L)', 'LegNp(T3)(L)', 'Ov(L)', 'ProLN(L)', 'VNC', 'VNC-unspecified']"
20418,DNpe053(SMP454)_R,DNpe053,7854,19569,65610,19569,8191464065,Traced,Roughly traced,"[45900, 8479, 26583]","{'AME(R)': {'post': 6, 'pre': 56, 'downstream': 466, 'upstream': 6, 'synweight': 472}, 'AMMC(L)': {'downstream': 4, 'synweight': 4}, 'AMMC(R)': {'post': 3, 'upstream': 3, 'synweight': 3}, 'ANm': {'post': 89, 'pre': 1029, 'downstream': 7736, 'upstream': 89, 'synweight': 7825}, 'ATL(R)': {'post': 43, 'upstream': 43, 'synweight': 43}, 'AVLP(L)': {'post': 8, 'pre': 19, 'downstream': 184, 'upstream': 8, 'synweight': 192}, 'AVLP(R)': {'post': 46, 'downstream': 2, 'upstream': 46, 'synweight': 48}, 'CAN(L)': {'post': 6, 'pre': 80, 'downstream': 626, 'upstream': 6, 'synweight': 632}, 'CAN(R)': {'post': 166, 'upstream': 166, 'synweight': 166}, 'CRE(L)': {'post': 8, 'pre': 79, 'downstream': 631, 'upstream': 8, 'synweight': 639}, 'CRE(R)': {'post': 718, 'pre': 1, 'downstream': 3, 'upstream': 718, 'synweight': 721}, 'CV': {'post': 5, 'pre': 2, 'downstream': 4, 'upstream': 5, 'synweight': 9}, 'CV-unspecified': {'post': 5, 'pre': 2, 'downstream': 4, 'upstream': 5, 'synweight': 9}, 'CentralBrain': {'post': 19421, 'pre': 6235, 'downstream': 53529, 'upstream': 19421, 'synweight': 72950}, 'CentralBrain-unspecified': {'post': 1037, 'pre': 585, 'downstream': 4701, 'upstream': 1037, 'synweight': 5738}, 'EPA(R)': {'post': 4, 'upstream': 4, 'synweight': 4}, 'FLA(L)': {'post': 48, 'pre': 333, 'downstream': 2829, 'upstream': 48, 'synweight': 2877}, 'FLA(R)': {'post': 685, 'pre': 123, 'downstream': 1092, 'upstream': 685, 'synweight': 1777}, 'GNG': {'post': 243, 'pre': 129, 'downstream': 1012, 'upstream': 243, 'synweight': 1255}, 'GOR(L)': {'post': 33, 'upstream': 33, 'synweight': 33}, 'GOR(R)': {'post': 569, 'upstream': 569, 'synweight': 569}, 'IB': {'post': 890, 'pre': 1, 'downstream': 2, 'upstream': 890, 'synweight': 892}, 'ICL(L)': {'post': 21, 'pre': 27, 'downstream': 218, 'upstream': 21, 'synweight': 239}, 'ICL(R)': {'post': 3893, 'pre': 13, 'downstream': 76, 'upstream': 3893, 'synweight': 3969}, 'IntTct': {'post': 9, 'pre': 121, 'downstream': 831, 'upstream': 9, 'synweight': 840}, 'LAL(R)': {'post': 2, 'upstream': 2, 'synweight': 2}, 'LTct': {'post': 7, 'pre': 98, 'downstream': 712, 'upstream': 7, 'synweight': 719}, 'LegNp(T2)(L)': {'pre': 1, 'downstream': 4, 'synweight': 4}, 'LegNp(T2)(R)': {'post': 2, 'pre': 15, 'downstream': 123, 'upstream': 2, 'synweight': 125}, 'LegNp(T3)(R)': {'post': 5, 'pre': 53, 'downstream': 441, 'upstream': 5, 'synweight': 446}, 'NO': {'pre': 1, 'downstream': 8, 'synweight': 8}, 'NTct(UTct-T1)(L)': {'post': 1, 'upstream': 1, 'synweight': 1}, 'Optic(L)': {'post': 1, 'pre': 7, 'downstream': 46, 'upstream': 1, 'synweight': 47}, 'Optic(R)': {'post': 6, 'pre': 56, 'downstream': 470, 'upstream': 6, 'synweight': 476}, 'Optic-unspecified(L)': {'post': 1, 'pre': 7, 'downstream': 46, 'upstream': 1, 'synweight': 47}, 'Optic-unspecified(R)': {'downstream': 4, 'synweight': 4}, 'Ov(R)': {'pre': 35, 'downstream': 272, 'synweight': 272}, 'PED(L)': {'post': 2, 'pre': 22, 'downstream': 191, 'upstream': 2, 'synweight': 193}, 'PED(R)': {'post': 139, 'upstream': 139, 'synweight': 139}, 'PLP(L)': {'post': 15, 'pre': 63, 'downstream': 567, 'upstream': 15, 'synweight': 582}, 'PLP(R)': {'post': 477, 'pre': 118, 'downstream': 979, 'upstream': 477, 'synweight': 1456}, 'PRW': {'post': 80, 'pre': 385, 'downstream': 3178, 'upstream': 80, 'synweight': 3258}, 'PVLP(R)': {'post': 25, 'upstream': 25, 'synweight': 25}, 'SAD': {'post': 296, 'downstream': 3, 'upstream': 296, 'synweight': 299}, 'SCL(L)': {'post': 37, 'pre': 287, 'downstream': 2547, 'upstream': 37, 'synweight': 2584}, 'SCL(R)': {'post': 1718, 'pre': 343, 'downstream': 3014, 'upstream': 1718, 'synweight': 4732}, 'SIP(L)': {'post': 23, 'pre': 142, 'downstream': 1276, 'upstream': 23, 'synweight': 1299}, 'SIP(R)': {'post': 302, 'pre': 148, 'downstream': 1323, 'upstream': 302, 'synweight': 1625}, 'SLP(L)': {'post': 20, 'pre': 186, 'downstream': 1623, 'upstream': 20, 'synweight': 1643}, 'SLP(R)': {'post': 55, 'pre': 205, 'downstream': 1741, 'upstream': 55, 'synweight': 1796}, 'SMP(L)': {'post': 236, 'pre': 1415, 'downstream': 12450, 'upstream': 236, 'synweight': 12686}, 'SMP(R)': {'post': 4922, 'pre': 1368, 'downstream': 12013, 'upstream': 4922, 'synweight': 16935}, 'SPS(L)': {'post': 142, 'upstream': 142, 'synweight': 142}, 'SPS(R)': {'post': 886, 'upstream': 886, 'synweight': 886}, 'VES(L)': {'post': 23, 'pre': 150, 'downstream': 1187, 'upstream': 23, 'synweight': 1210}, 'VES(R)': {'post': 1578, 'pre': 2, 'downstream': 6, 'upstream': 1578, 'synweight': 1584}, 'VNC': {'post': 136, 'pre': 1554, 'downstream': 11561, 'upstream': 136, 'synweight': 11697}, 'VNC-unspecified': {'post': 16, 'pre': 99, 'downstream': 770, 'upstream': 16, 'synweight': 786}, 'WTct(UTct-T2)(L)': {'post': 5, 'pre': 67, 'downstream': 431, 'upstream': 5, 'synweight': 436}, 'WTct(UTct-T2)(R)': {'post': 2, 'pre': 36, 'downstream': 241, 'upstream': 2, 'synweight': 243}, 'aL(R)': {'post': 1, 'upstream': 1, 'synweight': 1}, 'bL(R)': {'post': 11, 'pre': 10, 'downstream': 43, 'upstream': 11, 'synweight': 54}, 'gL(R)': {'post': 10, 'upstream': 10, 'synweight': 10}}",10286.0,0.9451774954795837,7854,,,xn,,DNxn177,DNpe053,85179,,putative_primary,,15016.0,14999.0,,descending_neuron,acetylcholine,,SMP454,,,early,,,,,15725,,,acetylcholine,0.938309907913208,,,,acetylcholine,R,"['AME(R)', 'AMMC(R)', 'ANm', 'ATL(R)', 'AVLP(L)', 'AVLP(R)', 'CAN(L)', 'CAN(R)', 'CRE(L)', 'CRE(R)', 'CV', 'CV-unspecified', 'CentralBrain', 'CentralBrain-unspecified', 'EPA(R)', 'FLA(L)', 'FLA(R)', 'GNG', 'GOR(L)', 'GOR(R)', 'IB', 'ICL(L)', 'ICL(R)', 'IntTct', 'LAL(R)', 'LTct', 'LegNp(T2)(R)', 'LegNp(T3)(R)', 'NTct(UTct-T1)(L)', 'Optic(L)', 'Optic(R)', 'Optic-unspecified(L)', 'PED(L)', 'PED(R)', 'PLP(L)', 'PLP(R)', 'PRW', 'PVLP(R)', 'SAD', 'SCL(L)', 'SCL(R)', 'SIP(L)', 'SIP(R)', 'SLP(L)', 'SLP(R)', 'SMP(L)', 'SMP(R)', 'SPS(L)', 'SPS(R)', 'VES(L)', 'VES(R)', 'VNC', 'VNC-unspecified', 'WTct(UTct-T2)(L)', 'WTct(UTct-T2)(R)', 'aL(R)', 'bL(R)', 'gL(R)']","['AME(R)', 'ANm', 'AVLP(L)', 'CAN(L)', 'CRE(L)', 'CRE(R)', 'CV', 'CV-unspecified', 'CentralBrain', 'CentralBrain-unspecified', 'FLA(L)', 'FLA(R)', 'GNG', 'IB', 'ICL(L)', 'ICL(R)', 'IntTct', 'LTct', 'LegNp(T2)(L)', 'LegNp(T2)(R)', 'LegNp(T3)(R)', 'NO', 'Optic(L)', 'Optic(R)', 'Optic-unspecified(L)', 'Ov(R)', 'PED(L)', 'PLP(L)', 'PLP(R)', 'PRW', 'SCL(L)', 'SCL(R)', 'SIP(L)', 'SIP(R)', 'SLP(L)', 'SLP(R)', 'SMP(L)', 'SMP(R)', 'VES(L)', 'VES(R)', 'VNC', 'VNC-unspecified', 'WTct(UTct-T2)(L)', 'WTct(UTct-T2)(R)', 'bL(R)']"
30088,AN13B002_L,AN13B002,4079,19535,26647,19535,5580248343,Traced,Prelim Roughly traced,"[55873, 45822, 115410]","{'ADMN(R)': {'post': 98, 'pre': 8, 'downstream': 38, 'upstream': 98, 'synweight': 136}, 'ANm': {'post': 3, 'pre': 1, 'downstream': 2, 'upstream': 3, 'synweight': 5}, 'CV': {'post': 9, 'pre': 1, 'downstream': 3, 'upstream': 9, 'synweight': 12}, 'CV-unspecified': {'post': 9, 'pre': 1, 'downstream': 3, 'upstream': 9, 'synweight': 12}, 'CentralBrain': {'post': 936, 'pre': 267, 'downstream': 1934, 'upstream': 936, 'synweight': 2870}, 'CentralBrain-unspecified': {'post': 6, 'pre': 4, 'downstream': 17, 'upstream': 6, 'synweight': 23}, 'FLA(R)': {'post': 7, 'pre': 22, 'downstream': 190, 'upstream': 7, 'synweight': 197}, 'GNG': {'post': 919, 'pre': 227, 'downstream': 1621, 'upstream': 919, 'synweight': 2540}, 'LegNp(T1)(R)': {'post': 3518, 'pre': 1074, 'downstream': 7022, 'upstream': 3518, 'synweight': 10540}, 'LegNp(T2)(R)': {'post': 2473, 'pre': 482, 'downstream': 3275, 'upstream': 2473, 'synweight': 5748}, 'LegNp(T3)(L)': {'post': 2, 'pre': 1, 'downstream': 2, 'upstream': 2, 'synweight': 4}, 'LegNp(T3)(R)': {'post': 5211, 'pre': 1061, 'downstream': 7216, 'upstream': 5211, 'synweight': 12427}, 'MetaLN(R)': {'post': 6, 'upstream': 6, 'synweight': 6}, 'Ov(R)': {'post': 6968, 'pre': 1159, 'downstream': 7033, 'upstream': 6968, 'synweight': 14001}, 'ProLN(R)': {'post': 9, 'upstream': 9, 'synweight': 9}, 'SAD': {'post': 4, 'pre': 14, 'downstream': 106, 'upstream': 4, 'synweight': 110}, 'VNC': {'post': 18590, 'pre': 3811, 'downstream': 24710, 'upstream': 18590, 'synweight': 43300}, 'VNC-unspecified': {'post': 299, 'pre': 12, 'downstream': 59, 'upstream': 299, 'synweight': 358}, 'mVAC(T2)(R)': {'post': 3, 'pre': 13, 'downstream': 63, 'upstream': 3, 'synweight': 66}}",21763.0,0.8883174061775208,4079,,,CA,,AN13B002,AN_GNG_68,46182,,,Shiu 2022: Dandelion,11272.0,11272.0,,ascending_neuron,gaba,,,,,early,TBD,,,,8248,,,gaba,0.8850788474082947,A1,,,gaba,L,"['ADMN(R)', 'ANm', 'CV', 'CV-unspecified', 'CentralBrain', 'CentralBrain-unspecified', 'FLA(R)', 'GNG', 'LegNp(T1)(R)', 'LegNp(T2)(R)', 'LegNp(T3)(L)', 'LegNp(T3)(R)', 'MetaLN(R)', 'Ov(R)', 'ProLN(R)', 'SAD', 'VNC', 'VNC-unspecified', 'mVAC(T2)(R)']","['ADMN(R)', 'ANm', 'CV', 'CV-unspecified', 'CentralBrain', 'CentralBrain-unspecified', 'FLA(R)', 'GNG', 'LegNp(T1)(R)', 'LegNp(T2)(R)', 'LegNp(T3)(L)', 'LegNp(T3)(R)', 'Ov(R)', 'SAD', 'VNC', 'VNC-unspecified', 'mVAC(T2)(R)']"
12868,ANXXX027_L,ANXXX027,1532,19438,10057,19438,7083849699,Traced,Prelim Roughly traced,"[56842, 49042, 126334]","{'ADMN(R)': {'post': 38, 'upstream': 38, 'synweight': 38}, 'ANm': {'post': 3160, 'pre': 66, 'downstream': 431, 'upstream': 3160, 'synweight': 3591}, 'AVLP(R)': {'post': 159, 'pre': 376, 'downstream': 2949, 'upstream': 159, 'synweight': 3108}, 'CV': {'post': 32, 'pre': 7, 'downstream': 18, 'upstream': 32, 'synweight': 50}, 'CV-unspecified': {'post': 32, 'pre': 7, 'downstream': 18, 'upstream': 32, 'synweight': 50}, 'CentralBrain': {'post': 3877, 'pre': 667, 'downstream': 4931, 'upstream': 3877, 'synweight': 8808}, 'CentralBrain-unspecified': {'post': 24, 'pre': 3, 'downstream': 14, 'upstream': 24, 'synweight': 38}, 'GNG': {'post': 3595, 'pre': 128, 'downstream': 794, 'upstream': 3595, 'synweight': 4389}, 'LTct': {'post': 43, 'pre': 82, 'downstream': 469, 'upstream': 43, 'synweight': 512}, 'LegNp(T1)(R)': {'post': 1879, 'pre': 97, 'downstream': 622, 'upstream': 1879, 'synweight': 2501}, 'LegNp(T2)(R)': {'post': 2924, 'pre': 48, 'downstream': 251, 'upstream': 2924, 'synweight': 3175}, 'LegNp(T3)(R)': {'post': 1878, 'pre': 76, 'downstream': 481, 'upstream': 1878, 'synweight': 2359}, 'Ov(L)': {'post': 29, 'upstream': 29, 'synweight': 29}, 'Ov(R)': {'post': 5152, 'pre': 269, 'downstream': 1533, 'upstream': 5152, 'synweight': 6685}, 'PDMN(R)': {'post': 33, 'upstream': 33, 'synweight': 33}, 'PVLP(R)': {'pre': 12, 'downstream': 120, 'synweight': 120}, 'SAD': {'post': 93, 'pre': 121, 'downstream': 858, 'upstream': 93, 'synweight': 951}, 'VNC': {'post': 15529, 'pre': 858, 'downstream': 5108, 'upstream': 15529, 'synweight': 20637}, 'VNC-unspecified': {'post': 250, 'pre': 94, 'downstream': 549, 'upstream': 250, 'synweight': 799}, 'WED(R)': {'post': 6, 'pre': 27, 'downstream': 196, 'upstream': 6, 'synweight': 202}, 'mVAC(T1)(R)': {'post': 29, 'pre': 14, 'downstream': 80, 'upstream': 29, 'synweight': 109}, 'mVAC(T2)(R)': {'post': 114, 'pre': 109, 'downstream': 681, 'upstream': 114, 'synweight': 795}, 'mVAC(T3)(R)': {'pre': 3, 'downstream': 11, 'synweight': 11}}",12868.0,0.9541125893592834,1532,,,CA,10149.0,ANXXX027,AN_AVLP_GNG_4,29495,,,,10577.0,10577.0,,ascending_neuron,acetylcholine,,,,,early,TBD,,,,25766,,cns tiling,acetylcholine,0.9554275870323181,A5,12868.0,,acetylcholine,L,"['ADMN(R)', 'ANm', 'AVLP(R)', 'CV', 'CV-unspecified', 'CentralBrain', 'CentralBrain-unspecified', 'GNG', 'LTct', 'LegNp(T1)(R)', 'LegNp(T2)(R)', 'LegNp(T3)(R)', 'Ov(L)', 'Ov(R)', 'PDMN(R)', 'SAD', 'VNC', 'VNC-unspecified', 'WED(R)', 'mVAC(T1)(R)', 'mVAC(T2)(R)']","['ANm', 'AVLP(R)', 'CV', 'CV-unspecified', 'CentralBrain', 'CentralBrain-unspecified', 'GNG', 'LTct', 'LegNp(T1)(R)', 'LegNp(T2)(R)', 'LegNp(T3)(R)', 'Ov(R)', 'PVLP(R)', 'SAD', 'VNC', 'VNC-unspecified', 'WED(R)', 'mVAC(T1)(R)', 'mVAC(T2)(R)', 'mVAC(T3)(R)']"
10192,DNg75(hb1874217622)_L,DNg75,3271,19276,24735,19276,9368550711,Traced,Prelim Roughly traced,"[61402, 38339, 31679]","{'AMMC(L)': {'post': 45, 'pre': 4, 'downstream': 24, 'upstream': 45, 'synweight': 69}, 'CV': {'post': 36, 'pre': 10, 'downstream': 39, 'upstream': 36, 'synweight': 75}, 'CV-unspecified': {'post': 36, 'pre': 10, 'downstream': 39, 'upstream': 36, 'synweight': 75}, 'CentralBrain': {'post': 19166, 'pre': 1553, 'downstream': 11177, 'upstream': 19166, 'synweight': 30343}, 'CentralBrain-unspecified': {'post': 789, 'pre': 46, 'downstream': 269, 'upstream': 789, 'synweight': 1058}, 'FLA(L)': {'post': 248, 'pre': 4, 'downstream': 33, 'upstream': 248, 'synweight': 281}, 'FLA(R)': {'post': 2, 'upstream': 2, 'synweight': 2}, 'GNG': {'post': 9150, 'pre': 967, 'downstream': 7255, 'upstream': 9150, 'synweight': 16405}, 'IPS(L)': {'post': 4973, 'pre': 233, 'downstream': 1399, 'upstream': 4973, 'synweight': 6372}, 'IPS(R)': {'post': 23, 'pre': 120, 'downstream': 1057, 'upstream': 23, 'synweight': 1080}, 'IntTct': {'pre': 5, 'downstream': 50, 'synweight': 50}, 'LAL(L)': {'post': 8, 'upstream': 8, 'synweight': 8}, 'LegNp(T1)(R)': {'post': 27, 'pre': 648, 'downstream': 4998, 'upstream': 27, 'synweight': 5025}, 'LegNp(T2)(R)': {'post': 18, 'pre': 396, 'downstream': 3147, 'upstream': 18, 'synweight': 3165}, 'LegNp(T3)(R)': {'post': 26, 'pre': 590, 'downstream': 4806, 'upstream': 26, 'synweight': 4832}, 'NTct(UTct-T1)(R)': {'post': 1, 'pre': 54, 'downstream': 435, 'upstream': 1, 'synweight': 436}, 'SAD': {'post': 909, 'pre': 62, 'downstream': 384, 'upstream': 909, 'synweight': 1293}, 'SPS(L)': {'post': 935, 'pre': 53, 'downstream': 323, 'upstream': 935, 'synweight': 1258}, 'VES(L)': {'post': 1788, 'pre': 54, 'downstream': 369, 'upstream': 1788, 'synweight': 2157}, 'VNC': {'post': 74, 'pre': 1708, 'downstream': 13519, 'upstream': 74, 'synweight': 13593}, 'VNC-unspecified': {'post': 1, 'pre': 13, 'downstream': 80, 'upstream': 1, 'synweight': 81}, 'WED(L)': {'post': 296, 'pre': 8, 'downstream': 44, 'upstream': 296, 'synweight': 340}, 'WED(R)': {'pre': 2, 'downstream': 20, 'synweight': 20}, 'WTct(UTct-T2)(R)': {'post': 1, 'pre': 2, 'downstream': 3, 'upstream': 1, 'synweight': 4}}",10192.0,0.9585162997245789,3271,,,xl,,DNg75,DNg75,44011,,putative_primary,Sapkal 2024: cDN1,11264.0,11264.0,,descending_neuron,acetylcholine,,hb1874217622,,,early,,,,,6526,,,acetylcholine,0.9592940211296082,,,,acetylcholine,L,"['AMMC(L)', 'CV', 'CV-unspecified', 'CentralBrain', 'CentralBrain-unspecified', 'FLA(L)', 'FLA(R)', 'GNG', 'IPS(L)', 'IPS(R)', 'LAL(L)', 'LegNp(T1)(R)', 'LegNp(T2)(R)', 'LegNp(T3)(R)', 'NTct(UTct-T1)(R)', 'SAD', 'SPS(L)', 'VES(L)', 'VNC', 'VNC-unspecified', 'WED(L)', 'WTct(UTct-T2)(R)']","['AMMC(L)', 'CV', 'CV-unspecified', 'CentralBrain', 'CentralBrain-unspecified', 'FLA(L)', 'GNG', 'IPS(L)', 'IPS(R)', 'IntTct', 'LegNp(T1)(R)', 'LegNp(T2)(R)', 'LegNp(T3)(R)', 'NTct(UTct-T1)(R)', 'SAD', 'SPS(L)', 'VES(L)', 'VNC', 'VNC-unspecified', 'WED(L)', 'WED(R)', 'WTct(UTct-T2)(R)']"
800193,IN01B001_R,IN01B001,3105,19127,14635,19127,4960971331,Traced,Reviewed,"[46383, 44405, 114815]","{'ADMN(R)': {'post': 7, 'upstream': 7, 'synweight': 7}, 'ANm': {'post': 145, 'pre': 25, 'downstream': 110, 'upstream': 145, 'synweight': 255}, 'LegNp(T1)(R)': {'post': 2272, 'pre': 611, 'downstream': 2828, 'upstream': 2272, 'synweight': 5100}, 'LegNp(T2)(R)': {'post': 6807, 'pre': 960, 'downstream': 4681, 'upstream': 6807, 'synweight': 11488}, 'LegNp(T3)(R)': {'post': 5087, 'pre': 727, 'downstream': 3381, 'upstream': 5087, 'synweight': 8468}, 'Ov(R)': {'post': 4648, 'pre': 777, 'downstream': 3614, 'upstream': 4648, 'synweight': 8262}, 'PDMN(R)': {'post': 8, 'pre': 1, 'downstream': 2, 'upstream': 8, 'synweight': 10}, 'VNC': {'post': 19127, 'pre': 3105, 'downstream': 14635, 'upstream': 19127, 'synweight': 33762}, 'VNC-unspecified': {'post': 153, 'pre': 4, 'downstream': 19, 'upstream': 153, 'synweight': 172}}",800193.0,0.8937260508537292,3105,,,II,,IN01B001,,33762,,,,10885.0,10563.0,,vnc_intrinsic,gaba,,,,,early,01B,,,,6983,,,gaba,0.8944577574729919,A2,,,gaba,R,"['ADMN(R)', 'ANm', 'LegNp(T1)(R)', 'LegNp(T2)(R)', 'LegNp(T3)(R)', 'Ov(R)', 'PDMN(R)', 'VNC', 'VNC-unspecified']","['ANm', 'LegNp(T1)(R)', 'LegNp(T2)(R)', 'LegNp(T3)(R)', 'Ov(R)', 'PDMN(R)', 'VNC', 'VNC-unspecified']"
12286,AN05B102a_R,AN05B102a,2747,18999,25044,18999,6715943802,Traced,Roughly traced,"[45252, 44564, 115820]","{'ADMN(L)': {'post': 62, 'pre': 1, 'downstream': 3, 'upstream': 62, 'synweight': 65}, 'ANm': {'post': 38, 'pre': 20, 'downstream': 141, 'upstream': 38, 'synweight': 179}, 'AVLP(L)': {'post': 750, 'pre': 1634, 'downstream': 16597, 'upstream': 750, 'synweight': 17347}, 'CV': {'post': 20, 'pre': 15, 'downstream': 64, 'upstream': 20, 'synweight': 84}, 'CV-unspecified': {'post': 20, 'pre': 15, 'downstream': 64, 'upstream': 20, 'synweight': 84}, 'CentralBrain': {'post': 975, 'pre': 2115, 'downstream': 21103, 'upstream': 975, 'synweight': 22078}, 'CentralBrain-unspecified': {'post': 28, 'pre': 5, 'downstream': 18, 'upstream': 28, 'synweight': 46}, 'FLA(L)': {'post': 20, 'pre': 51, 'downstream': 473, 'upstream': 20, 'synweight': 493}, 'GNG': {'post': 8, 'pre': 42, 'downstream': 432, 'upstream': 8, 'synweight': 440}, 'LTct': {'post': 26, 'pre': 83, 'downstream': 573, 'upstream': 26, 'synweight': 599}, 'LegNp(T1)(L)': {'post': 898, 'pre': 20, 'downstream': 124, 'upstream': 898, 'synweight': 1022}, 'LegNp(T1)(R)': {'post': 628, 'pre': 34, 'downstream': 173, 'upstream': 628, 'synweight': 801}, 'LegNp(T2)(L)': {'post': 2124, 'pre': 26, 'downstream': 170, 'upstream': 2124, 'synweight': 2294}, 'LegNp(T2)(R)': {'post': 1496, 'pre': 48, 'downstream': 272, 'upstream': 1496, 'synweight': 1768}, 'LegNp(T3)(L)': {'post': 2602, 'pre': 49, 'downstream': 328, 'upstream': 2602, 'synweight': 2930}, 'LegNp(T3)(R)': {'post': 2652, 'pre': 79, 'downstream': 562, 'upstream': 2652, 'synweight': 3214}, 'Ov(L)': {'post': 4407, 'pre': 111, 'downstream': 609, 'upstream': 4407, 'synweight': 5016}, 'Ov(R)': {'post': 2916, 'pre': 111, 'downstream': 694, 'upstream': 2916, 'synweight': 3610}, 'PVLP(L)': {'post': 150, 'pre': 350, 'downstream': 3304, 'upstream': 150, 'synweight': 3454}, 'SAD': {'post': 3, 'upstream': 3, 'synweight': 3}, 'VES(L)': {'post': 2, 'upstream': 2, 'synweight': 2}, 'VNC': {'post': 18004, 'pre': 617, 'downstream': 3877, 'upstream': 18004, 'synweight': 21881}, 'VNC-unspecified': {'post': 155, 'pre': 35, 'downstream': 228, 'upstream': 155, 'synweight': 383}, 'WED(L)': {'post': 14, 'pre': 33, 'downstream': 279, 'upstream': 14, 'synweight': 293}}",11431.0,0.9597418904304504,2747,,,BA,12374.0,AN05B102,AN_AVLP_20,44043,,,Kallman 2015: PPN1,13416.0,11055.0,,ascending_neuron,acetylcholine,,,,,early,05B,,dorsal projection around esophagous in mcns,,5483,,cns tiling,acetylcholine,0.9648933410644531,A1,11431.0,,acetylcholine,R,"['ADMN(L)', 'ANm', 'AVLP(L)', 'CV', 'CV-unspecified', 'CentralBrain', 'CentralBrain-unspecified', 'FLA(L)', 'GNG', 'LTct', 'LegNp(T1)(L)', 'LegNp(T1)(R)', 'LegNp(T2)(L)', 'LegNp(T2)(R)', 'LegNp(T3)(L)', 'LegNp(T3)(R)', 'Ov(L)', 'Ov(R)', 'PVLP(L)', 'SAD', 'VES(L)', 'VNC', 'VNC-unspecified', 'WED(L)']","['ADMN(L)', 'ANm', 'AVLP(L)', 'CV', 'CV-unspecified', 'CentralBrain', 'CentralBrain-unspecified', 'FLA(L)', 'GNG', 'LTct', 'LegNp(T1)(L)', 'LegNp(T1)(R)', 'LegNp(T2)(L)', 'LegNp(T2)(R)', 'LegNp(T3)(L)', 'LegNp(T3)(R)', 'Ov(L)', 'Ov(R)', 'PVLP(L)', 'VNC', 'VNC-unspecified', 'WED(L)']"
910810,IN05B011a_R,IN05B011a,2831,18864,12332,18864,4085622847,Traced,Reviewed,"[44122, 44320, 126696]","{'ADMN(L)': {'post': 20, 'upstream': 20, 'synweight': 20}, 'ADMN(R)': {'post': 45, 'pre': 2, 'downstream': 11, 'upstream': 45, 'synweight': 56}, 'ANm': {'post': 119, 'pre': 65, 'downstream': 351, 'upstream': 119, 'synweight': 470}, 'LegNp(T1)(L)': {'post': 2829, 'pre': 523, 'downstream': 2219, 'upstream': 2829, 'synweight': 5048}, 'LegNp(T1)(R)': {'post': 1876, 'pre': 365, 'downstream': 1528, 'upstream': 1876, 'synweight': 3404}, 'LegNp(T2)(L)': {'post': 2483, 'pre': 366, 'downstream': 1596, 'upstream': 2483, 'synweight': 4079}, 'LegNp(T2)(R)': {'post': 933, 'pre': 123, 'downstream': 554, 'upstream': 933, 'synweight': 1487}, 'LegNp(T3)(L)': {'post': 2088, 'pre': 307, 'downstream': 1354, 'upstream': 2088, 'synweight': 3442}, 'LegNp(T3)(R)': {'post': 1149, 'pre': 187, 'downstream': 815, 'upstream': 1149, 'synweight': 1964}, 'Ov(L)': {'post': 3294, 'pre': 408, 'downstream': 1779, 'upstream': 3294, 'synweight': 5073}, 'Ov(R)': {'post': 3703, 'pre': 440, 'downstream': 1927, 'upstream': 3703, 'synweight': 5630}, 'ProLN(L)': {'post': 39, 'pre': 9, 'downstream': 43, 'upstream': 39, 'synweight': 82}, 'ProLN(R)': {'post': 7, 'upstream': 7, 'synweight': 7}, 'VNC': {'post': 18864, 'pre': 2831, 'downstream': 12332, 'upstream': 18864, 'synweight': 31196}, 'VNC-unspecified': {'post': 279, 'pre': 36, 'downstream': 155, 'upstream': 279, 'synweight': 434}}",800320.0,0.8751510977745056,2831,,,BI,10839.0,IN05B011,,31196,,,,11199.0,10839.0,,vnc_intrinsic,gaba,,,,,early,05B,,,,5569,,,gaba,0.8699131011962891,A6,800320.0,,gaba,R,"['ADMN(L)', 'ADMN(R)', 'ANm', 'LegNp(T1)(L)', 'LegNp(T1)(R)', 'LegNp(T2)(L)', 'LegNp(T2)(R)', 'LegNp(T3)(L)', 'LegNp(T3)(R)', 'Ov(L)', 'Ov(R)', 'ProLN(L)', 'ProLN(R)', 'VNC', 'VNC-unspecified']","['ADMN(R)', 'ANm', 'LegNp(T1)(L)', 'LegNp(T1)(R)', 'LegNp(T2)(L)', 'LegNp(T2)(R)', 'LegNp(T3)(L)', 'LegNp(T3)(R)', 'Ov(L)', 'Ov(R)', 'ProLN(L)', 'VNC', 'VNC-unspecified']"
800320,IN05B011a_L,IN05B011a,2738,18711,11709,18711,4075408811,Traced,Reviewed,"[56719, 50231, 127354]","{'ADMN(L)': {'post': 157, 'pre': 5, 'downstream': 20, 'upstream': 157, 'synweight': 177}, 'ADMN(R)': {'post': 10, 'downstream': 1, 'upstream': 10, 'synweight': 11}, 'ANm': {'post': 5, 'pre': 3, 'downstream': 8, 'upstream': 5, 'synweight': 13}, 'LTct': {'post': 6, 'pre': 2, 'downstream': 13, 'upstream': 6, 'synweight': 19}, 'LegNp(T1)(L)': {'post': 1225, 'pre': 191, 'downstream': 792, 'upstream': 1225, 'synweight': 2017}, 'LegNp(T1)(R)': {'post': 1655, 'pre': 344, 'downstream': 1422, 'upstream': 1655, 'synweight': 3077}, 'LegNp(T2)(L)': {'post': 392, 'pre': 65, 'downstream': 272, 'upstream': 392, 'synweight': 664}, 'LegNp(T2)(R)': {'post': 2160, 'pre': 330, 'downstream': 1449, 'upstream': 2160, 'synweight': 3609}, 'LegNp(T3)(L)': {'post': 1345, 'pre': 235, 'downstream': 1038, 'upstream': 1345, 'synweight': 2383}, 'LegNp(T3)(R)': {'post': 2402, 'pre': 383, 'downstream': 1626, 'upstream': 2402, 'synweight': 4028}, 'Ov(L)': {'post': 5442, 'pre': 652, 'downstream': 2813, 'upstream': 5442, 'synweight': 8255}, 'Ov(R)': {'post': 3676, 'pre': 515, 'downstream': 2202, 'upstream': 3676, 'synweight': 5878}, 'ProLN(R)': {'post': 5, 'upstream': 5, 'synweight': 5}, 'VNC': {'post': 18711, 'pre': 2738, 'downstream': 11709, 'upstream': 18711, 'synweight': 30420}, 'VNC-unspecified': {'post': 231, 'pre': 13, 'downstream': 53, 'upstream': 231, 'synweight': 284}}",800320.0,0.8751510977745056,2738,,,BI,10839.0,IN05B011,,30420,,,,10839.0,10839.0,,vnc_intrinsic,gaba,,,,,early,05B,,,,5569,,,gaba,0.8805670142173767,A6,800320.0,,gaba,L,"['ADMN(L)', 'ADMN(R)', 'ANm', 'LTct', 'LegNp(T1)(L)', 'LegNp(T1)(R)', 'LegNp(T2)(L)', 'LegNp(T2)(R)', 'LegNp(T3)(L)', 'LegNp(T3)(R)', 'Ov(L)', 'Ov(R)', 'ProLN(R)', 'VNC', 'VNC-unspecified']","['ADMN(L)', 'ANm', 'LTct', 'LegNp(T1)(L)', 'LegNp(T1)(R)', 'LegNp(T2)(L)', 'LegNp(T2)(R)', 'LegNp(T3)(L)', 'LegNp(T3)(R)', 'Ov(L)', 'Ov(R)', 'VNC', 'VNC-unspecified']"
10065,DNb05_R,DNb05,3437,18613,22647,18613,15280107409,Traced,Prelim Roughly traced,"[46239, 34810, 15951]","{'AL(R)': {'post': 6340, 'pre': 88, 'downstream': 416, 'upstream': 6340, 'synweight': 6756}, 'AMMC(R)': {'post': 216, 'pre': 230, 'downstream': 1751, 'upstream': 216, 'synweight': 1967}, 'ANm': {'post': 8, 'pre': 56, 'downstream': 433, 'upstream': 8, 'synweight': 441}, 'AVLP(R)': {'post': 27, 'pre': 3, 'downstream': 8, 'upstream': 27, 'synweight': 35}, 'CV': {'post': 83, 'pre': 24, 'downstream': 122, 'upstream': 83, 'synweight': 205}, 'CV-unspecified': {'post': 83, 'pre': 24, 'downstream': 122, 'upstream': 83, 'synweight': 205}, 'CentralBrain': {'post': 18150, 'pre': 1169, 'downstream': 8043, 'upstream': 18150, 'synweight': 26193}, 'CentralBrain-unspecified': {'post': 91, 'pre': 33, 'downstream': 206, 'upstream': 91, 'synweight': 297}, 'GNG': {'post': 158, 'pre': 470, 'downstream': 3445, 'upstream': 158, 'synweight': 3603}, 'HTct(UTct-T3)(R)': {'post': 3, 'pre': 24, 'downstream': 201, 'upstream': 3, 'synweight': 204}, 'ICL(R)': {'post': 128, 'upstream': 128, 'synweight': 128}, 'IntTct': {'post': 40, 'pre': 170, 'downstream': 1066, 'upstream': 40, 'synweight': 1106}, 'LAL(R)': {'post': 15, 'upstream': 15, 'synweight': 15}, 'LTct': {'post': 110, 'pre': 489, 'downstream': 3238, 'upstream': 110, 'synweight': 3348}, 'LegNp(T1)(R)': {'post': 103, 'pre': 862, 'downstream': 5567, 'upstream': 103, 'synweight': 5670}, 'LegNp(T2)(R)': {'post': 34, 'pre': 232, 'downstream': 1529, 'upstream': 34, 'synweight': 1563}, 'LegNp(T3)(R)': {'post': 7, 'pre': 115, 'downstream': 835, 'upstream': 7, 'synweight': 842}, 'Ov(R)': {'post': 4, 'pre': 81, 'downstream': 470, 'upstream': 4, 'synweight': 474}, 'PLP(R)': {'post': 5832, 'pre': 61, 'downstream': 356, 'upstream': 5832, 'synweight': 6188}, 'PVLP(R)': {'post': 466, 'pre': 62, 'downstream': 385, 'upstream': 466, 'synweight': 851}, 'SAD': {'post': 926, 'pre': 93, 'downstream': 731, 'upstream': 926, 'synweight': 1657}, 'SPS(R)': {'post': 1156, 'pre': 3, 'downstream': 14, 'upstream': 1156, 'synweight': 1170}, 'VES(R)': {'post': 715, 'pre': 1, 'downstream': 1, 'upstream': 715, 'synweight': 716}, 'VNC': {'post': 380, 'pre': 2244, 'downstream': 14482, 'upstream': 380, 'synweight': 14862}, 'VNC-unspecified': {'post': 41, 'pre': 109, 'downstream': 628, 'upstream': 41, 'synweight': 669}, 'WED(R)': {'post': 2080, 'pre': 125, 'downstream': 730, 'upstream': 2080, 'synweight': 2810}, 'WTct(UTct-T2)(R)': {'post': 25, 'pre': 65, 'downstream': 324, 'upstream': 25, 'synweight': 349}, 'mVAC(T1)(R)': {'pre': 11, 'downstream': 55, 'synweight': 55}, 'mVAC(T2)(R)': {'post': 5, 'pre': 30, 'downstream': 136, 'upstream': 5, 'synweight': 141}}",10065.0,0.9609861969947815,3437,potentially sexually dimorphic,,xn,,DNb05,DNb05,41260,,putative_primary,Matsuo 2016: AMMC-Di7,10315.0,10307.0,,descending_neuron,acetylcholine,,DNb05,,,early,,,extra VNC branch mcns,,6787,,,acetylcholine,0.9628559947013855,,,,acetylcholine,R,"['AL(R)', 'AMMC(R)', 'ANm', 'AVLP(R)', 'CV', 'CV-unspecified', 'CentralBrain', 'CentralBrain-unspecified', 'GNG', 'HTct(UTct-T3)(R)', 'ICL(R)', 'IntTct', 'LAL(R)', 'LTct', 'LegNp(T1)(R)', 'LegNp(T2)(R)', 'LegNp(T3)(R)', 'Ov(R)', 'PLP(R)', 'PVLP(R)', 'SAD', 'SPS(R)', 'VES(R)', 'VNC', 'VNC-unspecified', 'WED(R)', 'WTct(UTct-T2)(R)', 'mVAC(T2)(R)']","['AL(R)', 'AMMC(R)', 'ANm', 'AVLP(R)', 'CV', 'CV-unspecified', 'CentralBrain', 'CentralBrain-unspecified', 'GNG', 'HTct(UTct-T3)(R)', 'IntTct', 'LTct', 'LegNp(T1)(R)', 'LegNp(T2)(R)', 'LegNp(T3)(R)', 'Ov(R)', 'PLP(R)', 'PVLP(R)', 'SAD', 'SPS(R)', 'VES(R)', 'VNC', 'VNC-unspecified', 'WED(R)', 'WTct(UTct-T2)(R)', 'mVAC(T1)(R)', 'mVAC(T2)(R)']"
10001,DNp01(GF)_R,DNp01,1015,18582,4491,18582,106999248062,Traced,Roughly traced,"[37124, 22258, 36274]","{'AMMC(R)': {'post': 1635, 'pre': 13, 'downstream': 59, 'upstream': 1635, 'synweight': 1694}, 'CV': {'post': 864, 'pre': 46, 'downstream': 224, 'upstream': 864, 'synweight': 1088}, 'CV-unspecified': {'post': 864, 'pre': 46, 'downstream': 224, 'upstream': 864, 'synweight': 1088}, 'CentralBrain': {'post': 16135, 'pre': 314, 'downstream': 1429, 'upstream': 16135, 'synweight': 17564}, 'CentralBrain-unspecified': {'post': 810, 'pre': 138, 'downstream': 690, 'upstream': 810, 'synweight': 1500}, 'EPA(R)': {'post': 376, 'pre': 4, 'downstream': 19, 'upstream': 376, 'synweight': 395}, 'GOR(R)': {'post': 1772, 'pre': 39, 'downstream': 168, 'upstream': 1772, 'synweight': 1940}, 'IB': {'post': 185, 'pre': 3, 'downstream': 12, 'upstream': 185, 'synweight': 197}, 'ICL(R)': {'post': 570, 'pre': 12, 'downstream': 55, 'upstream': 570, 'synweight': 625}, 'IPS(R)': {'post': 3, 'upstream': 3, 'synweight': 3}, 'IntTct': {'post': 218, 'pre': 123, 'downstream': 468, 'upstream': 218, 'synweight': 686}, 'LTct': {'post': 974, 'pre': 329, 'downstream': 1384, 'upstream': 974, 'synweight': 2358}, 'PLP(R)': {'post': 21, 'pre': 3, 'downstream': 8, 'upstream': 21, 'synweight': 29}, 'PVLP(R)': {'post': 7897, 'pre': 36, 'downstream': 153, 'upstream': 7897, 'synweight': 8050}, 'SAD': {'post': 1572, 'pre': 56, 'downstream': 230, 'upstream': 1572, 'synweight': 1802}, 'SPS(R)': {'post': 6, 'pre': 1, 'downstream': 2, 'upstream': 6, 'synweight': 8}, 'VES(R)': {'post': 3, 'upstream': 3, 'synweight': 3}, 'VNC': {'post': 1583, 'pre': 655, 'downstream': 2838, 'upstream': 1583, 'synweight': 4421}, 'VNC-unspecified': {'post': 391, 'pre': 203, 'downstream': 986, 'upstream': 391, 'synweight': 1377}, 'WED(R)': {'post': 1285, 'pre': 9, 'downstream': 33, 'upstream': 1285, 'synweight': 1318}}",10001.0,0.5281116962432861,1015,,,lt,,DNp01,DNp01,23073,,putative_primary,Kennedy and Broadie 2018: GF,10000.0,10000.0,,descending_neuron,acetylcholine,,Giant Fiber,,,early,,,,,1991,,,acetylcholine,0.500352144241333,,,,acetylcholine,R,"['AMMC(R)', 'CV', 'CV-unspecified', 'CentralBrain', 'CentralBrain-unspecified', 'EPA(R)', 'GOR(R)', 'IB', 'ICL(R)', 'IPS(R)', 'IntTct', 'LTct', 'PLP(R)', 'PVLP(R)', 'SAD', 'SPS(R)', 'VES(R)', 'VNC', 'VNC-unspecified', 'WED(R)']","['AMMC(R)', 'CV', 'CV-unspecified', 'CentralBrain', 'CentralBrain-unspecified', 'EPA(R)', 'GOR(R)', 'IB', 'ICL(R)', 'IntTct', 'LTct', 'PLP(R)', 'PVLP(R)', 'SAD', 'SPS(R)', 'VNC', 'VNC-unspecified', 'WED(R)']"
800696,MNwm36_R,MNwm36,180,18550,519,18550,17042069922,Traced,Reviewed,"[37805, 50780, 95928]","{'ADMN(R)': {'post': 17, 'upstream': 17, 'synweight': 17}, 'DMetaN(R)': {'post': 8, 'upstream': 8, 'synweight': 8}, 'HTct(UTct-T3)(L)': {'post': 59, 'upstream': 59, 'synweight': 59}, 'HTct(UTct-T3)(R)': {'post': 277, 'upstream': 277, 'synweight': 277}, 'IntTct': {'post': 881, 'pre': 3, 'downstream': 10, 'upstream': 881, 'synweight': 891}, 'LTct': {'post': 226, 'pre': 1, 'downstream': 1, 'upstream': 226, 'synweight': 227}, 'LegNp(T2)(R)': {'post': 60, 'upstream': 60, 'synweight': 60}, 'MesoAN(R)': {'post': 8, 'pre': 8, 'downstream': 26, 'upstream': 8, 'synweight': 34}, 'NTct(UTct-T1)(L)': {'post': 283, 'upstream': 283, 'synweight': 283}, 'NTct(UTct-T1)(R)': {'post': 489, 'upstream': 489, 'synweight': 489}, 'PDMN(R)': {'post': 7, 'upstream': 7, 'synweight': 7}, 'VNC': {'post': 18504, 'pre': 47, 'downstream': 162, 'upstream': 18504, 'synweight': 18666}, 'VNC-unspecified': {'post': 825, 'pre': 17, 'downstream': 88, 'upstream': 825, 'synweight': 913}, 'WTct(UTct-T2)(L)': {'post': 4367, 'pre': 2, 'downstream': 7, 'upstream': 4367, 'synweight': 4374}, 'WTct(UTct-T2)(R)': {'post': 10997, 'pre': 16, 'downstream': 30, 'upstream': 10997, 'synweight': 11027}}",800184.0,0.4284696877002716,180,,,wm,,MNwm36,,19069,,,,46457.0,10178.0,,vnc_motor,unclear,,,,,early,08A,,,,311,,,unclear,0.3373764157295227,T2,,MesoAN,unclear,R,"['ADMN(R)', 'DMetaN(R)', 'HTct(UTct-T3)(L)', 'HTct(UTct-T3)(R)', 'IntTct', 'LTct', 'LegNp(T2)(R)', 'MesoAN(R)', 'NTct(UTct-T1)(L)', 'NTct(UTct-T1)(R)', 'PDMN(R)', 'VNC', 'VNC-unspecified', 'WTct(UTct-T2)(L)', 'WTct(UTct-T2)(R)']","['IntTct', 'LTct', 'MesoAN(R)', 'VNC', 'VNC-unspecified', 'WTct(UTct-T2)(L)', 'WTct(UTct-T2)(R)']"
524470,DNbe001(PS103)_R,DNbe001,2169,18535,14413,18535,11646580377,Traced,Prelim Roughly traced,"[46317, 32854, 16692]","{'ADMN(L)': {'post': 7, 'pre': 15, 'downstream': 68, 'upstream': 7, 'synweight': 75}, 'ADMN(R)': {'post': 2, 'pre': 8, 'downstream': 41, 'upstream': 2, 'synweight': 43}, 'AMMC(L)': {'post': 1645, 'downstream': 2, 'upstream': 1645, 'synweight': 1647}, 'AMMC(R)': {'post': 2715, 'pre': 5, 'downstream': 14, 'upstream': 2715, 'synweight': 2729}, 'ANm': {'post': 75, 'pre': 168, 'downstream': 1175, 'upstream': 75, 'synweight': 1250}, 'CAN(L)': {'post': 259, 'pre': 1, 'downstream': 3, 'upstream': 259, 'synweight': 262}, 'CAN(R)': {'post': 125, 'upstream': 125, 'synweight': 125}, 'CV': {'post': 45, 'pre': 2, 'downstream': 15, 'upstream': 45, 'synweight': 60}, 'CV-unspecified': {'post': 45, 'pre': 2, 'downstream': 15, 'upstream': 45, 'synweight': 60}, 'CentralBrain': {'post': 17784, 'pre': 417, 'downstream': 3124, 'upstream': 17784, 'synweight': 20908}, 'CentralBrain-unspecified': {'post': 920, 'pre': 30, 'downstream': 196, 'upstream': 920, 'synweight': 1116}, 'EPA(R)': {'post': 114, 'upstream': 114, 'synweight': 114}, 'GNG': {'post': 551, 'pre': 263, 'downstream': 2197, 'upstream': 551, 'synweight': 2748}, 'GOR(R)': {'post': 13, 'upstream': 13, 'synweight': 13}, 'HTct(UTct-T3)(L)': {'pre': 6, 'downstream': 38, 'synweight': 38}, 'HTct(UTct-T3)(R)': {'post': 16, 'pre': 42, 'downstream': 308, 'upstream': 16, 'synweight': 324}, 'IB': {'post': 35, 'pre': 20, 'downstream': 141, 'upstream': 35, 'synweight': 176}, 'IPS(L)': {'post': 5, 'pre': 1, 'downstream': 25, 'upstream': 5, 'synweight': 30}, 'IPS(R)': {'post': 696, 'pre': 42, 'downstream': 255, 'upstream': 696, 'synweight': 951}, 'IntTct': {'post': 113, 'pre': 337, 'downstream': 2265, 'upstream': 113, 'synweight': 2378}, 'LTct': {'post': 13, 'pre': 22, 'downstream': 180, 'upstream': 13, 'synweight': 193}, 'LegNp(T1)(L)': {'post': 8, 'pre': 10, 'downstream': 75, 'upstream': 8, 'synweight': 83}, 'LegNp(T1)(R)': {'post': 4, 'pre': 26, 'downstream': 228, 'upstream': 4, 'synweight': 232}, 'NTct(UTct-T1)(L)': {'post': 34, 'pre': 72, 'downstream': 479, 'upstream': 34, 'synweight': 513}, 'NTct(UTct-T1)(R)': {'post': 31, 'pre': 97, 'downstream': 662, 'upstream': 31, 'synweight': 693}, 'PLP(L)': {'post': 98, 'upstream': 98, 'synweight': 98}, 'PLP(R)': {'post': 5656, 'pre': 14, 'downstream': 49, 'upstream': 5656, 'synweight': 5705}, 'PVLP(R)': {'post': 35, 'upstream': 35, 'synweight': 35}, 'SAD': {'post': 686, 'upstream': 686, 'synweight': 686}, 'SPS(L)': {'post': 386, 'pre': 2, 'downstream': 18, 'upstream': 386, 'synweight': 404}, 'SPS(R)': {'post': 2406, 'pre': 32, 'downstream': 203, 'upstream': 2406, 'synweight': 2609}, 'VES(L)': {'post': 203, 'upstream': 203, 'synweight': 203}, 'VES(R)': {'post': 212, 'pre': 4, 'downstream': 11, 'upstream': 212, 'synweight': 223}, 'VNC': {'post': 706, 'pre': 1750, 'downstream': 11274, 'upstream': 706, 'synweight': 11980}, 'VNC-unspecified': {'post': 69, 'pre': 102, 'downstream': 576, 'upstream': 69, 'synweight': 645}, 'WED(R)': {'post': 1024, 'pre': 3, 'downstream': 10, 'upstream': 1024, 'synweight': 1034}, 'WTct(UTct-T2)(L)': {'post': 152, 'pre': 350, 'downstream': 2154, 'upstream': 152, 'synweight': 2306}, 'WTct(UTct-T2)(R)': {'post': 182, 'pre': 495, 'downstream': 3025, 'upstream': 182, 'synweight': 3207}}",10469.0,0.9498429298400879,2169,,,ut,,DNut040,DNbe001,32948,,putative_primary,,10269.0,10269.0,,descending_neuron,acetylcholine,,PS103,,,early,,,,,4420,,,acetylcholine,0.9583185315132141,,,,acetylcholine,R,"['ADMN(L)', 'ADMN(R)', 'AMMC(L)', 'AMMC(R)', 'ANm', 'CAN(L)', 'CAN(R)', 'CV', 'CV-unspecified', 'CentralBrain', 'CentralBrain-unspecified', 'EPA(R)', 'GNG', 'GOR(R)', 'HTct(UTct-T3)(R)', 'IB', 'IPS(L)', 'IPS(R)', 'IntTct', 'LTct', 'LegNp(T1)(L)', 'LegNp(T1)(R)', 'NTct(UTct-T1)(L)', 'NTct(UTct-T1)(R)', 'PLP(L)', 'PLP(R)', 'PVLP(R)', 'SAD', 'SPS(L)', 'SPS(R)', 'VES(L)', 'VES(R)', 'VNC', 'VNC-unspecified', 'WED(R)', 'WTct(UTct-T2)(L)', 'WTct(UTct-T2)(R)']","['ADMN(L)', 'ADMN(R)', 'AMMC(R)', 'ANm', 'CAN(L)', 'CV', 'CV-unspecified', 'CentralBrain', 'CentralBrain-unspecified', 'GNG', 'HTct(UTct-T3)(L)', 'HTct(UTct-T3)(R)', 'IB', 'IPS(L)', 'IPS(R)', 'IntTct', 'LTct', 'LegNp(T1)(L)', 'LegNp(T1)(R)', 'NTct(UTct-T1)(L)', 'NTct(UTct-T1)(R)', 'PLP(R)', 'SPS(L)', 'SPS(R)', 'VES(R)', 'VNC', 'VNC-unspecified', 'WED(R)', 'WTct(UTct-T2)(L)', 'WTct(UTct-T2)(R)']"
10558,DNp35(PVLP136)_R,DNp35,2052,18447,13964,18447,6160544905,Traced,Prelim Roughly traced,"[38498, 23136, 36668]","{'AMMC(R)': {'post': 14, 'pre': 109, 'downstream': 769, 'upstream': 14, 'synweight': 783}, 'AVLP(R)': {'post': 3931, 'pre': 5, 'downstream': 19, 'upstream': 3931, 'synweight': 3950}, 'CV': {'post': 8, 'pre': 8, 'downstream': 28, 'upstream': 8, 'synweight': 36}, 'CV-unspecified': {'post': 8, 'pre': 8, 'downstream': 28, 'upstream': 8, 'synweight': 36}, 'CentralBrain': {'post': 18387, 'pre': 1497, 'downstream': 10358, 'upstream': 18387, 'synweight': 28745}, 'CentralBrain-unspecified': {'post': 271, 'pre': 91, 'downstream': 576, 'upstream': 271, 'synweight': 847}, 'EPA(R)': {'post': 67, 'upstream': 67, 'synweight': 67}, 'FLA(R)': {'post': 3, 'pre': 55, 'downstream': 412, 'upstream': 3, 'synweight': 415}, 'GNG': {'post': 104, 'pre': 624, 'downstream': 4221, 'upstream': 104, 'synweight': 4325}, 'GOR(R)': {'post': 439, 'upstream': 439, 'synweight': 439}, 'ICL(R)': {'post': 2671, 'pre': 2, 'downstream': 9, 'upstream': 2671, 'synweight': 2680}, 'IntTct': {'post': 3, 'pre': 45, 'downstream': 340, 'upstream': 3, 'synweight': 343}, 'LAL(R)': {'post': 21, 'upstream': 21, 'synweight': 21}, 'LTct': {'post': 36, 'pre': 374, 'downstream': 2333, 'upstream': 36, 'synweight': 2369}, 'LegNp(T1)(R)': {'post': 2, 'pre': 56, 'downstream': 420, 'upstream': 2, 'synweight': 422}, 'LegNp(T3)(R)': {'pre': 31, 'downstream': 235, 'synweight': 235}, 'PLP(R)': {'post': 2244, 'pre': 1, 'downstream': 3, 'upstream': 2244, 'synweight': 2247}, 'PVLP(R)': {'post': 8393, 'pre': 15, 'downstream': 58, 'upstream': 8393, 'synweight': 8451}, 'SAD': {'post': 114, 'pre': 467, 'downstream': 3383, 'upstream': 114, 'synweight': 3497}, 'SCL(R)': {'post': 44, 'upstream': 44, 'synweight': 44}, 'SPS(R)': {'post': 19, 'upstream': 19, 'synweight': 19}, 'VES(R)': {'post': 14, 'pre': 128, 'downstream': 908, 'upstream': 14, 'synweight': 922}, 'VNC': {'post': 52, 'pre': 547, 'downstream': 3578, 'upstream': 52, 'synweight': 3630}, 'VNC-unspecified': {'post': 11, 'pre': 41, 'downstream': 250, 'upstream': 11, 'synweight': 261}, 'WED(R)': {'post': 38, 'upstream': 38, 'synweight': 38}}",10234.0,0.9589939713478088,2052,,,xn,,DNp35,DNp35,32411,,SMPpv2_ventral,,14948.0,14948.0,,descending_neuron,acetylcholine,,PVLP136,10234,,,17A_put2,,,,4149,,,acetylcholine,0.9640210866928101,PC,,,acetylcholine,R,"['AMMC(R)', 'AVLP(R)', 'CV', 'CV-unspecified', 'CentralBrain', 'CentralBrain-unspecified', 'EPA(R)', 'FLA(R)', 'GNG', 'GOR(R)', 'ICL(R)', 'IntTct', 'LAL(R)', 'LTct', 'LegNp(T1)(R)', 'PLP(R)', 'PVLP(R)', 'SAD', 'SCL(R)', 'SPS(R)', 'VES(R)', 'VNC', 'VNC-unspecified', 'WED(R)']","['AMMC(R)', 'AVLP(R)', 'CV', 'CV-unspecified', 'CentralBrain', 'CentralBrain-unspecified', 'FLA(R)', 'GNG', 'ICL(R)', 'IntTct', 'LTct', 'LegNp(T1)(R)', 'LegNp(T3)(R)', 'PLP(R)', 'PVLP(R)', 'SAD', 'VES(R)', 'VNC', 'VNC-unspecified']"
10264,DNp31_R,DNp31,2500,18369,17143,18369,12534361242,Traced,Prelim Roughly traced,"[42960, 20266, 35996]","{'AMMC(R)': {'post': 523, 'upstream': 523, 'synweight': 523}, 'ANm': {'post': 14, 'pre': 106, 'downstream': 789, 'upstream': 14, 'synweight': 803}, 'ATL(R)': {'post': 105, 'upstream': 105, 'synweight': 105}, 'CAN(R)': {'post': 122, 'upstream': 122, 'synweight': 122}, 'CV': {'post': 40, 'pre': 6, 'downstream': 30, 'upstream': 40, 'synweight': 70}, 'CV-unspecified': {'post': 40, 'pre': 6, 'downstream': 30, 'upstream': 40, 'synweight': 70}, 'CentralBrain': {'post': 18106, 'pre': 533, 'downstream': 4199, 'upstream': 18106, 'synweight': 22305}, 'CentralBrain-unspecified': {'post': 1155, 'pre': 98, 'downstream': 769, 'upstream': 1155, 'synweight': 1924}, 'EPA(R)': {'post': 29, 'upstream': 29, 'synweight': 29}, 'GNG': {'post': 549, 'pre': 194, 'downstream': 1680, 'upstream': 549, 'synweight': 2229}, 'GOR(R)': {'post': 23, 'upstream': 23, 'synweight': 23}, 'HTct(UTct-T3)(L)': {'pre': 2, 'downstream': 34, 'synweight': 34}, 'HTct(UTct-T3)(R)': {'pre': 20, 'downstream': 128, 'synweight': 128}, 'IB': {'post': 986, 'pre': 1, 'downstream': 2, 'upstream': 986, 'synweight': 988}, 'ICL(R)': {'post': 79, 'upstream': 79, 'synweight': 79}, 'IPS(L)': {'post': 4, 'pre': 82, 'downstream': 688, 'upstream': 4, 'synweight': 692}, 'IPS(R)': {'post': 609, 'pre': 30, 'downstream': 239, 'upstream': 609, 'synweight': 848}, 'IntTct': {'post': 29, 'pre': 201, 'downstream': 1406, 'upstream': 29, 'synweight': 1435}, 'LTct': {'post': 3, 'pre': 32, 'downstream': 222, 'upstream': 3, 'synweight': 225}, 'LegNp(T1)(L)': {'post': 1, 'pre': 16, 'downstream': 136, 'upstream': 1, 'synweight': 137}, 'NTct(UTct-T1)(L)': {'post': 9, 'pre': 91, 'downstream': 669, 'upstream': 9, 'synweight': 678}, 'NTct(UTct-T1)(R)': {'post': 12, 'pre': 78, 'downstream': 568, 'upstream': 12, 'synweight': 580}, 'PDMN(L)': {'post': 1, 'pre': 8, 'downstream': 34, 'upstream': 1, 'synweight': 35}, 'PDMN(R)': {'post': 2, 'pre': 8, 'downstream': 33, 'upstream': 2, 'synweight': 35}, 'PLP(R)': {'post': 7288, 'pre': 44, 'downstream': 170, 'upstream': 7288, 'synweight': 7458}, 'SAD': {'post': 167, 'upstream': 167, 'synweight': 167}, 'SMP(R)': {'post': 28, 'upstream': 28, 'synweight': 28}, 'SPS(L)': {'post': 504, 'pre': 71, 'downstream': 612, 'upstream': 504, 'synweight': 1116}, 'SPS(R)': {'post': 4439, 'pre': 9, 'downstream': 27, 'upstream': 4439, 'synweight': 4466}, 'VES(R)': {'post': 172, 'upstream': 172, 'synweight': 172}, 'VNC': {'post': 223, 'pre': 1961, 'downstream': 12911, 'upstream': 223, 'synweight': 13134}, 'VNC-unspecified': {'post': 44, 'pre': 108, 'downstream': 565, 'upstream': 44, 'synweight': 609}, 'WED(R)': {'post': 1324, 'pre': 4, 'downstream': 12, 'upstream': 1324, 'synweight': 1336}, 'WTct(UTct-T2)(L)': {'post': 67, 'pre': 706, 'downstream': 4459, 'upstream': 67, 'synweight': 4526}, 'WTct(UTct-T2)(R)': {'post': 41, 'pre': 585, 'downstream': 3868, 'upstream': 41, 'synweight': 3909}}",10249.0,0.9469491839408875,2500,,,ut,,DNp31,DNp31,35512,,putative_primary,,10436.0,10428.0,,descending_neuron,acetylcholine,,DNp31,,,early,07B_put2,,biological variability mcns,,4871,,,acetylcholine,0.9519209265708923,CB,,,acetylcholine,R,"['AMMC(R)', 'ANm', 'ATL(R)', 'CAN(R)', 'CV', 'CV-unspecified', 'CentralBrain', 'CentralBrain-unspecified', 'EPA(R)', 'GNG', 'GOR(R)', 'IB', 'ICL(R)', 'IPS(L)', 'IPS(R)', 'IntTct', 'LTct', 'LegNp(T1)(L)', 'NTct(UTct-T1)(L)', 'NTct(UTct-T1)(R)', 'PDMN(L)', 'PDMN(R)', 'PLP(R)', 'SAD', 'SMP(R)', 'SPS(L)', 'SPS(R)', 'VES(R)', 'VNC', 'VNC-unspecified', 'WED(R)', 'WTct(UTct-T2)(L)', 'WTct(UTct-T2)(R)']","['ANm', 'CV', 'CV-unspecified', 'CentralBrain', 'CentralBrain-unspecified', 'GNG', 'HTct(UTct-T3)(L)', 'HTct(UTct-T3)(R)', 'IB', 'IPS(L)', 'IPS(R)', 'IntTct', 'LTct', 'LegNp(T1)(L)', 'NTct(UTct-T1)(L)', 'NTct(UTct-T1)(R)', 'PDMN(L)', 'PDMN(R)', 'PLP(R)', 'SPS(L)', 'SPS(R)', 'VNC', 'VNC-unspecified', 'WED(R)', 'WTct(UTct-T2)(L)', 'WTct(UTct-T2)(R)']"
13805,DNg97_L,DNg97,3504,18330,24627,18330,11462473584,Traced,Prelim Roughly traced,"[52141, 45094, 21413]","{'AMMC(R)': {'post': 79, 'pre': 2, 'downstream': 11, 'upstream': 79, 'synweight': 90}, 'CAN(L)': {'post': 19, 'upstream': 19, 'synweight': 19}, 'CAN(R)': {'post': 8, 'upstream': 8, 'synweight': 8}, 'CV': {'post': 9, 'pre': 4, 'downstream': 19, 'upstream': 9, 'synweight': 28}, 'CV-unspecified': {'post': 9, 'pre': 4, 'downstream': 19, 'upstream': 9, 'synweight': 28}, 'CentralBrain': {'post': 17783, 'pre': 1220, 'downstream': 8134, 'upstream': 17783, 'synweight': 25917}, 'CentralBrain-unspecified': {'post': 232, 'pre': 38, 'downstream': 257, 'upstream': 232, 'synweight': 489}, 'EPA(R)': {'post': 249, 'pre': 2, 'downstream': 12, 'upstream': 249, 'synweight': 261}, 'FLA(L)': {'post': 16, 'upstream': 16, 'synweight': 16}, 'FLA(R)': {'post': 222, 'pre': 7, 'downstream': 44, 'upstream': 222, 'synweight': 266}, 'GNG': {'post': 6839, 'pre': 775, 'downstream': 5523, 'upstream': 6839, 'synweight': 12362}, 'IPS(L)': {'post': 7, 'upstream': 7, 'synweight': 7}, 'IPS(R)': {'post': 600, 'pre': 24, 'downstream': 138, 'upstream': 600, 'synweight': 738}, 'LAL(R)': {'post': 1740, 'pre': 49, 'downstream': 268, 'upstream': 1740, 'synweight': 2008}, 'LTct': {'post': 20, 'pre': 68, 'downstream': 560, 'upstream': 20, 'synweight': 580}, 'LegNp(T1)(R)': {'post': 306, 'pre': 1241, 'downstream': 8427, 'upstream': 306, 'synweight': 8733}, 'LegNp(T2)(R)': {'post': 94, 'pre': 541, 'downstream': 4111, 'upstream': 94, 'synweight': 4205}, 'LegNp(T3)(R)': {'post': 87, 'pre': 371, 'downstream': 3004, 'upstream': 87, 'synweight': 3091}, 'NTct(UTct-T1)(R)': {'pre': 1, 'downstream': 3, 'synweight': 3}, 'PLP(R)': {'post': 752, 'pre': 11, 'downstream': 59, 'upstream': 752, 'synweight': 811}, 'SAD': {'post': 1083, 'pre': 31, 'downstream': 149, 'upstream': 1083, 'synweight': 1232}, 'SPS(R)': {'post': 869, 'pre': 35, 'downstream': 214, 'upstream': 869, 'synweight': 1083}, 'VES(L)': {'post': 8, 'upstream': 8, 'synweight': 8}, 'VES(R)': {'post': 4298, 'pre': 208, 'downstream': 1247, 'upstream': 4298, 'synweight': 5545}, 'VNC': {'post': 538, 'pre': 2280, 'downstream': 16474, 'upstream': 538, 'synweight': 17012}, 'VNC-unspecified': {'post': 31, 'pre': 55, 'downstream': 359, 'upstream': 31, 'synweight': 390}, 'WED(L)': {'post': 71, 'downstream': 3, 'upstream': 71, 'synweight': 74}, 'WED(R)': {'post': 691, 'pre': 38, 'downstream': 209, 'upstream': 691, 'synweight': 900}, 'WTct(UTct-T2)(R)': {'pre': 3, 'downstream': 10, 'synweight': 10}}",13805.0,0.9621334075927734,3504,,,xl,,DNg97,DNg97,42957,,MX3,Sapkal 2024: oDN1,11070.0,10656.0,,descending_neuron,acetylcholine,,,13805,,,,,,,6947,,,acetylcholine,0.9611348509788513,MX,,,acetylcholine,L,"['AMMC(R)', 'CAN(L)', 'CAN(R)', 'CV', 'CV-unspecified', 'CentralBrain', 'CentralBrain-unspecified', 'EPA(R)', 'FLA(L)', 'FLA(R)', 'GNG', 'IPS(L)', 'IPS(R)', 'LAL(R)', 'LTct', 'LegNp(T1)(R)', 'LegNp(T2)(R)', 'LegNp(T3)(R)', 'PLP(R)', 'SAD', 'SPS(R)', 'VES(L)', 'VES(R)', 'VNC', 'VNC-unspecified', 'WED(L)', 'WED(R)']","['AMMC(R)', 'CV', 'CV-unspecified', 'CentralBrain', 'CentralBrain-unspecified', 'EPA(R)', 'FLA(R)', 'GNG', 'IPS(R)', 'LAL(R)', 'LTct', 'LegNp(T1)(R)', 'LegNp(T2)(R)', 'LegNp(T3)(R)', 'NTct(UTct-T1)(R)', 'PLP(R)', 'SAD', 'SPS(R)', 'VES(R)', 'VNC', 'VNC-unspecified', 'WED(R)', 'WTct(UTct-T2)(R)']"
14994,ANXXX027(14994)_R,ANXXX027,2232,18305,16544,18305,4757208844,Traced,Prelim Roughly traced,"[45754, 42772, 120837]","{'ANm': {'post': 2679, 'pre': 75, 'downstream': 571, 'upstream': 2679, 'synweight': 3250}, 'AVLP(L)': {'post': 259, 'pre': 566, 'downstream': 4622, 'upstream': 259, 'synweight': 4881}, 'CV': {'post': 19, 'pre': 2, 'downstream': 11, 'upstream': 19, 'synweight': 30}, 'CV-unspecified': {'post': 19, 'pre': 2, 'downstream': 11, 'upstream': 19, 'synweight': 30}, 'CentralBrain': {'post': 3284, 'pre': 1028, 'downstream': 8289, 'upstream': 3284, 'synweight': 11573}, 'CentralBrain-unspecified': {'post': 97, 'pre': 9, 'downstream': 37, 'upstream': 97, 'synweight': 134}, 'GNG': {'post': 2855, 'pre': 223, 'downstream': 1711, 'upstream': 2855, 'synweight': 4566}, 'LTct': {'post': 50, 'pre': 97, 'downstream': 783, 'upstream': 50, 'synweight': 833}, 'LegNp(T1)(L)': {'post': 2049, 'pre': 199, 'downstream': 1352, 'upstream': 2049, 'synweight': 3401}, 'LegNp(T2)(L)': {'post': 3682, 'pre': 164, 'downstream': 1116, 'upstream': 3682, 'synweight': 4798}, 'LegNp(T3)(L)': {'post': 2615, 'pre': 113, 'downstream': 705, 'upstream': 2615, 'synweight': 3320}, 'LegNp(T3)(R)': {'post': 11, 'upstream': 11, 'synweight': 11}, 'Ov(L)': {'post': 3247, 'pre': 342, 'downstream': 2229, 'upstream': 3247, 'synweight': 5476}, 'Ov(R)': {'post': 3, 'upstream': 3, 'synweight': 3}, 'PDMN(L)': {'post': 55, 'upstream': 55, 'synweight': 55}, 'PVLP(L)': {'post': 48, 'pre': 133, 'downstream': 1095, 'upstream': 48, 'synweight': 1143}, 'SAD': {'post': 2, 'pre': 16, 'downstream': 137, 'upstream': 2, 'synweight': 139}, 'VNC': {'post': 15002, 'pre': 1202, 'downstream': 8244, 'upstream': 15002, 'synweight': 23246}, 'VNC-unspecified': {'post': 466, 'pre': 139, 'downstream': 1020, 'upstream': 466, 'synweight': 1486}, 'WED(L)': {'post': 23, 'pre': 81, 'downstream': 687, 'upstream': 23, 'synweight': 710}, 'WTct(UTct-T2)(L)': {'post': 1, 'upstream': 1, 'synweight': 1}, 'mVAC(T1)(L)': {'post': 21, 'pre': 1, 'downstream': 5, 'upstream': 21, 'synweight': 26}, 'mVAC(T2)(L)': {'post': 93, 'pre': 63, 'downstream': 393, 'upstream': 93, 'synweight': 486}, 'mVAC(T3)(L)': {'post': 30, 'pre': 9, 'downstream': 70, 'upstream': 30, 'synweight': 100}}",14994.0,0.9541125893592834,2232,,,CA,10149.0,ANXXX027,AN_AVLP_GNG_18,34849,,,,15069.0,10903.0,,ascending_neuron,acetylcholine,,,,,early,TBD,,biological variability mcns,,25766,,cns tiling,acetylcholine,0.9644293785095215,A3,12868.0,,acetylcholine,R,"['ANm', 'AVLP(L)', 'CV', 'CV-unspecified', 'CentralBrain', 'CentralBrain-unspecified', 'GNG', 'LTct', 'LegNp(T1)(L)', 'LegNp(T2)(L)', 'LegNp(T3)(L)', 'LegNp(T3)(R)', 'Ov(L)', 'Ov(R)', 'PDMN(L)', 'PVLP(L)', 'SAD', 'VNC', 'VNC-unspecified', 'WED(L)', 'WTct(UTct-T2)(L)', 'mVAC(T1)(L)', 'mVAC(T2)(L)', 'mVAC(T3)(L)']","['ANm', 'AVLP(L)', 'CV', 'CV-unspecified', 'CentralBrain', 'CentralBrain-unspecified', 'GNG', 'LTct', 'LegNp(T1)(L)', 'LegNp(T2)(L)', 'LegNp(T3)(L)', 'Ov(L)', 'PVLP(L)', 'SAD', 'VNC', 'VNC-unspecified', 'WED(L)', 'mVAC(T1)(L)', 'mVAC(T2)(L)', 'mVAC(T3)(L)']"
520300,DNg75(hb1874217622)_R,DNg75,3255,18305,25440,18305,9316919133,Traced,Prelim Roughly traced,"[37114, 41692, 27011]","{'AMMC(R)': {'post': 3, 'upstream': 3, 'synweight': 3}, 'CAN(R)': {'post': 33, 'upstream': 33, 'synweight': 33}, 'CV': {'post': 47, 'pre': 16, 'downstream': 61, 'upstream': 47, 'synweight': 108}, 'CV-unspecified': {'post': 47, 'pre': 16, 'downstream': 61, 'upstream': 47, 'synweight': 108}, 'CentralBrain': {'post': 18150, 'pre': 1441, 'downstream': 10517, 'upstream': 18150, 'synweight': 28667}, 'CentralBrain-unspecified': {'post': 296, 'pre': 51, 'downstream': 436, 'upstream': 296, 'synweight': 732}, 'FLA(R)': {'post': 355, 'pre': 9, 'downstream': 59, 'upstream': 355, 'synweight': 414}, 'GNG': {'post': 9016, 'pre': 874, 'downstream': 6510, 'upstream': 9016, 'synweight': 15526}, 'HTct(UTct-T3)(L)': {'pre': 7, 'downstream': 49, 'synweight': 49}, 'IPS(L)': {'post': 5, 'pre': 99, 'downstream': 889, 'upstream': 5, 'synweight': 894}, 'IPS(R)': {'post': 4622, 'pre': 208, 'downstream': 1320, 'upstream': 4622, 'synweight': 5942}, 'IntTct': {'pre': 8, 'downstream': 92, 'synweight': 92}, 'LegNp(T1)(L)': {'post': 22, 'pre': 564, 'downstream': 4611, 'upstream': 22, 'synweight': 4633}, 'LegNp(T2)(L)': {'post': 19, 'pre': 485, 'downstream': 4082, 'upstream': 19, 'synweight': 4101}, 'LegNp(T3)(L)': {'post': 55, 'pre': 612, 'downstream': 5186, 'upstream': 55, 'synweight': 5241}, 'NTct(UTct-T1)(L)': {'post': 3, 'pre': 101, 'downstream': 739, 'upstream': 3, 'synweight': 742}, 'SAD': {'post': 1118, 'pre': 100, 'downstream': 669, 'upstream': 1118, 'synweight': 1787}, 'SPS(R)': {'post': 888, 'pre': 46, 'downstream': 291, 'upstream': 888, 'synweight': 1179}, 'VES(R)': {'post': 1436, 'pre': 40, 'downstream': 265, 'upstream': 1436, 'synweight': 1701}, 'VNC': {'post': 108, 'pre': 1798, 'downstream': 14862, 'upstream': 108, 'synweight': 14970}, 'VNC-unspecified': {'post': 7, 'pre': 21, 'downstream': 103, 'upstream': 7, 'synweight': 110}, 'WED(R)': {'post': 378, 'pre': 14, 'downstream': 78, 'upstream': 378, 'synweight': 456}, 'WTct(UTct-T2)(L)': {'post': 2, 'upstream': 2, 'synweight': 2}}",10192.0,0.9585162997245789,3255,,,xl,,DNg75,DNg75,43745,,putative_primary,Sapkal 2024: cDN1,11354.0,11264.0,,descending_neuron,acetylcholine,,hb1874217622,,,early,,,,,6526,,,acetylcholine,0.9577347636222839,,,,acetylcholine,R,"['AMMC(R)', 'CAN(R)', 'CV', 'CV-unspecified', 'CentralBrain', 'CentralBrain-unspecified', 'FLA(R)', 'GNG', 'IPS(L)', 'IPS(R)', 'LegNp(T1)(L)', 'LegNp(T2)(L)', 'LegNp(T3)(L)', 'NTct(UTct-T1)(L)', 'SAD', 'SPS(R)', 'VES(R)', 'VNC', 'VNC-unspecified', 'WED(R)', 'WTct(UTct-T2)(L)']","['CV', 'CV-unspecified', 'CentralBrain', 'CentralBrain-unspecified', 'FLA(R)', 'GNG', 'HTct(UTct-T3)(L)', 'IPS(L)', 'IPS(R)', 'IntTct', 'LegNp(T1)(L)', 'LegNp(T2)(L)', 'LegNp(T3)(L)', 'NTct(UTct-T1)(L)', 'SAD', 'SPS(R)', 'VES(R)', 'VNC', 'VNC-unspecified', 'WED(R)']"
523539,ANXXX027(14994)_L,ANXXX027,2191,18302,15693,18302,5028157923,Traced,Prelim Roughly traced,"[57431, 46807, 122892]","{'AMMC(R)': {'post': 8, 'pre': 28, 'downstream': 224, 'upstream': 8, 'synweight': 232}, 'ANm': {'post': 671, 'pre': 12, 'downstream': 68, 'upstream': 671, 'synweight': 739}, 'AVLP(R)': {'post': 201, 'pre': 443, 'downstream': 3539, 'upstream': 201, 'synweight': 3740}, 'CV': {'post': 3, 'upstream': 3, 'synweight': 3}, 'CV-unspecified': {'post': 3, 'upstream': 3, 'synweight': 3}, 'CentralBrain': {'post': 3962, 'pre': 1035, 'downstream': 8080, 'upstream': 3962, 'synweight': 12042}, 'CentralBrain-unspecified': {'post': 86, 'pre': 10, 'downstream': 65, 'upstream': 86, 'synweight': 151}, 'GNG': {'post': 3548, 'pre': 274, 'downstream': 2026, 'upstream': 3548, 'synweight': 5574}, 'LTct': {'post': 45, 'pre': 103, 'downstream': 676, 'upstream': 45, 'synweight': 721}, 'LegNp(T1)(R)': {'post': 2353, 'pre': 234, 'downstream': 1505, 'upstream': 2353, 'synweight': 3858}, 'LegNp(T2)(L)': {'post': 32, 'upstream': 32, 'synweight': 32}, 'LegNp(T2)(R)': {'post': 4286, 'pre': 129, 'downstream': 834, 'upstream': 4286, 'synweight': 5120}, 'LegNp(T3)(R)': {'post': 3313, 'pre': 139, 'downstream': 933, 'upstream': 3313, 'synweight': 4246}, 'MesoLN(R)': {'post': 31, 'pre': 1, 'upstream': 31, 'synweight': 31}, 'Ov(L)': {'post': 112, 'upstream': 112, 'synweight': 112}, 'Ov(R)': {'post': 2725, 'pre': 313, 'downstream': 2039, 'upstream': 2725, 'synweight': 4764}, 'PDMN(R)': {'post': 58, 'upstream': 58, 'synweight': 58}, 'PVLP(R)': {'post': 30, 'pre': 125, 'downstream': 997, 'upstream': 30, 'synweight': 1027}, 'SAD': {'post': 85, 'pre': 147, 'downstream': 1166, 'upstream': 85, 'synweight': 1251}, 'VNC': {'post': 14337, 'pre': 1156, 'downstream': 7613, 'upstream': 14337, 'synweight': 21950}, 'VNC-unspecified': {'post': 453, 'pre': 87, 'downstream': 612, 'upstream': 453, 'synweight': 1065}, 'WED(R)': {'post': 4, 'pre': 8, 'downstream': 63, 'upstream': 4, 'synweight': 67}, 'mVAC(T1)(R)': {'post': 22, 'downstream': 3, 'upstream': 22, 'synweight': 25}, 'mVAC(T2)(R)': {'post': 156, 'pre': 131, 'downstream': 889, 'upstream': 156, 'synweight': 1045}, 'mVAC(T3)(R)': {'post': 80, 'pre': 7, 'downstream': 54, 'upstream': 80, 'synweight': 134}}",14994.0,0.9541125893592834,2191,,,CA,10149.0,ANXXX027,AN_AVLP_GNG_18,33995,,,,10903.0,10903.0,,ascending_neuron,acetylcholine,,,,,early,TBD,,biological variability mcns,,25766,,cns tiling,acetylcholine,0.9624729156494141,A3,12868.0,,acetylcholine,L,"['AMMC(R)', 'ANm', 'AVLP(R)', 'CV', 'CV-unspecified', 'CentralBrain', 'CentralBrain-unspecified', 'GNG', 'LTct', 'LegNp(T1)(R)', 'LegNp(T2)(L)', 'LegNp(T2)(R)', 'LegNp(T3)(R)', 'MesoLN(R)', 'Ov(L)', 'Ov(R)', 'PDMN(R)', 'PVLP(R)', 'SAD', 'VNC', 'VNC-unspecified', 'WED(R)', 'mVAC(T1)(R)', 'mVAC(T2)(R)', 'mVAC(T3)(R)']","['AMMC(R)', 'ANm', 'AVLP(R)', 'CentralBrain', 'CentralBrain-unspecified', 'GNG', 'LTct', 'LegNp(T1)(R)', 'LegNp(T2)(R)', 'LegNp(T3)(R)', 'MesoLN(R)', 'Ov(R)', 'PVLP(R)', 'SAD', 'VNC', 'VNC-unspecified', 'WED(R)', 'mVAC(T2)(R)', 'mVAC(T3)(R)']"
10221,DNge037_L,DNge037,2552,18215,17771,18215,10715725701,Traced,Prelim Roughly traced,"[61614, 34154, 34842]","{'AMMC(L)': {'post': 89, 'upstream': 89, 'synweight': 89}, 'CV': {'post': 29, 'pre': 22, 'downstream': 98, 'upstream': 29, 'synweight': 127}, 'CV-unspecified': {'post': 29, 'pre': 22, 'downstream': 98, 'upstream': 29, 'synweight': 127}, 'CentralBrain': {'post': 17765, 'pre': 798, 'downstream': 5555, 'upstream': 17765, 'synweight': 23320}, 'CentralBrain-unspecified': {'post': 1242, 'pre': 15, 'downstream': 61, 'upstream': 1242, 'synweight': 1303}, 'FLA(L)': {'post': 20, 'upstream': 20, 'synweight': 20}, 'GNG': {'post': 15022, 'pre': 771, 'downstream': 5449, 'upstream': 15022, 'synweight': 20471}, 'IPS(L)': {'post': 174, 'upstream': 174, 'synweight': 174}, 'IntTct': {'post': 5, 'pre': 6, 'downstream': 33, 'upstream': 5, 'synweight': 38}, 'LegNp(T1)(R)': {'post': 207, 'pre': 784, 'downstream': 5527, 'upstream': 207, 'synweight': 5734}, 'LegNp(T2)(R)': {'post': 117, 'pre': 581, 'downstream': 3841, 'upstream': 117, 'synweight': 3958}, 'LegNp(T3)(R)': {'post': 82, 'pre': 356, 'downstream': 2694, 'upstream': 82, 'synweight': 2776}, 'Ov(R)': {'post': 1, 'downstream': 1, 'upstream': 1, 'synweight': 2}, 'SAD': {'post': 307, 'pre': 3, 'downstream': 17, 'upstream': 307, 'synweight': 324}, 'VES(L)': {'post': 881, 'pre': 9, 'downstream': 28, 'upstream': 881, 'synweight': 909}, 'VNC': {'post': 421, 'pre': 1732, 'downstream': 12118, 'upstream': 421, 'synweight': 12539}, 'VNC-unspecified': {'post': 8, 'pre': 5, 'downstream': 22, 'upstream': 8, 'synweight': 30}, 'WED(L)': {'post': 30, 'upstream': 30, 'synweight': 30}, 'WTct(UTct-T2)(R)': {'post': 1, 'upstream': 1, 'synweight': 1}}",10216.0,0.9460630416870117,2552,,,xl,,DNxl014,DNge037,35986,,LB7__prim,,10562.0,10535.0,,descending_neuron,acetylcholine,,,10216,,early,07B,,,,5131,,,acetylcholine,0.9440184831619263,LB,,,acetylcholine,L,"['AMMC(L)', 'CV', 'CV-unspecified', 'CentralBrain', 'CentralBrain-unspecified', 'FLA(L)', 'GNG', 'IPS(L)', 'IntTct', 'LegNp(T1)(R)', 'LegNp(T2)(R)', 'LegNp(T3)(R)', 'Ov(R)', 'SAD', 'VES(L)', 'VNC', 'VNC-unspecified', 'WED(L)', 'WTct(UTct-T2)(R)']","['CV', 'CV-unspecified', 'CentralBrain', 'CentralBrain-unspecified', 'GNG', 'IntTct', 'LegNp(T1)(R)', 'LegNp(T2)(R)', 'LegNp(T3)(R)', 'SAD', 'VES(L)', 'VNC', 'VNC-unspecified']"
522310,ANXXX027_R,ANXXX027,1598,18140,10547,18140,6880187487,Traced,Prelim Roughly traced,"[45254, 43382, 123876]","{'ADMN(L)': {'post': 12, 'upstream': 12, 'synweight': 12}, 'ANm': {'post': 2009, 'pre': 114, 'downstream': 700, 'upstream': 2009, 'synweight': 2709}, 'AVLP(L)': {'post': 155, 'pre': 309, 'downstream': 2415, 'upstream': 155, 'synweight': 2570}, 'CV': {'post': 8, 'pre': 12, 'downstream': 51, 'upstream': 8, 'synweight': 59}, 'CV-unspecified': {'post': 8, 'pre': 12, 'downstream': 51, 'upstream': 8, 'synweight': 59}, 'CentralBrain': {'post': 3416, 'pre': 668, 'downstream': 5020, 'upstream': 3416, 'synweight': 8436}, 'CentralBrain-unspecified': {'post': 32, 'pre': 7, 'downstream': 55, 'upstream': 32, 'synweight': 87}, 'GNG': {'post': 3147, 'pre': 154, 'downstream': 997, 'upstream': 3147, 'synweight': 4144}, 'LTct': {'post': 46, 'pre': 83, 'downstream': 471, 'upstream': 46, 'synweight': 517}, 'LegNp(T1)(L)': {'post': 1425, 'pre': 68, 'downstream': 420, 'upstream': 1425, 'synweight': 1845}, 'LegNp(T2)(L)': {'post': 2833, 'pre': 50, 'downstream': 300, 'upstream': 2833, 'synweight': 3133}, 'LegNp(T3)(L)': {'post': 2085, 'pre': 68, 'downstream': 422, 'upstream': 2085, 'synweight': 2507}, 'Ov(L)': {'post': 5678, 'pre': 284, 'downstream': 1622, 'upstream': 5678, 'synweight': 7300}, 'Ov(R)': {'post': 19, 'upstream': 19, 'synweight': 19}, 'PDMN(L)': {'post': 23, 'upstream': 23, 'synweight': 23}, 'PVLP(L)': {'post': 11, 'pre': 18, 'downstream': 148, 'upstream': 11, 'synweight': 159}, 'SAD': {'post': 34, 'pre': 59, 'downstream': 439, 'upstream': 34, 'synweight': 473}, 'VNC': {'post': 14716, 'pre': 918, 'downstream': 5476, 'upstream': 14716, 'synweight': 20192}, 'VNC-unspecified': {'post': 434, 'pre': 148, 'downstream': 903, 'upstream': 434, 'synweight': 1337}, 'WED(L)': {'post': 37, 'pre': 121, 'downstream': 966, 'upstream': 37, 'synweight': 1003}, 'WTct(UTct-T2)(L)': {'post': 39, 'pre': 7, 'downstream': 33, 'upstream': 39, 'synweight': 72}, 'mVAC(T1)(L)': {'post': 38, 'pre': 17, 'downstream': 105, 'upstream': 38, 'synweight': 143}, 'mVAC(T2)(L)': {'post': 73, 'pre': 79, 'downstream': 500, 'upstream': 73, 'synweight': 573}, 'mVAC(T3)(L)': {'post': 2, 'upstream': 2, 'synweight': 2}}",12868.0,0.9541125893592834,1598,,,CA,10149.0,ANXXX027,AN_AVLP_GNG_4,28687,,,,11259.0,10577.0,,ascending_neuron,acetylcholine,,,,,early,TBD,,,,25766,,cns tiling,acetylcholine,0.9349706768989563,A5,12868.0,,acetylcholine,R,"['ADMN(L)', 'ANm', 'AVLP(L)', 'CV', 'CV-unspecified', 'CentralBrain', 'CentralBrain-unspecified', 'GNG', 'LTct', 'LegNp(T1)(L)', 'LegNp(T2)(L)', 'LegNp(T3)(L)', 'Ov(L)', 'Ov(R)', 'PDMN(L)', 'PVLP(L)', 'SAD', 'VNC', 'VNC-unspecified', 'WED(L)', 'WTct(UTct-T2)(L)', 'mVAC(T1)(L)', 'mVAC(T2)(L)', 'mVAC(T3)(L)']","['ANm', 'AVLP(L)', 'CV', 'CV-unspecified', 'CentralBrain', 'CentralBrain-unspecified', 'GNG', 'LTct', 'LegNp(T1)(L)', 'LegNp(T2)(L)', 'LegNp(T3)(L)', 'Ov(L)', 'PVLP(L)', 'SAD', 'VNC', 'VNC-unspecified', 'WED(L)', 'WTct(UTct-T2)(L)', 'mVAC(T1)(L)', 'mVAC(T2)(L)']"
10482,DNg35_L,DNg35,2999,18133,19695,18133,10514570632,Traced,Prelim Roughly traced,"[61516, 39016, 21857]","{'AL(L)': {'post': 3, 'upstream': 3, 'synweight': 3}, 'AMMC(L)': {'post': 301, 'upstream': 301, 'synweight': 301}, 'CV': {'post': 15, 'pre': 9, 'downstream': 39, 'upstream': 15, 'synweight': 54}, 'CV-unspecified': {'post': 15, 'pre': 9, 'downstream': 39, 'upstream': 15, 'synweight': 54}, 'CentralBrain': {'post': 17809, 'pre': 676, 'downstream': 4769, 'upstream': 17809, 'synweight': 22578}, 'CentralBrain-unspecified': {'post': 669, 'pre': 14, 'downstream': 67, 'upstream': 669, 'synweight': 736}, 'FLA(L)': {'post': 32, 'upstream': 32, 'synweight': 32}, 'GNG': {'post': 14570, 'pre': 631, 'downstream': 4496, 'upstream': 14570, 'synweight': 19066}, 'HTct(UTct-T3)(R)': {'post': 4, 'pre': 1, 'downstream': 1, 'upstream': 4, 'synweight': 5}, 'IPS(R)': {'post': 6, 'pre': 22, 'downstream': 184, 'upstream': 6, 'synweight': 190}, 'IntTct': {'post': 11, 'pre': 79, 'downstream': 507, 'upstream': 11, 'synweight': 518}, 'LegNp(T1)(R)': {'post': 51, 'pre': 431, 'downstream': 2872, 'upstream': 51, 'synweight': 2923}, 'LegNp(T2)(R)': {'post': 73, 'pre': 613, 'downstream': 3916, 'upstream': 73, 'synweight': 3989}, 'LegNp(T3)(R)': {'post': 151, 'pre': 1147, 'downstream': 7407, 'upstream': 151, 'synweight': 7558}, 'NTct(UTct-T1)(R)': {'post': 5, 'pre': 33, 'downstream': 153, 'upstream': 5, 'synweight': 158}, 'SAD': {'post': 1719, 'pre': 4, 'downstream': 8, 'upstream': 1719, 'synweight': 1727}, 'VES(L)': {'post': 424, 'pre': 5, 'downstream': 14, 'upstream': 424, 'synweight': 438}, 'VNC': {'post': 309, 'pre': 2314, 'downstream': 14887, 'upstream': 309, 'synweight': 15196}, 'VNC-unspecified': {'post': 9, 'pre': 9, 'downstream': 29, 'upstream': 9, 'synweight': 38}, 'WED(L)': {'post': 85, 'upstream': 85, 'synweight': 85}, 'WTct(UTct-T2)(R)': {'post': 5, 'pre': 1, 'downstream': 2, 'upstream': 5, 'synweight': 7}}",10218.0,0.9461180567741394,2999,,,xl,,DNg35,DNg35,37828,,putative_primary,,10465.0,10465.0,,descending_neuron,acetylcholine,,,,,early,,,,,6132,,,acetylcholine,0.9589060544967651,,,,acetylcholine,L,"['AL(L)', 'AMMC(L)', 'CV', 'CV-unspecified', 'CentralBrain', 'CentralBrain-unspecified', 'FLA(L)', 'GNG', 'HTct(UTct-T3)(R)', 'IPS(R)', 'IntTct', 'LegNp(T1)(R)', 'LegNp(T2)(R)', 'LegNp(T3)(R)', 'NTct(UTct-T1)(R)', 'SAD', 'VES(L)', 'VNC', 'VNC-unspecified', 'WED(L)', 'WTct(UTct-T2)(R)']","['CV', 'CV-unspecified', 'CentralBrain', 'CentralBrain-unspecified', 'GNG', 'HTct(UTct-T3)(R)', 'IPS(R)', 'IntTct', 'LegNp(T1)(R)', 'LegNp(T2)(R)', 'LegNp(T3)(R)', 'NTct(UTct-T1)(R)', 'SAD', 'VES(L)', 'VNC', 'VNC-unspecified', 'WTct(UTct-T2)(R)']"
10301,DNge050_L,DNge050,3421,18123,25641,18123,11442061477,Traced,Prelim Roughly traced,"[61727, 37551, 32121]","{'AMMC(L)': {'post': 165, 'upstream': 165, 'synweight': 165}, 'AMMC(R)': {'post': 115, 'upstream': 115, 'synweight': 115}, 'ANm': {'post': 13, 'pre': 142, 'downstream': 816, 'upstream': 13, 'synweight': 829}, 'CAN(L)': {'post': 109, 'upstream': 109, 'synweight': 109}, 'CAN(R)': {'post': 240, 'pre': 4, 'downstream': 10, 'upstream': 240, 'synweight': 250}, 'CV': {'post': 17, 'pre': 1, 'downstream': 3, 'upstream': 17, 'synweight': 20}, 'CV-unspecified': {'post': 17, 'pre': 1, 'downstream': 3, 'upstream': 17, 'synweight': 20}, 'CentralBrain': {'post': 17962, 'pre': 737, 'downstream': 5626, 'upstream': 17962, 'synweight': 23588}, 'CentralBrain-unspecified': {'post': 643, 'pre': 14, 'downstream': 93, 'upstream': 643, 'synweight': 736}, 'FLA(L)': {'post': 749, 'pre': 1, 'downstream': 6, 'upstream': 749, 'synweight': 755}, 'FLA(R)': {'post': 451, 'pre': 1, 'downstream': 4, 'upstream': 451, 'synweight': 455}, 'GNG': {'post': 10544, 'pre': 694, 'downstream': 5356, 'upstream': 10544, 'synweight': 15900}, 'GOR(L)': {'post': 9, 'upstream': 9, 'synweight': 9}, 'GOR(R)': {'post': 30, 'pre': 1, 'downstream': 6, 'upstream': 30, 'synweight': 36}, 'HTct(UTct-T3)(R)': {'pre': 5, 'downstream': 49, 'synweight': 49}, 'IPS(L)': {'post': 43, 'upstream': 43, 'synweight': 43}, 'IPS(R)': {'post': 2, 'pre': 15, 'downstream': 123, 'upstream': 2, 'synweight': 125}, 'LAL(L)': {'post': 4, 'upstream': 4, 'synweight': 4}, 'LTct': {'post': 4, 'pre': 64, 'downstream': 486, 'upstream': 4, 'synweight': 490}, 'LegNp(T1)(R)': {'post': 26, 'pre': 706, 'downstream': 5168, 'upstream': 26, 'synweight': 5194}, 'LegNp(T2)(R)': {'post': 29, 'pre': 671, 'downstream': 5099, 'upstream': 29, 'synweight': 5128}, 'LegNp(T3)(R)': {'post': 45, 'pre': 929, 'downstream': 7246, 'upstream': 45, 'synweight': 7291}, 'MesoAN(R)': {'post': 1, 'pre': 14, 'downstream': 106, 'upstream': 1, 'synweight': 107}, 'NTct(UTct-T1)(R)': {'pre': 13, 'downstream': 95, 'synweight': 95}, 'Ov(R)': {'post': 2, 'pre': 22, 'downstream': 169, 'upstream': 2, 'synweight': 171}, 'SAD': {'post': 2260, 'pre': 1, 'downstream': 5, 'upstream': 2260, 'synweight': 2265}, 'VES(L)': {'post': 1374, 'pre': 3, 'downstream': 13, 'upstream': 1374, 'synweight': 1387}, 'VES(R)': {'post': 1201, 'pre': 3, 'downstream': 10, 'upstream': 1201, 'synweight': 1211}, 'VNC': {'post': 144, 'pre': 2683, 'downstream': 20012, 'upstream': 144, 'synweight': 20156}, 'VNC-unspecified': {'post': 23, 'pre': 94, 'downstream': 644, 'upstream': 23, 'synweight': 667}, 'WED(L)': {'post': 23, 'upstream': 23, 'synweight': 23}, 'WTct(UTct-T2)(R)': {'post': 1, 'pre': 23, 'downstream': 134, 'upstream': 1, 'synweight': 135}}",10301.0,0.9584037065505981,3421,,,xl,,DNxl049,DNge050,43764,,putative_primary,Sapkal 2024: BDN4,11120.0,10279.0,,descending_neuron,acetylcholine,,,,,early,,,,,6905,,,acetylcholine,0.9585421681404114,,,,acetylcholine,L,"['AMMC(L)', 'AMMC(R)', 'ANm', 'CAN(L)', 'CAN(R)', 'CV', 'CV-unspecified', 'CentralBrain', 'CentralBrain-unspecified', 'FLA(L)', 'FLA(R)', 'GNG', 'GOR(L)', 'GOR(R)', 'IPS(L)', 'IPS(R)', 'LAL(L)', 'LTct', 'LegNp(T1)(R)', 'LegNp(T2)(R)', 'LegNp(T3)(R)', 'MesoAN(R)', 'Ov(R)', 'SAD', 'VES(L)', 'VES(R)', 'VNC', 'VNC-unspecified', 'WED(L)', 'WTct(UTct-T2)(R)']","['ANm', 'CAN(R)', 'CV', 'CV-unspecified', 'CentralBrain', 'CentralBrain-unspecified', 'FLA(L)', 'FLA(R)', 'GNG', 'GOR(R)', 'HTct(UTct-T3)(R)', 'IPS(R)', 'LTct', 'LegNp(T1)(R)', 'LegNp(T2)(R)', 'LegNp(T3)(R)', 'MesoAN(R)', 'NTct(UTct-T1)(R)', 'Ov(R)', 'SAD', 'VES(L)', 'VES(R)', 'VNC', 'VNC-unspecified', 'WTct(UTct-T2)(R)']"
10218,DNg35_R,DNg35,3133,18104,20706,18104,10467607041,Traced,Prelim Roughly traced,"[35879, 40485, 21289]","{'AMMC(R)': {'post': 700, 'pre': 9, 'downstream': 56, 'upstream': 700, 'synweight': 756}, 'AVLP(R)': {'post': 2, 'upstream': 2, 'synweight': 2}, 'CV': {'post': 20, 'pre': 15, 'downstream': 61, 'upstream': 20, 'synweight': 81}, 'CV-unspecified': {'post': 20, 'pre': 15, 'downstream': 61, 'upstream': 20, 'synweight': 81}, 'CentralBrain': {'post': 17736, 'pre': 761, 'downstream': 5155, 'upstream': 17736, 'synweight': 22891}, 'CentralBrain-unspecified': {'post': 521, 'pre': 43, 'downstream': 272, 'upstream': 521, 'synweight': 793}, 'FLA(R)': {'post': 15, 'upstream': 15, 'synweight': 15}, 'GNG': {'post': 14425, 'pre': 659, 'downstream': 4553, 'upstream': 14425, 'synweight': 18978}, 'HTct(UTct-T3)(L)': {'post': 1, 'upstream': 1, 'synweight': 1}, 'IPS(L)': {'pre': 2, 'downstream': 16, 'synweight': 16}, 'IntTct': {'post': 12, 'pre': 59, 'downstream': 340, 'upstream': 12, 'synweight': 352}, 'LAL(R)': {'post': 66, 'upstream': 66, 'synweight': 66}, 'LegNp(T1)(L)': {'post': 49, 'pre': 457, 'downstream': 3053, 'upstream': 49, 'synweight': 3102}, 'LegNp(T2)(L)': {'post': 81, 'pre': 687, 'downstream': 4736, 'upstream': 81, 'synweight': 4817}, 'LegNp(T3)(L)': {'post': 186, 'pre': 1080, 'downstream': 6973, 'upstream': 186, 'synweight': 7159}, 'NTct(UTct-T1)(L)': {'post': 9, 'pre': 56, 'downstream': 318, 'upstream': 9, 'synweight': 327}, 'SAD': {'post': 1623, 'pre': 48, 'downstream': 258, 'upstream': 1623, 'synweight': 1881}, 'VES(R)': {'post': 319, 'upstream': 319, 'synweight': 319}, 'VNC': {'post': 348, 'pre': 2357, 'downstream': 15490, 'upstream': 348, 'synweight': 15838}, 'VNC-unspecified': {'post': 9, 'pre': 16, 'downstream': 65, 'upstream': 9, 'synweight': 74}, 'WED(R)': {'post': 65, 'upstream': 65, 'synweight': 65}, 'WTct(UTct-T2)(L)': {'post': 1, 'pre': 2, 'downstream': 5, 'upstream': 1, 'synweight': 6}}",10218.0,0.9461180567741394,3133,,,xl,,DNg35,DNg35,38810,,putative_primary,,10476.0,10465.0,,descending_neuron,acetylcholine,,,,,early,,,,,6132,,,acetylcholine,0.9338770508766174,,,,acetylcholine,R,"['AMMC(R)', 'AVLP(R)', 'CV', 'CV-unspecified', 'CentralBrain', 'CentralBrain-unspecified', 'FLA(R)', 'GNG', 'HTct(UTct-T3)(L)', 'IntTct', 'LAL(R)', 'LegNp(T1)(L)', 'LegNp(T2)(L)', 'LegNp(T3)(L)', 'NTct(UTct-T1)(L)', 'SAD', 'VES(R)', 'VNC', 'VNC-unspecified', 'WED(R)', 'WTct(UTct-T2)(L)']","['AMMC(R)', 'CV', 'CV-unspecified', 'CentralBrain', 'CentralBrain-unspecified', 'GNG', 'IPS(L)', 'IntTct', 'LegNp(T1)(L)', 'LegNp(T2)(L)', 'LegNp(T3)(L)', 'NTct(UTct-T1)(L)', 'SAD', 'VNC', 'VNC-unspecified', 'WTct(UTct-T2)(L)']"
800381,i2 MN_L,i2 MN,97,18073,203,18073,8934584961,Traced,Reviewed,"[62551, 59955, 85002]","{'ADMN(L)': {'post': 30, 'pre': 6, 'downstream': 25, 'upstream': 30, 'synweight': 55}, 'IntTct': {'post': 3096, 'pre': 50, 'downstream': 78, 'upstream': 3096, 'synweight': 3174}, 'LTct': {'post': 2970, 'pre': 8, 'downstream': 13, 'upstream': 2970, 'synweight': 2983}, 'NTct(UTct-T1)(L)': {'post': 165, 'pre': 2, 'downstream': 6, 'upstream': 165, 'synweight': 171}, 'Ov(L)': {'post': 453, 'upstream': 453, 'synweight': 453}, 'VNC': {'post': 18073, 'pre': 97, 'downstream': 203, 'upstream': 18073, 'synweight': 18276}, 'VNC-unspecified': {'post': 577, 'pre': 1, 'downstream': 4, 'upstream': 577, 'synweight': 581}, 'WTct(UTct-T2)(L)': {'post': 9346, 'pre': 26, 'downstream': 69, 'upstream': 9346, 'synweight': 9415}, 'WTct(UTct-T2)(R)': {'post': 1436, 'pre': 4, 'downstream': 8, 'upstream': 1436, 'synweight': 1444}}",800381.0,0.7629684805870056,97,,,wm,,i2 MN,,18276,,,,14390.0,10145.0,,vnc_motor,acetylcholine,,,,,early,16B,,,,133,,,acetylcholine,0.7545201778411865,T2,,ADMN,acetylcholine,L,"['ADMN(L)', 'IntTct', 'LTct', 'NTct(UTct-T1)(L)', 'Ov(L)', 'VNC', 'VNC-unspecified', 'WTct(UTct-T2)(L)', 'WTct(UTct-T2)(R)']","['ADMN(L)', 'IntTct', 'LTct', 'NTct(UTct-T1)(L)', 'VNC', 'VNC-unspecified', 'WTct(UTct-T2)(L)', 'WTct(UTct-T2)(R)']"
519624,DNa03_L,DNa03,2367,18053,17182,18053,4549020432,Traced,Prelim Roughly traced,"[59263, 19369, 12284]","{'CV': {'post': 8, 'pre': 2, 'downstream': 10, 'upstream': 8, 'synweight': 18}, 'CV-unspecified': {'post': 8, 'pre': 2, 'downstream': 10, 'upstream': 8, 'synweight': 18}, 'CentralBrain': {'post': 18010, 'pre': 2069, 'downstream': 15127, 'upstream': 18010, 'synweight': 33137}, 'CentralBrain-unspecified': {'post': 424, 'pre': 60, 'downstream': 361, 'upstream': 424, 'synweight': 785}, 'EPA(L)': {'post': 26, 'pre': 7, 'downstream': 46, 'upstream': 26, 'synweight': 72}, 'GNG': {'post': 39, 'pre': 151, 'downstream': 1312, 'upstream': 39, 'synweight': 1351}, 'GOR(L)': {'post': 31, 'upstream': 31, 'synweight': 31}, 'IPS(L)': {'post': 662, 'pre': 387, 'downstream': 3241, 'upstream': 662, 'synweight': 3903}, 'IntTct': {'post': 31, 'pre': 272, 'downstream': 1921, 'upstream': 31, 'synweight': 1952}, 'LAL(L)': {'post': 13177, 'pre': 795, 'downstream': 5367, 'upstream': 13177, 'synweight': 18544}, 'NTct(UTct-T1)(L)': {'pre': 18, 'downstream': 106, 'synweight': 106}, 'SPS(L)': {'post': 968, 'pre': 301, 'downstream': 2371, 'upstream': 968, 'synweight': 3339}, 'VES(L)': {'post': 2505, 'pre': 359, 'downstream': 2386, 'upstream': 2505, 'synweight': 4891}, 'VNC': {'post': 35, 'pre': 296, 'downstream': 2045, 'upstream': 35, 'synweight': 2080}, 'VNC-unspecified': {'post': 4, 'pre': 6, 'downstream': 18, 'upstream': 4, 'synweight': 22}, 'WED(L)': {'post': 176, 'pre': 8, 'downstream': 40, 'upstream': 176, 'synweight': 216}, 'aL(L)': {'post': 1, 'pre': 1, 'downstream': 3, 'upstream': 1, 'synweight': 4}, 'gL(L)': {'post': 1, 'upstream': 1, 'synweight': 1}}",10975.0,0.9574841260910034,2367,,,it,,DNa03,DNa03,35235,,WEDd1,,25683.0,25683.0,,descending_neuron,acetylcholine,,DNa03,10360,,,,,,,4582,,,acetylcholine,0.9555647969245911,,,,acetylcholine,L,"['CV', 'CV-unspecified', 'CentralBrain', 'CentralBrain-unspecified', 'EPA(L)', 'GNG', 'GOR(L)', 'IPS(L)', 'IntTct', 'LAL(L)', 'SPS(L)', 'VES(L)', 'VNC', 'VNC-unspecified', 'WED(L)', 'aL(L)', 'gL(L)']","['CV', 'CV-unspecified', 'CentralBrain', 'CentralBrain-unspecified', 'EPA(L)', 'GNG', 'IPS(L)', 'IntTct', 'LAL(L)', 'NTct(UTct-T1)(L)', 'SPS(L)', 'VES(L)', 'VNC', 'VNC-unspecified', 'WED(L)', 'aL(L)']"
230783,DNg97_R,DNg97,3443,17959,25021,17959,10874312055,Traced,Prelim Roughly traced,"[46023, 46151, 22537]","{'AMMC(L)': {'post': 150, 'pre': 9, 'downstream': 45, 'upstream': 150, 'synweight': 195}, 'CAN(L)': {'post': 22, 'upstream': 22, 'synweight': 22}, 'CAN(R)': {'post': 26, 'upstream': 26, 'synweight': 26}, 'CV': {'post': 24, 'pre': 5, 'downstream': 18, 'upstream': 24, 'synweight': 42}, 'CV-unspecified': {'post': 24, 'pre': 5, 'downstream': 18, 'upstream': 24, 'synweight': 42}, 'CentralBrain': {'post': 17323, 'pre': 1346, 'downstream': 8980, 'upstream': 17323, 'synweight': 26303}, 'CentralBrain-unspecified': {'post': 504, 'pre': 30, 'downstream': 149, 'upstream': 504, 'synweight': 653}, 'EPA(L)': {'post': 232, 'pre': 6, 'downstream': 30, 'upstream': 232, 'synweight': 262}, 'FLA(L)': {'post': 218, 'pre': 6, 'downstream': 32, 'upstream': 218, 'synweight': 250}, 'FLA(R)': {'post': 90, 'upstream': 90, 'synweight': 90}, 'GNG': {'post': 6028, 'pre': 891, 'downstream': 6395, 'upstream': 6028, 'synweight': 12423}, 'HTct(UTct-T3)(L)': {'post': 1, 'pre': 4, 'downstream': 19, 'upstream': 1, 'synweight': 20}, 'IPS(L)': {'post': 279, 'pre': 10, 'downstream': 56, 'upstream': 279, 'synweight': 335}, 'IPS(R)': {'post': 50, 'pre': 1, 'downstream': 3, 'upstream': 50, 'synweight': 53}, 'LAL(L)': {'post': 1834, 'pre': 55, 'downstream': 353, 'upstream': 1834, 'synweight': 2187}, 'LTct': {'post': 16, 'pre': 52, 'downstream': 430, 'upstream': 16, 'synweight': 446}, 'LegNp(T1)(L)': {'post': 359, 'pre': 1175, 'downstream': 8773, 'upstream': 359, 'synweight': 9132}, 'LegNp(T2)(L)': {'post': 149, 'pre': 531, 'downstream': 4158, 'upstream': 149, 'synweight': 4307}, 'LegNp(T3)(L)': {'post': 56, 'pre': 281, 'downstream': 2347, 'upstream': 56, 'synweight': 2403}, 'PLP(L)': {'post': 519, 'pre': 7, 'downstream': 31, 'upstream': 519, 'synweight': 550}, 'SAD': {'post': 1104, 'pre': 35, 'downstream': 188, 'upstream': 1104, 'synweight': 1292}, 'SPS(L)': {'post': 817, 'pre': 39, 'downstream': 223, 'upstream': 817, 'synweight': 1040}, 'VES(L)': {'post': 5198, 'pre': 238, 'downstream': 1331, 'upstream': 5198, 'synweight': 6529}, 'VNC': {'post': 612, 'pre': 2092, 'downstream': 16023, 'upstream': 612, 'synweight': 16635}, 'VNC-unspecified': {'post': 31, 'pre': 48, 'downstream': 293, 'upstream': 31, 'synweight': 324}, 'WED(L)': {'post': 252, 'pre': 19, 'downstream': 144, 'upstream': 252, 'synweight': 396}, 'WTct(UTct-T2)(L)': {'pre': 1, 'downstream': 3, 'synweight': 3}}",13805.0,0.9621334075927734,3443,,,xl,,DNg97,DNg97,42980,,MX3,Sapkal 2024: oDN1,10656.0,10656.0,,descending_neuron,acetylcholine,,,13805,,,,,,,6947,,,acetylcholine,0.9631496667861938,MX,,,acetylcholine,R,"['AMMC(L)', 'CAN(L)', 'CAN(R)', 'CV', 'CV-unspecified', 'CentralBrain', 'CentralBrain-unspecified', 'EPA(L)', 'FLA(L)', 'FLA(R)', 'GNG', 'HTct(UTct-T3)(L)', 'IPS(L)', 'IPS(R)', 'LAL(L)', 'LTct', 'LegNp(T1)(L)', 'LegNp(T2)(L)', 'LegNp(T3)(L)', 'PLP(L)', 'SAD', 'SPS(L)', 'VES(L)', 'VNC', 'VNC-unspecified', 'WED(L)']","['AMMC(L)', 'CV', 'CV-unspecified', 'CentralBrain', 'CentralBrain-unspecified', 'EPA(L)', 'FLA(L)', 'GNG', 'HTct(UTct-T3)(L)', 'IPS(L)', 'IPS(R)', 'LAL(L)', 'LTct', 'LegNp(T1)(L)', 'LegNp(T2)(L)', 'LegNp(T3)(L)', 'PLP(L)', 'SAD', 'SPS(L)', 'VES(L)', 'VNC', 'VNC-unspecified', 'WED(L)', 'WTct(UTct-T2)(L)']"
10118,DNb05_L,DNb05,3350,17938,22662,17938,15537294586,Traced,Prelim Roughly traced,"[51152, 31422, 14590]","{'AL(L)': {'post': 4895, 'pre': 70, 'downstream': 350, 'upstream': 4895, 'synweight': 5245}, 'AMMC(L)': {'post': 568, 'pre': 180, 'downstream': 1363, 'upstream': 568, 'synweight': 1931}, 'ANm': {'post': 9, 'pre': 108, 'downstream': 856, 'upstream': 9, 'synweight': 865}, 'AVLP(L)': {'post': 48, 'upstream': 48, 'synweight': 48}, 'CAN(L)': {'post': 1, 'pre': 5, 'downstream': 46, 'upstream': 1, 'synweight': 47}, 'CV': {'post': 98, 'pre': 52, 'downstream': 193, 'upstream': 98, 'synweight': 291}, 'CV-unspecified': {'post': 98, 'pre': 52, 'downstream': 193, 'upstream': 98, 'synweight': 291}, 'CentralBrain': {'post': 17447, 'pre': 955, 'downstream': 6702, 'upstream': 17447, 'synweight': 24149}, 'CentralBrain-unspecified': {'post': 115, 'pre': 6, 'downstream': 27, 'upstream': 115, 'synweight': 142}, 'GNG': {'post': 160, 'pre': 341, 'downstream': 2632, 'upstream': 160, 'synweight': 2792}, 'HTct(UTct-T3)(L)': {'post': 1, 'pre': 23, 'downstream': 175, 'upstream': 1, 'synweight': 176}, 'ICL(L)': {'post': 44, 'upstream': 44, 'synweight': 44}, 'IntTct': {'post': 21, 'pre': 211, 'downstream': 1316, 'upstream': 21, 'synweight': 1337}, 'LTct': {'post': 121, 'pre': 509, 'downstream': 3467, 'upstream': 121, 'synweight': 3588}, 'LegNp(T1)(L)': {'post': 85, 'pre': 798, 'downstream': 5534, 'upstream': 85, 'synweight': 5619}, 'LegNp(T1)(R)': {'post': 1, 'pre': 10, 'downstream': 70, 'upstream': 1, 'synweight': 71}, 'LegNp(T2)(L)': {'post': 32, 'pre': 234, 'downstream': 1579, 'upstream': 32, 'synweight': 1611}, 'LegNp(T3)(L)': {'post': 38, 'pre': 168, 'downstream': 1186, 'upstream': 38, 'synweight': 1224}, 'Ov(L)': {'post': 3, 'pre': 103, 'downstream': 654, 'upstream': 3, 'synweight': 657}, 'PLP(L)': {'post': 6617, 'pre': 54, 'downstream': 296, 'upstream': 6617, 'synweight': 6913}, 'PVLP(L)': {'post': 297, 'pre': 65, 'downstream': 372, 'upstream': 297, 'synweight': 669}, 'SAD': {'post': 897, 'pre': 101, 'downstream': 807, 'upstream': 897, 'synweight': 1704}, 'SPS(L)': {'post': 1048, 'pre': 3, 'downstream': 8, 'upstream': 1048, 'synweight': 1056}, 'VES(L)': {'post': 599, 'pre': 8, 'downstream': 32, 'upstream': 599, 'synweight': 631}, 'VNC': {'post': 393, 'pre': 2343, 'downstream': 15767, 'upstream': 393, 'synweight': 16160}, 'VNC-unspecified': {'post': 63, 'pre': 117, 'downstream': 628, 'upstream': 63, 'synweight': 691}, 'WED(L)': {'post': 2158, 'pre': 122, 'downstream': 769, 'upstream': 2158, 'synweight': 2927}, 'WTct(UTct-T2)(L)': {'post': 18, 'pre': 45, 'downstream': 229, 'upstream': 18, 'synweight': 247}, 'mVAC(T1)(L)': {'post': 1, 'pre': 17, 'downstream': 73, 'upstream': 1, 'synweight': 74}}",10065.0,0.9609861969947815,3350,potentially sexually dimorphic,,xn,,DNb05,DNb05,40600,,putative_primary,Matsuo 2016: AMMC-Di7,10307.0,10307.0,,descending_neuron,acetylcholine,,DNb05,,,early,,,extra VNC branch mcns,,6787,,,acetylcholine,0.9590678811073303,,,,acetylcholine,L,"['AL(L)', 'AMMC(L)', 'ANm', 'AVLP(L)', 'CAN(L)', 'CV', 'CV-unspecified', 'CentralBrain', 'CentralBrain-unspecified', 'GNG', 'HTct(UTct-T3)(L)', 'ICL(L)', 'IntTct', 'LTct', 'LegNp(T1)(L)', 'LegNp(T1)(R)', 'LegNp(T2)(L)', 'LegNp(T3)(L)', 'Ov(L)', 'PLP(L)', 'PVLP(L)', 'SAD', 'SPS(L)', 'VES(L)', 'VNC', 'VNC-unspecified', 'WED(L)', 'WTct(UTct-T2)(L)', 'mVAC(T1)(L)']","['AL(L)', 'AMMC(L)', 'ANm', 'CAN(L)', 'CV', 'CV-unspecified', 'CentralBrain', 'CentralBrain-unspecified', 'GNG', 'HTct(UTct-T3)(L)', 'IntTct', 'LTct', 'LegNp(T1)(L)', 'LegNp(T1)(R)', 'LegNp(T2)(L)', 'LegNp(T3)(L)', 'Ov(L)', 'PLP(L)', 'PVLP(L)', 'SAD', 'SPS(L)', 'VES(L)', 'VNC', 'VNC-unspecified', 'WED(L)', 'WTct(UTct-T2)(L)', 'mVAC(T1)(L)']"
10286,DNpe053(SMP454)_L,DNpe053,7871,17906,65550,17906,9038933608,Traced,Roughly traced,"[50140, 7905, 25417]","{'AL(R)': {'pre': 5, 'downstream': 39, 'synweight': 39}, 'AME(L)': {'post': 3, 'pre': 20, 'downstream': 169, 'upstream': 3, 'synweight': 172}, 'AME(R)': {'post': 3, 'pre': 29, 'downstream': 239, 'upstream': 3, 'synweight': 242}, 'AMMC(R)': {'post': 2, 'upstream': 2, 'synweight': 2}, 'ANm': {'post': 80, 'pre': 1057, 'downstream': 7807, 'upstream': 80, 'synweight': 7887}, 'AOTU(L)': {'downstream': 12, 'synweight': 12}, 'ATL(L)': {'post': 44, 'upstream': 44, 'synweight': 44}, 'AVLP(L)': {'post': 102, 'upstream': 102, 'synweight': 102}, 'AVLP(R)': {'post': 2, 'pre': 1, 'downstream': 4, 'upstream': 2, 'synweight': 6}, 'CAN(L)': {'post': 172, 'upstream': 172, 'synweight': 172}, 'CAN(R)': {'post': 9, 'pre': 94, 'downstream': 745, 'upstream': 9, 'synweight': 754}, 'CRE(L)': {'post': 1178, 'pre': 1, 'downstream': 4, 'upstream': 1178, 'synweight': 1182}, 'CRE(R)': {'post': 9, 'pre': 70, 'downstream': 600, 'upstream': 9, 'synweight': 609}, 'CV': {'post': 11, 'pre': 2, 'downstream': 6, 'upstream': 11, 'synweight': 17}, 'CV-unspecified': {'post': 11, 'pre': 2, 'downstream': 6, 'upstream': 11, 'synweight': 17}, 'CentralBrain': {'post': 17745, 'pre': 6268, 'downstream': 53602, 'upstream': 17745, 'synweight': 71347}, 'CentralBrain-unspecified': {'post': 1243, 'pre': 696, 'downstream': 5673, 'upstream': 1243, 'synweight': 6916}, 'EPA(L)': {'post': 64, 'upstream': 64, 'synweight': 64}, 'FLA(L)': {'post': 914, 'pre': 121, 'downstream': 973, 'upstream': 914, 'synweight': 1887}, 'FLA(R)': {'post': 111, 'pre': 509, 'downstream': 4139, 'upstream': 111, 'synweight': 4250}, 'GNG': {'post': 173, 'pre': 234, 'downstream': 1745, 'upstream': 173, 'synweight': 1918}, 'GOR(L)': {'post': 389, 'pre': 4, 'downstream': 15, 'upstream': 389, 'synweight': 404}, 'GOR(R)': {'post': 23, 'upstream': 23, 'synweight': 23}, 'IB': {'post': 649, 'pre': 1, 'downstream': 12, 'upstream': 649, 'synweight': 661}, 'ICL(L)': {'post': 3336, 'pre': 7, 'downstream': 36, 'upstream': 3336, 'synweight': 3372}, 'ICL(R)': {'pre': 10, 'downstream': 87, 'synweight': 87}, 'IntTct': {'post': 19, 'pre': 138, 'downstream': 955, 'upstream': 19, 'synweight': 974}, 'LAL(L)': {'post': 10, 'upstream': 10, 'synweight': 10}, 'LO(L)': {'pre': 15, 'downstream': 136, 'synweight': 136}, 'LO_L_col_29_30': {'downstream': 1, 'synweight': 1}, 'LO_L_col_29_31': {'downstream': 1, 'synweight': 1}, 'LO_L_col_31_30': {'downstream': 3, 'synweight': 3}, 'LO_L_col_31_31': {'pre': 15, 'downstream': 131, 'synweight': 131}, 'LO_L_layer_7': {'pre': 15, 'downstream': 136, 'synweight': 136}, 'LTct': {'post': 12, 'pre': 112, 'downstream': 849, 'upstream': 12, 'synweight': 861}, 'LegNp(T1)(R)': {'pre': 3, 'downstream': 20, 'synweight': 20}, 'LegNp(T3)(R)': {'post': 6, 'pre': 35, 'downstream': 282, 'upstream': 6, 'synweight': 288}, 'Optic(L)': {'post': 10, 'pre': 85, 'downstream': 690, 'upstream': 10, 'synweight': 700}, 'Optic(R)': {'post': 3, 'pre': 29, 'downstream': 240, 'upstream': 3, 'synweight': 243}, 'Optic-unspecified(L)': {'post': 7, 'pre': 50, 'downstream': 385, 'upstream': 7, 'synweight': 392}, 'Optic-unspecified(R)': {'downstream': 1, 'synweight': 1}, 'Ov(R)': {'pre': 14, 'downstream': 119, 'synweight': 119}, 'PED(L)': {'post': 17, 'pre': 11, 'downstream': 87, 'upstream': 17, 'synweight': 104}, 'PLP(L)': {'post': 288, 'pre': 94, 'downstream': 800, 'upstream': 288, 'synweight': 1088}, 'PLP(R)': {'post': 19, 'pre': 102, 'downstream': 960, 'upstream': 19, 'synweight': 979}, 'PRW': {'post': 83, 'pre': 377, 'downstream': 3022, 'upstream': 83, 'synweight': 3105}, 'PVLP(L)': {'post': 3, 'upstream': 3, 'synweight': 3}, 'SAD': {'post': 119, 'pre': 57, 'downstream': 401, 'upstream': 119, 'synweight': 520}, 'SCL(L)': {'post': 1135, 'pre': 312, 'downstream': 2692, 'upstream': 1135, 'synweight': 3827}, 'SCL(R)': {'post': 50, 'pre': 218, 'downstream': 1964, 'upstream': 50, 'synweight': 2014}, 'SIP(L)': {'post': 269, 'pre': 109, 'downstream': 1016, 'upstream': 269, 'synweight': 1285}, 'SIP(R)': {'post': 37, 'pre': 199, 'downstream': 1809, 'upstream': 37, 'synweight': 1846}, 'SLP(L)': {'post': 31, 'pre': 185, 'downstream': 1684, 'upstream': 31, 'synweight': 1715}, 'SLP(R)': {'post': 17, 'pre': 158, 'downstream': 1323, 'upstream': 17, 'synweight': 1340}, 'SMP(L)': {'post': 4476, 'pre': 1216, 'downstream': 10793, 'upstream': 4476, 'synweight': 15269}, 'SMP(R)': {'post': 488, 'pre': 1398, 'downstream': 12332, 'upstream': 488, 'synweight': 12820}, 'SPS(L)': {'post': 702, 'upstream': 702, 'synweight': 702}, 'SPS(R)': {'post': 63, 'pre': 1, 'downstream': 8, 'upstream': 63, 'synweight': 71}, 'VES(L)': {'post': 1470, 'upstream': 1470, 'synweight': 1470}, 'VES(R)': {'post': 13, 'pre': 78, 'downstream': 627, 'upstream': 13, 'synweight': 640}, 'VNC': {'post': 137, 'pre': 1487, 'downstream': 11012, 'upstream': 137, 'synweight': 11149}, 'VNC-unspecified': {'post': 17, 'pre': 89, 'downstream': 721, 'upstream': 17, 'synweight': 738}, 'WTct(UTct-T2)(R)': {'post': 3, 'pre': 39, 'downstream': 259, 'upstream': 3, 'synweight': 262}, ""a'L(L)"": {'post': 2, 'upstream': 2, 'synweight': 2}, 'aL(L)': {'post': 7, 'upstream': 7, 'synweight': 7}, 'gL(L)': {'post': 26, 'upstream': 26, 'synweight': 26}}",10286.0,0.9451774954795837,7871,,,xn,,DNxn177,DNpe053,83456,,putative_primary,,14999.0,14999.0,,descending_neuron,acetylcholine,,SMP454,,,early,,,,,15725,,,acetylcholine,0.9520303010940552,,,,acetylcholine,L,"['AME(L)', 'AME(R)', 'AMMC(R)', 'ANm', 'ATL(L)', 'AVLP(L)', 'AVLP(R)', 'CAN(L)', 'CAN(R)', 'CRE(L)', 'CRE(R)', 'CV', 'CV-unspecified', 'CentralBrain', 'CentralBrain-unspecified', 'EPA(L)', 'FLA(L)', 'FLA(R)', 'GNG', 'GOR(L)', 'GOR(R)', 'IB', 'ICL(L)', 'IntTct', 'LAL(L)', 'LTct', 'LegNp(T3)(R)', 'Optic(L)', 'Optic(R)', 'Optic-unspecified(L)', 'PED(L)', 'PLP(L)', 'PLP(R)', 'PRW', 'PVLP(L)', 'SAD', 'SCL(L)', 'SCL(R)', 'SIP(L)', 'SIP(R)', 'SLP(L)', 'SLP(R)', 'SMP(L)', 'SMP(R)', 'SPS(L)', 'SPS(R)', 'VES(L)', 'VES(R)', 'VNC', 'VNC-unspecified', 'WTct(UTct-T2)(R)', ""a'L(L)"", 'aL(L)', 'gL(L)']","['AL(R)', 'AME(L)', 'AME(R)', 'ANm', 'AVLP(R)', 'CAN(R)', 'CRE(L)', 'CRE(R)', 'CV', 'CV-unspecified', 'CentralBrain', 'CentralBrain-unspecified', 'FLA(L)', 'FLA(R)', 'GNG', 'GOR(L)', 'IB', 'ICL(L)', 'ICL(R)', 'IntTct', 'LO(L)', 'LO_L_col_31_31', 'LO_L_layer_7', 'LTct', 'LegNp(T1)(R)', 'LegNp(T3)(R)', 'Optic(L)', 'Optic(R)', 'Optic-unspecified(L)', 'Ov(R)', 'PED(L)', 'PLP(L)', 'PLP(R)', 'PRW', 'SAD', 'SCL(L)', 'SCL(R)', 'SIP(L)', 'SIP(R)', 'SLP(L)', 'SLP(R)', 'SMP(L)', 'SMP(R)', 'SPS(R)', 'VES(R)', 'VNC', 'VNC-unspecified', 'WTct(UTct-T2)(R)']"
13381,ANXXX027_L,ANXXX027,1675,17886,11847,17886,6057243031,Traced,Prelim Roughly traced,"[56954, 48291, 124970]","{'AMMC(R)': {'post': 331, 'pre': 12, 'downstream': 81, 'upstream': 331, 'synweight': 412}, 'ANm': {'post': 1453, 'pre': 28, 'downstream': 222, 'upstream': 1453, 'synweight': 1675}, 'AVLP(R)': {'post': 148, 'pre': 340, 'downstream': 2723, 'upstream': 148, 'synweight': 2871}, 'AbN4(R)': {'post': 9, 'upstream': 9, 'synweight': 9}, 'CV': {'post': 34, 'pre': 2, 'downstream': 11, 'upstream': 34, 'synweight': 45}, 'CV-unspecified': {'post': 34, 'pre': 2, 'downstream': 11, 'upstream': 34, 'synweight': 45}, 'CentralBrain': {'post': 4750, 'pre': 769, 'downstream': 5988, 'upstream': 4750, 'synweight': 10738}, 'CentralBrain-unspecified': {'post': 56, 'pre': 4, 'downstream': 17, 'upstream': 56, 'synweight': 73}, 'GNG': {'post': 4088, 'pre': 177, 'downstream': 1260, 'upstream': 4088, 'synweight': 5348}, 'LTct': {'post': 62, 'pre': 86, 'downstream': 603, 'upstream': 62, 'synweight': 665}, 'LegNp(T1)(R)': {'post': 2120, 'pre': 150, 'downstream': 941, 'upstream': 2120, 'synweight': 3061}, 'LegNp(T2)(R)': {'post': 3178, 'pre': 46, 'downstream': 257, 'upstream': 3178, 'synweight': 3435}, 'LegNp(T3)(R)': {'post': 2440, 'pre': 106, 'downstream': 706, 'upstream': 2440, 'synweight': 3146}, 'Ov(L)': {'post': 17, 'upstream': 17, 'synweight': 17}, 'Ov(R)': {'post': 3439, 'pre': 271, 'downstream': 1747, 'upstream': 3439, 'synweight': 5186}, 'PDMN(R)': {'post': 34, 'upstream': 34, 'synweight': 34}, 'PVLP(R)': {'post': 41, 'pre': 109, 'downstream': 927, 'upstream': 41, 'synweight': 968}, 'SAD': {'post': 72, 'pre': 94, 'downstream': 695, 'upstream': 72, 'synweight': 767}, 'VNC': {'post': 13102, 'pre': 904, 'downstream': 5848, 'upstream': 13102, 'synweight': 18950}, 'VNC-unspecified': {'post': 260, 'pre': 86, 'downstream': 511, 'upstream': 260, 'synweight': 771}, 'WED(R)': {'post': 14, 'pre': 33, 'downstream': 285, 'upstream': 14, 'synweight': 299}, 'mVAC(T1)(R)': {'post': 12, 'upstream': 12, 'synweight': 12}, 'mVAC(T2)(R)': {'post': 77, 'pre': 131, 'downstream': 857, 'upstream': 77, 'synweight': 934}, 'mVAC(T3)(R)': {'post': 1, 'downstream': 4, 'upstream': 1, 'synweight': 5}}",13181.0,0.9541125893592834,1675,,,CA,10149.0,ANXXX027,AN_AVLP_GNG_17,29733,,,,10149.0,10149.0,,ascending_neuron,acetylcholine,,,,,early,TBD,,,,25766,,cns tiling,acetylcholine,0.9622623920440674,A4,12868.0,,acetylcholine,L,"['AMMC(R)', 'ANm', 'AVLP(R)', 'AbN4(R)', 'CV', 'CV-unspecified', 'CentralBrain', 'CentralBrain-unspecified', 'GNG', 'LTct', 'LegNp(T1)(R)', 'LegNp(T2)(R)', 'LegNp(T3)(R)', 'Ov(L)', 'Ov(R)', 'PDMN(R)', 'PVLP(R)', 'SAD', 'VNC', 'VNC-unspecified', 'WED(R)', 'mVAC(T1)(R)', 'mVAC(T2)(R)', 'mVAC(T3)(R)']","['AMMC(R)', 'ANm', 'AVLP(R)', 'CV', 'CV-unspecified', 'CentralBrain', 'CentralBrain-unspecified', 'GNG', 'LTct', 'LegNp(T1)(R)', 'LegNp(T2)(R)', 'LegNp(T3)(R)', 'Ov(R)', 'PVLP(R)', 'SAD', 'VNC', 'VNC-unspecified', 'WED(R)', 'mVAC(T2)(R)']"
10249,DNp31_L,DNp31,2371,17757,16228,17757,12705560837,Traced,Prelim Roughly traced,"[55546, 19932, 35230]","{'AMMC(L)': {'post': 1134, 'pre': 2, 'downstream': 14, 'upstream': 1134, 'synweight': 1148}, 'AMMC(R)': {'post': 200, 'upstream': 200, 'synweight': 200}, 'ANm': {'post': 4, 'pre': 47, 'downstream': 351, 'upstream': 4, 'synweight': 355}, 'ATL(L)': {'post': 7, 'upstream': 7, 'synweight': 7}, 'CAN(L)': {'post': 259, 'upstream': 259, 'synweight': 259}, 'CAN(R)': {'post': 35, 'upstream': 35, 'synweight': 35}, 'CV': {'post': 32, 'pre': 12, 'downstream': 80, 'upstream': 32, 'synweight': 112}, 'CV-unspecified': {'post': 32, 'pre': 12, 'downstream': 80, 'upstream': 32, 'synweight': 112}, 'CentralBrain': {'post': 17438, 'pre': 486, 'downstream': 3841, 'upstream': 17438, 'synweight': 21279}, 'CentralBrain-unspecified': {'post': 1155, 'pre': 85, 'downstream': 577, 'upstream': 1155, 'synweight': 1732}, 'GNG': {'post': 540, 'pre': 218, 'downstream': 1898, 'upstream': 540, 'synweight': 2438}, 'GOR(L)': {'post': 23, 'upstream': 23, 'synweight': 23}, 'HTct(UTct-T3)(R)': {'post': 1, 'pre': 34, 'downstream': 229, 'upstream': 1, 'synweight': 230}, 'IB': {'post': 868, 'pre': 2, 'downstream': 7, 'upstream': 868, 'synweight': 875}, 'ICL(L)': {'post': 54, 'pre': 1, 'downstream': 1, 'upstream': 54, 'synweight': 55}, 'IPS(L)': {'post': 549, 'pre': 1, 'downstream': 3, 'upstream': 549, 'synweight': 552}, 'IPS(R)': {'post': 12, 'pre': 97, 'downstream': 911, 'upstream': 12, 'synweight': 923}, 'IntTct': {'post': 47, 'pre': 253, 'downstream': 1795, 'upstream': 47, 'synweight': 1842}, 'LTct': {'post': 1, 'pre': 7, 'downstream': 58, 'upstream': 1, 'synweight': 59}, 'LegNp(T1)(L)': {'pre': 1, 'downstream': 4, 'synweight': 4}, 'LegNp(T1)(R)': {'post': 4, 'pre': 13, 'downstream': 113, 'upstream': 4, 'synweight': 117}, 'NTct(UTct-T1)(L)': {'post': 19, 'pre': 89, 'downstream': 583, 'upstream': 19, 'synweight': 602}, 'NTct(UTct-T1)(R)': {'post': 3, 'pre': 82, 'downstream': 602, 'upstream': 3, 'synweight': 605}, 'PDMN(R)': {'pre': 2, 'downstream': 9, 'synweight': 9}, 'PLP(L)': {'post': 6174, 'pre': 47, 'downstream': 180, 'upstream': 6174, 'synweight': 6354}, 'SAD': {'post': 238, 'upstream': 238, 'synweight': 238}, 'SPS(L)': {'post': 4619, 'pre': 5, 'downstream': 16, 'upstream': 4619, 'synweight': 4635}, 'SPS(R)': {'post': 451, 'pre': 27, 'downstream': 231, 'upstream': 451, 'synweight': 682}, 'VES(L)': {'post': 59, 'upstream': 59, 'synweight': 59}, 'VNC': {'post': 287, 'pre': 1873, 'downstream': 12307, 'upstream': 287, 'synweight': 12594}, 'VNC-unspecified': {'post': 81, 'pre': 108, 'downstream': 601, 'upstream': 81, 'synweight': 682}, 'WED(L)': {'post': 1061, 'pre': 1, 'downstream': 3, 'upstream': 1061, 'synweight': 1064}, 'WTct(UTct-T2)(L)': {'post': 55, 'pre': 515, 'downstream': 3340, 'upstream': 55, 'synweight': 3395}, 'WTct(UTct-T2)(R)': {'post': 72, 'pre': 722, 'downstream': 4622, 'upstream': 72, 'synweight': 4694}}",10249.0,0.9469491839408875,2371,,,ut,,DNp31,DNp31,33985,,putative_primary,,10428.0,10428.0,,descending_neuron,acetylcholine,,DNp31,,,early,07B_put2,,biological variability mcns,,4871,,,acetylcholine,0.9417069554328918,CB,,,acetylcholine,L,"['AMMC(L)', 'AMMC(R)', 'ANm', 'ATL(L)', 'CAN(L)', 'CAN(R)', 'CV', 'CV-unspecified', 'CentralBrain', 'CentralBrain-unspecified', 'GNG', 'GOR(L)', 'HTct(UTct-T3)(R)', 'IB', 'ICL(L)', 'IPS(L)', 'IPS(R)', 'IntTct', 'LTct', 'LegNp(T1)(R)', 'NTct(UTct-T1)(L)', 'NTct(UTct-T1)(R)', 'PLP(L)', 'SAD', 'SPS(L)', 'SPS(R)', 'VES(L)', 'VNC', 'VNC-unspecified', 'WED(L)', 'WTct(UTct-T2)(L)', 'WTct(UTct-T2)(R)']","['AMMC(L)', 'ANm', 'CV', 'CV-unspecified', 'CentralBrain', 'CentralBrain-unspecified', 'GNG', 'HTct(UTct-T3)(R)', 'IB', 'ICL(L)', 'IPS(L)', 'IPS(R)', 'IntTct', 'LTct', 'LegNp(T1)(L)', 'LegNp(T1)(R)', 'NTct(UTct-T1)(L)', 'NTct(UTct-T1)(R)', 'PDMN(R)', 'PLP(L)', 'SPS(L)', 'SPS(R)', 'VNC', 'VNC-unspecified', 'WED(L)', 'WTct(UTct-T2)(L)', 'WTct(UTct-T2)(R)']"
10234,DNp35(PVLP136)_L,DNp35,2097,17658,14174,17658,5964427548,Traced,Prelim Roughly traced,"[59209, 19523, 35768]","{'AMMC(L)': {'post': 12, 'pre': 57, 'downstream': 385, 'upstream': 12, 'synweight': 397}, 'ANm': {'post': 2, 'pre': 10, 'downstream': 76, 'upstream': 2, 'synweight': 78}, 'AVLP(L)': {'post': 3705, 'pre': 10, 'downstream': 76, 'upstream': 3705, 'synweight': 3781}, 'CV': {'post': 29, 'pre': 9, 'downstream': 28, 'upstream': 29, 'synweight': 57}, 'CV-unspecified': {'post': 29, 'pre': 9, 'downstream': 28, 'upstream': 29, 'synweight': 57}, 'CentralBrain': {'post': 17567, 'pre': 1575, 'downstream': 10893, 'upstream': 17567, 'synweight': 28460}, 'CentralBrain-unspecified': {'post': 1009, 'pre': 145, 'downstream': 942, 'upstream': 1009, 'synweight': 1951}, 'EPA(L)': {'post': 232, 'pre': 5, 'downstream': 9, 'upstream': 232, 'synweight': 241}, 'FLA(L)': {'post': 16, 'pre': 112, 'downstream': 827, 'upstream': 16, 'synweight': 843}, 'GNG': {'post': 135, 'pre': 596, 'downstream': 4139, 'upstream': 135, 'synweight': 4274}, 'GOR(L)': {'post': 535, 'upstream': 535, 'synweight': 535}, 'ICL(L)': {'post': 2523, 'pre': 4, 'downstream': 15, 'upstream': 2523, 'synweight': 2538}, 'IntTct': {'post': 15, 'pre': 57, 'downstream': 329, 'upstream': 15, 'synweight': 344}, 'LAL(L)': {'post': 1, 'upstream': 1, 'synweight': 1}, 'LTct': {'post': 39, 'pre': 352, 'downstream': 2242, 'upstream': 39, 'synweight': 2281}, 'LegNp(T1)(L)': {'post': 2, 'pre': 36, 'downstream': 233, 'upstream': 2, 'synweight': 235}, 'PLP(L)': {'post': 978, 'pre': 2, 'downstream': 5, 'upstream': 978, 'synweight': 983}, 'PVLP(L)': {'post': 8134, 'pre': 21, 'downstream': 57, 'upstream': 8134, 'synweight': 8191}, 'SAD': {'post': 98, 'pre': 495, 'downstream': 3507, 'upstream': 98, 'synweight': 3605}, 'SCL(L)': {'post': 1, 'upstream': 1, 'synweight': 1}, 'SPS(L)': {'post': 70, 'pre': 1, 'upstream': 70, 'synweight': 70}, 'VES(L)': {'post': 17, 'pre': 127, 'downstream': 931, 'upstream': 17, 'synweight': 948}, 'VNC': {'post': 62, 'pre': 513, 'downstream': 3253, 'upstream': 62, 'synweight': 3315}, 'VNC-unspecified': {'post': 4, 'pre': 58, 'downstream': 373, 'upstream': 4, 'synweight': 377}, 'WED(L)': {'post': 101, 'upstream': 101, 'synweight': 101}}",10234.0,0.9589939713478088,2097,,,xn,,DNp35,DNp35,31832,,SMPpv2_ventral,,15511.0,14948.0,,descending_neuron,acetylcholine,,PVLP136,10234,,,17A_put2,,,,4149,,,acetylcholine,0.9540746808052063,PC,,,acetylcholine,L,"['AMMC(L)', 'ANm', 'AVLP(L)', 'CV', 'CV-unspecified', 'CentralBrain', 'CentralBrain-unspecified', 'EPA(L)', 'FLA(L)', 'GNG', 'GOR(L)', 'ICL(L)', 'IntTct', 'LAL(L)', 'LTct', 'LegNp(T1)(L)', 'PLP(L)', 'PVLP(L)', 'SAD', 'SCL(L)', 'SPS(L)', 'VES(L)', 'VNC', 'VNC-unspecified', 'WED(L)']","['AMMC(L)', 'ANm', 'AVLP(L)', 'CV', 'CV-unspecified', 'CentralBrain', 'CentralBrain-unspecified', 'EPA(L)', 'FLA(L)', 'GNG', 'ICL(L)', 'IntTct', 'LTct', 'LegNp(T1)(L)', 'PLP(L)', 'PVLP(L)', 'SAD', 'SPS(L)', 'VES(L)', 'VNC', 'VNC-unspecified']"
800504,Sternotrochanter MN_L,Sternotrochanter MN,49,17637,154,17637,4519690887,Traced,Reviewed,"[59840, 46733, 117984]","{'ANm': {'post': 1, 'upstream': 1, 'synweight': 1}, 'HTct(UTct-T3)(L)': {'post': 275, 'upstream': 275, 'synweight': 275}, 'LegNp(T3)(L)': {'post': 17325, 'pre': 48, 'downstream': 152, 'upstream': 17325, 'synweight': 17477}, 'MetaLN(L)': {'post': 23, 'upstream': 23, 'synweight': 23}, 'VNC': {'post': 17637, 'pre': 49, 'downstream': 154, 'upstream': 17637, 'synweight': 17791}, 'VNC-unspecified': {'post': 13, 'pre': 1, 'downstream': 2, 'upstream': 13, 'synweight': 15}}",800504.0,0.3491648733615875,49,,,hl,18006.0,Sternotrochanter MN,,17791,,,,152642.0,152621.0,,vnc_motor,unclear,,,,,early,17X,,,,873,,,unclear,0.40040281414985657,T3,800504.0,MetaLN,unclear,L,"['ANm', 'HTct(UTct-T3)(L)', 'LegNp(T3)(L)', 'MetaLN(L)', 'VNC', 'VNC-unspecified']","['LegNp(T3)(L)', 'VNC', 'VNC-unspecified']"
800241,hg1 MN_L,hg1 MN,62,17394,148,17394,19494361087,Traced,Roughly traced,"[57964, 62744, 86550]","{'ADMN(L)': {'post': 89, 'pre': 1, 'downstream': 5, 'upstream': 89, 'synweight': 94}, 'DMetaN(L)': {'post': 20, 'upstream': 20, 'synweight': 20}, 'HTct(UTct-T3)(L)': {'post': 981, 'upstream': 981, 'synweight': 981}, 'IntTct': {'post': 2289, 'pre': 2, 'downstream': 6, 'upstream': 2289, 'synweight': 2295}, 'LTct': {'post': 19, 'upstream': 19, 'synweight': 19}, 'LegNp(T2)(L)': {'post': 73, 'pre': 1, 'downstream': 1, 'upstream': 73, 'synweight': 74}, 'NTct(UTct-T1)(L)': {'post': 576, 'upstream': 576, 'synweight': 576}, 'VNC': {'post': 17394, 'pre': 62, 'downstream': 148, 'upstream': 17394, 'synweight': 17542}, 'VNC-unspecified': {'post': 782, 'pre': 3, 'downstream': 13, 'upstream': 782, 'synweight': 795}, 'WTct(UTct-T2)(L)': {'post': 12500, 'pre': 52, 'downstream': 116, 'upstream': 12500, 'synweight': 12616}, 'WTct(UTct-T2)(R)': {'post': 65, 'pre': 3, 'downstream': 7, 'upstream': 65, 'synweight': 72}}",800241.0,0.7130923867225647,62,sexually dimorphic,,wm,10011.0,hg1 MN,,17542,,,,10123.0,10011.0,,vnc_motor,acetylcholine,,,,,early,16B,,extensive branching mcns,,104,fru_high,,acetylcholine,0.770906388759613,T2,800241.0,ADMN,acetylcholine,L,"['ADMN(L)', 'DMetaN(L)', 'HTct(UTct-T3)(L)', 'IntTct', 'LTct', 'LegNp(T2)(L)', 'NTct(UTct-T1)(L)', 'VNC', 'VNC-unspecified', 'WTct(UTct-T2)(L)', 'WTct(UTct-T2)(R)']","['ADMN(L)', 'IntTct', 'LegNp(T2)(L)', 'VNC', 'VNC-unspecified', 'WTct(UTct-T2)(L)', 'WTct(UTct-T2)(R)']"
10281,DNg108_R,DNg108,5778,17352,36669,17352,17105026118,Traced,Prelim Roughly traced,"[48282, 45913, 33172]","{'AMMC(L)': {'post': 179, 'upstream': 179, 'synweight': 179}, 'AMMC(R)': {'post': 290, 'pre': 7, 'downstream': 41, 'upstream': 290, 'synweight': 331}, 'ANm': {'post': 22, 'pre': 133, 'downstream': 895, 'upstream': 22, 'synweight': 917}, 'CV': {'post': 142, 'pre': 76, 'downstream': 350, 'upstream': 142, 'synweight': 492}, 'CV-unspecified': {'post': 142, 'pre': 76, 'downstream': 350, 'upstream': 142, 'synweight': 492}, 'CentralBrain': {'post': 16602, 'pre': 1635, 'downstream': 9772, 'upstream': 16602, 'synweight': 26374}, 'CentralBrain-unspecified': {'post': 1221, 'pre': 298, 'downstream': 1769, 'upstream': 1221, 'synweight': 2990}, 'FLA(L)': {'post': 185, 'pre': 1, 'downstream': 6, 'upstream': 185, 'synweight': 191}, 'FLA(R)': {'post': 164, 'upstream': 164, 'synweight': 164}, 'GNG': {'post': 7973, 'pre': 1114, 'downstream': 6616, 'upstream': 7973, 'synweight': 14589}, 'IPS(L)': {'post': 7, 'pre': 71, 'downstream': 458, 'upstream': 7, 'synweight': 465}, 'LTct': {'post': 12, 'pre': 152, 'downstream': 1129, 'upstream': 12, 'synweight': 1141}, 'LegNp(T1)(L)': {'post': 198, 'pre': 1405, 'downstream': 9004, 'upstream': 198, 'synweight': 9202}, 'LegNp(T2)(L)': {'post': 116, 'pre': 817, 'downstream': 5421, 'upstream': 116, 'synweight': 5537}, 'LegNp(T3)(L)': {'post': 156, 'pre': 1191, 'downstream': 7709, 'upstream': 156, 'synweight': 7865}, 'MesoAN(L)': {'post': 2, 'upstream': 2, 'synweight': 2}, 'NTct(UTct-T1)(L)': {'post': 1, 'pre': 23, 'downstream': 168, 'upstream': 1, 'synweight': 169}, 'SAD': {'post': 6582, 'pre': 144, 'downstream': 882, 'upstream': 6582, 'synweight': 7464}, 'VNC': {'post': 608, 'pre': 4067, 'downstream': 26547, 'upstream': 608, 'synweight': 27155}, 'VNC-unspecified': {'post': 96, 'pre': 209, 'downstream': 1262, 'upstream': 96, 'synweight': 1358}, 'WED(L)': {'post': 1, 'upstream': 1, 'synweight': 1}, 'WTct(UTct-T2)(L)': {'post': 5, 'pre': 137, 'downstream': 959, 'upstream': 5, 'synweight': 964}}",10274.0,0.8625618815422058,5778,,,xl,,DNg108,DNg108,54021,,putative_primary,,10058.0,10058.0,,descending_neuron,gaba,,,,,early,,,,,11395,,,gaba,0.8562153577804565,GNG,,,gaba,R,"['AMMC(L)', 'AMMC(R)', 'ANm', 'CV', 'CV-unspecified', 'CentralBrain', 'CentralBrain-unspecified', 'FLA(L)', 'FLA(R)', 'GNG', 'IPS(L)', 'LTct', 'LegNp(T1)(L)', 'LegNp(T2)(L)', 'LegNp(T3)(L)', 'MesoAN(L)', 'NTct(UTct-T1)(L)', 'SAD', 'VNC', 'VNC-unspecified', 'WED(L)', 'WTct(UTct-T2)(L)']","['AMMC(R)', 'ANm', 'CV', 'CV-unspecified', 'CentralBrain', 'CentralBrain-unspecified', 'FLA(L)', 'GNG', 'IPS(L)', 'LTct', 'LegNp(T1)(L)', 'LegNp(T2)(L)', 'LegNp(T3)(L)', 'NTct(UTct-T1)(L)', 'SAD', 'VNC', 'VNC-unspecified', 'WTct(UTct-T2)(L)']"
800035,IN05B002_L,IN05B002,5005,17277,22901,17277,6604448200,Traced,Reviewed,"[61181, 59780, 81167]","{'ADMN(L)': {'post': 39, 'pre': 3, 'downstream': 13, 'upstream': 39, 'synweight': 52}, 'ADMN(R)': {'post': 2, 'upstream': 2, 'synweight': 2}, 'ANm': {'post': 134, 'pre': 70, 'downstream': 374, 'upstream': 134, 'synweight': 508}, 'LTct': {'post': 54, 'pre': 23, 'downstream': 126, 'upstream': 54, 'synweight': 180}, 'LegNp(T1)(L)': {'post': 2184, 'pre': 677, 'downstream': 2897, 'upstream': 2184, 'synweight': 5081}, 'LegNp(T1)(R)': {'post': 1382, 'pre': 440, 'downstream': 1818, 'upstream': 1382, 'synweight': 3200}, 'LegNp(T2)(L)': {'post': 2450, 'pre': 687, 'downstream': 3219, 'upstream': 2450, 'synweight': 5669}, 'LegNp(T2)(R)': {'post': 1591, 'pre': 449, 'downstream': 2111, 'upstream': 1591, 'synweight': 3702}, 'LegNp(T3)(L)': {'post': 1447, 'pre': 488, 'downstream': 2326, 'upstream': 1447, 'synweight': 3773}, 'LegNp(T3)(R)': {'post': 1901, 'pre': 481, 'downstream': 2319, 'upstream': 1901, 'synweight': 4220}, 'Ov(L)': {'post': 3184, 'pre': 879, 'downstream': 3976, 'upstream': 3184, 'synweight': 7160}, 'Ov(R)': {'post': 2529, 'pre': 716, 'downstream': 3244, 'upstream': 2529, 'synweight': 5773}, 'ProLN(L)': {'post': 4, 'pre': 6, 'downstream': 36, 'upstream': 4, 'synweight': 40}, 'VNC': {'post': 17277, 'pre': 5005, 'downstream': 22901, 'upstream': 17277, 'synweight': 40178}, 'VNC-unspecified': {'post': 314, 'pre': 56, 'downstream': 312, 'upstream': 314, 'synweight': 626}, 'mVAC(T1)(L)': {'post': 6, 'pre': 3, 'downstream': 14, 'upstream': 6, 'synweight': 20}, 'mVAC(T1)(R)': {'post': 45, 'pre': 17, 'downstream': 75, 'upstream': 45, 'synweight': 120}, 'mVAC(T2)(R)': {'post': 11, 'pre': 8, 'downstream': 36, 'upstream': 11, 'synweight': 47}, 'mVAC(T3)(R)': {'pre': 2, 'downstream': 5, 'synweight': 5}}",800035.0,0.8808169960975647,5005,,,BI,,IN05B002,,40178,,,,10082.0,10082.0,,vnc_intrinsic,gaba,,,,,early,05B,,,,10076,,,gaba,0.8819788098335266,T1,,,gaba,L,"['ADMN(L)', 'ADMN(R)', 'ANm', 'LTct', 'LegNp(T1)(L)', 'LegNp(T1)(R)', 'LegNp(T2)(L)', 'LegNp(T2)(R)', 'LegNp(T3)(L)', 'LegNp(T3)(R)', 'Ov(L)', 'Ov(R)', 'ProLN(L)', 'VNC', 'VNC-unspecified', 'mVAC(T1)(L)', 'mVAC(T1)(R)', 'mVAC(T2)(R)']","['ADMN(L)', 'ANm', 'LTct', 'LegNp(T1)(L)', 'LegNp(T1)(R)', 'LegNp(T2)(L)', 'LegNp(T2)(R)', 'LegNp(T3)(L)', 'LegNp(T3)(R)', 'Ov(L)', 'Ov(R)', 'ProLN(L)', 'VNC', 'VNC-unspecified', 'mVAC(T1)(L)', 'mVAC(T1)(R)', 'mVAC(T2)(R)', 'mVAC(T3)(R)']"
902962,Fe reductor MN_R,Fe reductor MN,58,17168,191,17168,3670014461,Traced,Reviewed,"[39559, 54114, 125159]","{'ANm': {'post': 34, 'upstream': 34, 'synweight': 34}, 'HTct(UTct-T3)(R)': {'post': 26, 'upstream': 26, 'synweight': 26}, 'LegNp(T3)(R)': {'post': 17016, 'pre': 51, 'downstream': 161, 'upstream': 17016, 'synweight': 17177}, 'MetaLN(R)': {'post': 92, 'pre': 7, 'downstream': 30, 'upstream': 92, 'synweight': 122}, 'VNC': {'post': 17168, 'pre': 58, 'downstream': 191, 'upstream': 17168, 'synweight': 17359}}",800578.0,0.4291631579399109,58,,,hl,11226.0,Fe reductor MN,,17359,,,,12113.0,12113.0,,vnc_motor,unclear,,,,,,24B.25B,,,,296,,,unclear,0.2558383047580719,T3,,MetaLN,unclear,R,"['ANm', 'HTct(UTct-T3)(R)', 'LegNp(T3)(R)', 'MetaLN(R)', 'VNC']","['LegNp(T3)(R)', 'MetaLN(R)', 'VNC']"
12628,DNpe042(CL262)_R,DNpe042,2312,17140,14066,17140,4184433006,Traced,Roughly traced,"[36385, 23949, 37264]","{'AMMC(R)': {'post': 50, 'pre': 2, 'downstream': 15, 'upstream': 50, 'synweight': 65}, 'AVLP(L)': {'post': 23, 'upstream': 23, 'synweight': 23}, 'AVLP(R)': {'post': 1954, 'pre': 49, 'downstream': 273, 'upstream': 1954, 'synweight': 2227}, 'CAN(L)': {'post': 30, 'pre': 113, 'downstream': 845, 'upstream': 30, 'synweight': 875}, 'CAN(R)': {'post': 171, 'pre': 10, 'downstream': 57, 'upstream': 171, 'synweight': 228}, 'CV': {'post': 21, 'upstream': 21, 'synweight': 21}, 'CV-unspecified': {'post': 21, 'upstream': 21, 'synweight': 21}, 'CentralBrain': {'post': 16657, 'pre': 1561, 'downstream': 9687, 'upstream': 16657, 'synweight': 26344}, 'CentralBrain-unspecified': {'post': 619, 'pre': 109, 'downstream': 718, 'upstream': 619, 'synweight': 1337}, 'EPA(L)': {'post': 61, 'pre': 6, 'downstream': 17, 'upstream': 61, 'synweight': 78}, 'EPA(R)': {'post': 67, 'pre': 6, 'downstream': 19, 'upstream': 67, 'synweight': 86}, 'FLA(L)': {'post': 5, 'pre': 20, 'downstream': 121, 'upstream': 5, 'synweight': 126}, 'FLA(R)': {'post': 1004, 'pre': 49, 'downstream': 278, 'upstream': 1004, 'synweight': 1282}, 'GNG': {'post': 794, 'pre': 68, 'downstream': 422, 'upstream': 794, 'synweight': 1216}, 'GOR(L)': {'post': 477, 'pre': 45, 'downstream': 195, 'upstream': 477, 'synweight': 672}, 'GOR(R)': {'post': 606, 'pre': 105, 'downstream': 491, 'upstream': 606, 'synweight': 1097}, 'IB': {'post': 1122, 'pre': 49, 'downstream': 279, 'upstream': 1122, 'synweight': 1401}, 'ICL(L)': {'post': 1573, 'pre': 73, 'downstream': 410, 'upstream': 1573, 'synweight': 1983}, 'ICL(R)': {'post': 1934, 'pre': 134, 'downstream': 756, 'upstream': 1934, 'synweight': 2690}, 'IntTct': {'post': 11, 'pre': 17, 'downstream': 106, 'upstream': 11, 'synweight': 117}, 'LTct': {'post': 363, 'pre': 647, 'downstream': 3773, 'upstream': 363, 'synweight': 4136}, 'LegNp(T1)(L)': {'post': 5, 'pre': 15, 'downstream': 91, 'upstream': 5, 'synweight': 96}, 'Ov(L)': {'post': 79, 'pre': 72, 'downstream': 409, 'upstream': 79, 'synweight': 488}, 'PED(R)': {'post': 35, 'upstream': 35, 'synweight': 35}, 'PLP(L)': {'post': 89, 'pre': 1, 'downstream': 8, 'upstream': 89, 'synweight': 97}, 'PLP(R)': {'post': 308, 'pre': 11, 'downstream': 69, 'upstream': 308, 'synweight': 377}, 'PVLP(L)': {'post': 90, 'pre': 3, 'downstream': 11, 'upstream': 90, 'synweight': 101}, 'PVLP(R)': {'post': 1145, 'pre': 62, 'downstream': 245, 'upstream': 1145, 'synweight': 1390}, 'SAD': {'post': 645, 'pre': 130, 'downstream': 869, 'upstream': 645, 'synweight': 1514}, 'SCL(L)': {'post': 77, 'pre': 3, 'downstream': 20, 'upstream': 77, 'synweight': 97}, 'SCL(R)': {'post': 657, 'pre': 29, 'downstream': 163, 'upstream': 657, 'synweight': 820}, 'SLP(R)': {'post': 42, 'upstream': 42, 'synweight': 42}, 'SMP(R)': {'post': 74, 'upstream': 74, 'synweight': 74}, 'SPS(L)': {'post': 64, 'pre': 70, 'downstream': 533, 'upstream': 64, 'synweight': 597}, 'SPS(R)': {'post': 248, 'pre': 7, 'downstream': 51, 'upstream': 248, 'synweight': 299}, 'VES(L)': {'post': 563, 'pre': 308, 'downstream': 2261, 'upstream': 563, 'synweight': 2824}, 'VES(R)': {'post': 2034, 'pre': 92, 'downstream': 539, 'upstream': 2034, 'synweight': 2573}, 'VNC': {'post': 462, 'pre': 751, 'downstream': 4379, 'upstream': 462, 'synweight': 4841}, 'VNC-unspecified': {'post': 4, 'upstream': 4, 'synweight': 4}, 'WED(R)': {'post': 96, 'pre': 7, 'downstream': 22, 'upstream': 96, 'synweight': 118}}",10091.0,0.9531480669975281,2312,,,lt,,DNlt011,DNpe042,31206,,putative_primary,,21069.0,21069.0,,descending_neuron,acetylcholine,,CL262,,,early,,,,,4788,,,acetylcholine,0.9500892758369446,,,,acetylcholine,R,"['AMMC(R)', 'AVLP(L)', 'AVLP(R)', 'CAN(L)', 'CAN(R)', 'CV', 'CV-unspecified', 'CentralBrain', 'CentralBrain-unspecified', 'EPA(L)', 'EPA(R)', 'FLA(L)', 'FLA(R)', 'GNG', 'GOR(L)', 'GOR(R)', 'IB', 'ICL(L)', 'ICL(R)', 'IntTct', 'LTct', 'LegNp(T1)(L)', 'Ov(L)', 'PED(R)', 'PLP(L)', 'PLP(R)', 'PVLP(L)', 'PVLP(R)', 'SAD', 'SCL(L)', 'SCL(R)', 'SLP(R)', 'SMP(R)', 'SPS(L)', 'SPS(R)', 'VES(L)', 'VES(R)', 'VNC', 'VNC-unspecified', 'WED(R)']","['AMMC(R)', 'AVLP(R)', 'CAN(L)', 'CAN(R)', 'CentralBrain', 'CentralBrain-unspecified', 'EPA(L)', 'EPA(R)', 'FLA(L)', 'FLA(R)', 'GNG', 'GOR(L)', 'GOR(R)', 'IB', 'ICL(L)', 'ICL(R)', 'IntTct', 'LTct', 'LegNp(T1)(L)', 'Ov(L)', 'PLP(L)', 'PLP(R)', 'PVLP(L)', 'PVLP(R)', 'SAD', 'SCL(L)', 'SCL(R)', 'SPS(L)', 'SPS(R)', 'VES(L)', 'VES(R)', 'VNC', 'WED(R)']"
800743,ps1 MN_R,ps1 MN,39,17083,123,17083,10092260200,Traced,Reviewed,"[44692, 62339, 104580]","{'ADMN(R)': {'post': 13, 'upstream': 13, 'synweight': 13}, 'DMetaN(R)': {'post': 11, 'upstream': 11, 'synweight': 11}, 'HTct(UTct-T3)(R)': {'post': 194, 'upstream': 194, 'synweight': 194}, 'IntTct': {'post': 508, 'pre': 1, 'downstream': 4, 'upstream': 508, 'synweight': 512}, 'LTct': {'post': 90, 'upstream': 90, 'synweight': 90}, 'LegNp(T2)(R)': {'post': 462, 'pre': 1, 'downstream': 1, 'upstream': 462, 'synweight': 463}, 'MesoAN(R)': {'post': 23, 'pre': 9, 'downstream': 49, 'upstream': 23, 'synweight': 72}, 'NTct(UTct-T1)(L)': {'post': 92, 'upstream': 92, 'synweight': 92}, 'NTct(UTct-T1)(R)': {'post': 42, 'upstream': 42, 'synweight': 42}, 'VNC': {'post': 17083, 'pre': 39, 'downstream': 123, 'upstream': 17083, 'synweight': 17206}, 'VNC-unspecified': {'post': 1037, 'pre': 9, 'downstream': 18, 'upstream': 1037, 'synweight': 1055}, 'WTct(UTct-T2)(L)': {'post': 3152, 'pre': 2, 'downstream': 4, 'upstream': 3152, 'synweight': 3156}, 'WTct(UTct-T2)(R)': {'post': 11459, 'pre': 17, 'downstream': 47, 'upstream': 11459, 'synweight': 11506}}",800743.0,0.4648503363132477,39,,,wm,,ps1 MN,,17206,,,,10204.0,10204.0,,vnc_motor,unclear,,,,,early,06A,,,,96,fru_high,,unclear,0.5514245629310608,T2,,MesoAN,unclear,R,"['ADMN(R)', 'DMetaN(R)', 'HTct(UTct-T3)(R)', 'IntTct', 'LTct', 'LegNp(T2)(R)', 'MesoAN(R)', 'NTct(UTct-T1)(L)', 'NTct(UTct-T1)(R)', 'VNC', 'VNC-unspecified', 'WTct(UTct-T2)(L)', 'WTct(UTct-T2)(R)']","['IntTct', 'LegNp(T2)(R)', 'MesoAN(R)', 'VNC', 'VNC-unspecified', 'WTct(UTct-T2)(L)', 'WTct(UTct-T2)(R)']"
800606,MNwm35_L,MNwm35,19,17066,61,17066,9640427045,Traced,Reviewed,"[60971, 60108, 105309]","{'ADMN(L)': {'post': 6, 'upstream': 6, 'synweight': 6}, 'ANm': {'post': 151, 'upstream': 151, 'synweight': 151}, 'DMetaN(L)': {'post': 31, 'upstream': 31, 'synweight': 31}, 'HTct(UTct-T3)(L)': {'post': 868, 'pre': 1, 'downstream': 2, 'upstream': 868, 'synweight': 870}, 'IntTct': {'post': 1744, 'pre': 1, 'downstream': 5, 'upstream': 1744, 'synweight': 1749}, 'LTct': {'post': 67, 'upstream': 67, 'synweight': 67}, 'LegNp(T2)(L)': {'post': 248, 'upstream': 248, 'synweight': 248}, 'MesoAN(L)': {'post': 4, 'pre': 3, 'downstream': 15, 'upstream': 4, 'synweight': 19}, 'NTct(UTct-T1)(L)': {'post': 122, 'upstream': 122, 'synweight': 122}, 'Ov(L)': {'post': 177, 'upstream': 177, 'synweight': 177}, 'VNC': {'post': 17066, 'pre': 19, 'downstream': 61, 'upstream': 17066, 'synweight': 17127}, 'VNC-unspecified': {'post': 1087, 'pre': 1, 'downstream': 1, 'upstream': 1087, 'synweight': 1088}, 'WTct(UTct-T2)(L)': {'post': 12561, 'pre': 13, 'downstream': 38, 'upstream': 12561, 'synweight': 12599}}",800190.0,0.6810027360916138,19,,,wm,,MNwm35,,17127,,,,11991.0,13665.0,,vnc_motor,unclear,,,,,,03B,,,,43,,,unclear,0.5659900307655334,T2,,MesoAN,unclear,L,"['ADMN(L)', 'ANm', 'DMetaN(L)', 'HTct(UTct-T3)(L)', 'IntTct', 'LTct', 'LegNp(T2)(L)', 'MesoAN(L)', 'NTct(UTct-T1)(L)', 'Ov(L)', 'VNC', 'VNC-unspecified', 'WTct(UTct-T2)(L)']","['HTct(UTct-T3)(L)', 'IntTct', 'MesoAN(L)', 'VNC', 'VNC-unspecified', 'WTct(UTct-T2)(L)']"
800917,hg1 MN_R,hg1 MN,42,16980,109,16980,21576341048,Traced,Roughly traced,"[37246, 59400, 85213]","{'ADMN(R)': {'post': 181, 'pre': 2, 'downstream': 10, 'upstream': 181, 'synweight': 191}, 'DMetaN(R)': {'post': 45, 'upstream': 45, 'synweight': 45}, 'HTct(UTct-T3)(R)': {'post': 744, 'upstream': 744, 'synweight': 744}, 'IntTct': {'post': 2026, 'pre': 4, 'downstream': 10, 'upstream': 2026, 'synweight': 2036}, 'LTct': {'post': 76, 'pre': 1, 'downstream': 2, 'upstream': 76, 'synweight': 78}, 'LegNp(T2)(R)': {'post': 46, 'pre': 4, 'downstream': 13, 'upstream': 46, 'synweight': 59}, 'NTct(UTct-T1)(R)': {'post': 738, 'pre': 1, 'downstream': 4, 'upstream': 738, 'synweight': 742}, 'Ov(R)': {'post': 4, 'upstream': 4, 'synweight': 4}, 'VNC': {'post': 16980, 'pre': 42, 'downstream': 109, 'upstream': 16980, 'synweight': 17089}, 'VNC-unspecified': {'post': 440, 'pre': 5, 'downstream': 11, 'upstream': 440, 'synweight': 451}, 'WTct(UTct-T2)(L)': {'post': 3, 'upstream': 3, 'synweight': 3}, 'WTct(UTct-T2)(R)': {'post': 12677, 'pre': 25, 'downstream': 59, 'upstream': 12677, 'synweight': 12736}}",800241.0,0.7130923867225647,42,sexually dimorphic,,wm,10011.0,hg1 MN,,17089,,,,10011.0,10011.0,,vnc_motor,acetylcholine,,,,,early,16B,,extensive branching mcns,,104,fru_high,,unclear,0.6277479529380798,T2,800241.0,ADMN,acetylcholine,R,"['ADMN(R)', 'DMetaN(R)', 'HTct(UTct-T3)(R)', 'IntTct', 'LTct', 'LegNp(T2)(R)', 'NTct(UTct-T1)(R)', 'Ov(R)', 'VNC', 'VNC-unspecified', 'WTct(UTct-T2)(L)', 'WTct(UTct-T2)(R)']","['ADMN(R)', 'IntTct', 'LTct', 'LegNp(T2)(R)', 'NTct(UTct-T1)(R)', 'VNC', 'VNC-unspecified', 'WTct(UTct-T2)(R)']"
256420,DNge050_R,DNge050,3484,16978,26150,16978,11945425031,Traced,Prelim Roughly traced,"[35810, 40592, 27210]","{'AMMC(L)': {'post': 82, 'upstream': 82, 'synweight': 82}, 'AMMC(R)': {'post': 189, 'upstream': 189, 'synweight': 189}, 'ANm': {'post': 8, 'pre': 104, 'downstream': 578, 'upstream': 8, 'synweight': 586}, 'CAN(L)': {'post': 135, 'upstream': 135, 'synweight': 135}, 'CAN(R)': {'post': 227, 'pre': 3, 'downstream': 6, 'upstream': 227, 'synweight': 233}, 'CV': {'post': 31, 'pre': 31, 'downstream': 114, 'upstream': 31, 'synweight': 145}, 'CV-unspecified': {'post': 31, 'pre': 31, 'downstream': 114, 'upstream': 31, 'synweight': 145}, 'CentralBrain': {'post': 16734, 'pre': 683, 'downstream': 5305, 'upstream': 16734, 'synweight': 22039}, 'CentralBrain-unspecified': {'post': 505, 'pre': 58, 'downstream': 423, 'upstream': 505, 'synweight': 928}, 'FLA(L)': {'post': 454, 'upstream': 454, 'synweight': 454}, 'FLA(R)': {'post': 476, 'upstream': 476, 'synweight': 476}, 'GNG': {'post': 9836, 'pre': 591, 'downstream': 4706, 'upstream': 9836, 'synweight': 14542}, 'GOR(R)': {'post': 23, 'upstream': 23, 'synweight': 23}, 'HTct(UTct-T3)(L)': {'post': 2, 'pre': 20, 'downstream': 149, 'upstream': 2, 'synweight': 151}, 'IPS(L)': {'post': 40, 'pre': 12, 'downstream': 70, 'upstream': 40, 'synweight': 110}, 'LAL(L)': {'post': 1, 'upstream': 1, 'synweight': 1}, 'LTct': {'pre': 20, 'downstream': 169, 'synweight': 169}, 'LegNp(T1)(L)': {'post': 52, 'pre': 900, 'downstream': 6801, 'upstream': 52, 'synweight': 6853}, 'LegNp(T2)(L)': {'post': 42, 'pre': 737, 'downstream': 5692, 'upstream': 42, 'synweight': 5734}, 'LegNp(T3)(L)': {'post': 84, 'pre': 821, 'downstream': 6183, 'upstream': 84, 'synweight': 6267}, 'NTct(UTct-T1)(L)': {'post': 4, 'pre': 34, 'downstream': 268, 'upstream': 4, 'synweight': 272}, 'Ov(L)': {'pre': 30, 'downstream': 245, 'synweight': 245}, 'SAD': {'post': 2178, 'pre': 7, 'downstream': 47, 'upstream': 2178, 'synweight': 2225}, 'VES(L)': {'post': 1104, 'pre': 2, 'downstream': 9, 'upstream': 1104, 'synweight': 1113}, 'VES(R)': {'post': 1476, 'pre': 10, 'downstream': 44, 'upstream': 1476, 'synweight': 1520}, 'VNC': {'post': 213, 'pre': 2770, 'downstream': 20731, 'upstream': 213, 'synweight': 20944}, 'VNC-unspecified': {'post': 16, 'pre': 81, 'downstream': 513, 'upstream': 16, 'synweight': 529}, 'WED(R)': {'post': 8, 'upstream': 8, 'synweight': 8}, 'WTct(UTct-T2)(L)': {'post': 5, 'pre': 23, 'downstream': 133, 'upstream': 5, 'synweight': 138}}",10301.0,0.9584037065505981,3484,,,xl,,DNxl049,DNge050,43128,,putative_primary,Sapkal 2024: BDN4,10279.0,10279.0,,descending_neuron,acetylcholine,,,,,early,,,,,6905,,,acetylcholine,0.9582678079605103,,,,acetylcholine,R,"['AMMC(L)', 'AMMC(R)', 'ANm', 'CAN(L)', 'CAN(R)', 'CV', 'CV-unspecified', 'CentralBrain', 'CentralBrain-unspecified', 'FLA(L)', 'FLA(R)', 'GNG', 'GOR(R)', 'HTct(UTct-T3)(L)', 'IPS(L)', 'LAL(L)', 'LegNp(T1)(L)', 'LegNp(T2)(L)', 'LegNp(T3)(L)', 'NTct(UTct-T1)(L)', 'SAD', 'VES(L)', 'VES(R)', 'VNC', 'VNC-unspecified', 'WED(R)', 'WTct(UTct-T2)(L)']","['ANm', 'CAN(R)', 'CV', 'CV-unspecified', 'CentralBrain', 'CentralBrain-unspecified', 'GNG', 'HTct(UTct-T3)(L)', 'IPS(L)', 'LTct', 'LegNp(T1)(L)', 'LegNp(T2)(L)', 'LegNp(T3)(L)', 'NTct(UTct-T1)(L)', 'Ov(L)', 'SAD', 'VES(L)', 'VES(R)', 'VNC', 'VNC-unspecified', 'WTct(UTct-T2)(L)']"
800928,ps1 MN_L,ps1 MN,57,16810,209,16810,10461842736,Traced,Reviewed,"[56407, 62345, 104627]","{'DMetaN(L)': {'post': 25, 'upstream': 25, 'synweight': 25}, 'HTct(UTct-T3)(L)': {'post': 94, 'upstream': 94, 'synweight': 94}, 'IntTct': {'post': 533, 'upstream': 533, 'synweight': 533}, 'LTct': {'post': 22, 'upstream': 22, 'synweight': 22}, 'LegNp(T2)(L)': {'post': 297, 'pre': 2, 'downstream': 3, 'upstream': 297, 'synweight': 300}, 'MesoAN(L)': {'post': 24, 'pre': 35, 'downstream': 144, 'upstream': 24, 'synweight': 168}, 'NTct(UTct-T1)(L)': {'post': 33, 'upstream': 33, 'synweight': 33}, 'NTct(UTct-T1)(R)': {'post': 3, 'upstream': 3, 'synweight': 3}, 'VNC': {'post': 16810, 'pre': 57, 'downstream': 209, 'upstream': 16810, 'synweight': 17019}, 'VNC-unspecified': {'post': 605, 'pre': 6, 'downstream': 27, 'upstream': 605, 'synweight': 632}, 'WTct(UTct-T2)(L)': {'post': 11562, 'pre': 12, 'downstream': 30, 'upstream': 11562, 'synweight': 11592}, 'WTct(UTct-T2)(R)': {'post': 3612, 'pre': 2, 'downstream': 5, 'upstream': 3612, 'synweight': 3617}}",800743.0,0.4648503363132477,57,,,wm,,ps1 MN,,17019,,,,10958.0,10204.0,,vnc_motor,unclear,,,,,early,06A,,,,96,fru_high,,histamine,0.5534250736236572,T2,,MesoAN,unclear,L,"['DMetaN(L)', 'HTct(UTct-T3)(L)', 'IntTct', 'LTct', 'LegNp(T2)(L)', 'MesoAN(L)', 'NTct(UTct-T1)(L)', 'NTct(UTct-T1)(R)', 'VNC', 'VNC-unspecified', 'WTct(UTct-T2)(L)', 'WTct(UTct-T2)(R)']","['LegNp(T2)(L)', 'MesoAN(L)', 'VNC', 'VNC-unspecified', 'WTct(UTct-T2)(L)', 'WTct(UTct-T2)(R)']"
10975,DNa03_R,DNa03,2215,16796,16406,16796,4283814144,Traced,Prelim Roughly traced,"[35045, 19452, 14335]","{'AL(R)': {'post': 1, 'upstream': 1, 'synweight': 1}, 'CRE(R)': {'post': 133, 'pre': 14, 'downstream': 113, 'upstream': 133, 'synweight': 246}, 'CV': {'post': 2, 'pre': 1, 'downstream': 5, 'upstream': 2, 'synweight': 7}, 'CV-unspecified': {'post': 2, 'pre': 1, 'downstream': 5, 'upstream': 2, 'synweight': 7}, 'CentralBrain': {'post': 16764, 'pre': 1996, 'downstream': 14853, 'upstream': 16764, 'synweight': 31617}, 'CentralBrain-unspecified': {'post': 270, 'pre': 23, 'downstream': 120, 'upstream': 270, 'synweight': 390}, 'EPA(R)': {'post': 120, 'pre': 9, 'downstream': 58, 'upstream': 120, 'synweight': 178}, 'GA(R)': {'post': 10, 'upstream': 10, 'synweight': 10}, 'GNG': {'post': 31, 'pre': 135, 'downstream': 1249, 'upstream': 31, 'synweight': 1280}, 'IPS(R)': {'post': 958, 'pre': 495, 'downstream': 4179, 'upstream': 958, 'synweight': 5137}, 'IntTct': {'post': 30, 'pre': 213, 'downstream': 1523, 'upstream': 30, 'synweight': 1553}, 'LAL(R)': {'post': 11982, 'pre': 696, 'downstream': 4620, 'upstream': 11982, 'synweight': 16602}, 'NTct(UTct-T1)(R)': {'pre': 4, 'downstream': 23, 'synweight': 23}, 'SPS(R)': {'post': 1188, 'pre': 338, 'downstream': 2640, 'upstream': 1188, 'synweight': 3828}, 'VES(R)': {'post': 1883, 'pre': 271, 'downstream': 1782, 'upstream': 1883, 'synweight': 3665}, 'VNC': {'post': 30, 'pre': 218, 'downstream': 1548, 'upstream': 30, 'synweight': 1578}, 'VNC-unspecified': {'pre': 1, 'downstream': 2, 'synweight': 2}, 'WED(R)': {'post': 188, 'pre': 15, 'downstream': 92, 'upstream': 188, 'synweight': 280}}",10975.0,0.9574841260910034,2215,,,it,,DNa03,DNa03,33202,,WEDd1,,26462.0,25683.0,,descending_neuron,acetylcholine,,DNa03,10360,,,,,,,4582,,,acetylcholine,0.9595351815223694,,,,acetylcholine,R,"['AL(R)', 'CRE(R)', 'CV', 'CV-unspecified', 'CentralBrain', 'CentralBrain-unspecified', 'EPA(R)', 'GA(R)', 'GNG', 'IPS(R)', 'IntTct', 'LAL(R)', 'SPS(R)', 'VES(R)', 'VNC', 'WED(R)']","['CRE(R)', 'CV', 'CV-unspecified', 'CentralBrain', 'CentralBrain-unspecified', 'EPA(R)', 'GNG', 'IPS(R)', 'IntTct', 'LAL(R)', 'NTct(UTct-T1)(R)', 'SPS(R)', 'VES(R)', 'VNC', 'VNC-unspecified', 'WED(R)']"
10274,DNg108_L,DNg108,5617,16786,35334,16786,16470840071,Traced,Prelim Roughly traced,"[51107, 45659, 34122]","{'AMMC(L)': {'post': 286, 'pre': 8, 'downstream': 41, 'upstream': 286, 'synweight': 327}, 'AMMC(R)': {'post': 210, 'pre': 1, 'downstream': 3, 'upstream': 210, 'synweight': 213}, 'ANm': {'post': 19, 'pre': 155, 'downstream': 1044, 'upstream': 19, 'synweight': 1063}, 'CV': {'post': 90, 'pre': 59, 'downstream': 233, 'upstream': 90, 'synweight': 323}, 'CV-unspecified': {'post': 90, 'pre': 59, 'downstream': 233, 'upstream': 90, 'synweight': 323}, 'CentralBrain': {'post': 16135, 'pre': 1763, 'downstream': 11120, 'upstream': 16135, 'synweight': 27255}, 'CentralBrain-unspecified': {'post': 1375, 'pre': 152, 'downstream': 896, 'upstream': 1375, 'synweight': 2271}, 'FLA(L)': {'post': 158, 'pre': 3, 'downstream': 15, 'upstream': 158, 'synweight': 173}, 'FLA(R)': {'post': 91, 'upstream': 91, 'synweight': 91}, 'GNG': {'post': 7674, 'pre': 1365, 'downstream': 8640, 'upstream': 7674, 'synweight': 16314}, 'IPS(R)': {'post': 15, 'pre': 91, 'downstream': 599, 'upstream': 15, 'synweight': 614}, 'LTct': {'post': 16, 'pre': 161, 'downstream': 1209, 'upstream': 16, 'synweight': 1225}, 'LegNp(T1)(R)': {'post': 192, 'pre': 1301, 'downstream': 8035, 'upstream': 192, 'synweight': 8227}, 'LegNp(T2)(R)': {'post': 101, 'pre': 781, 'downstream': 4822, 'upstream': 101, 'synweight': 4923}, 'LegNp(T3)(R)': {'post': 145, 'pre': 943, 'downstream': 5974, 'upstream': 145, 'synweight': 6119}, 'MesoAN(R)': {'pre': 12, 'downstream': 62, 'synweight': 62}, 'NTct(UTct-T1)(R)': {'post': 1, 'pre': 11, 'downstream': 79, 'upstream': 1, 'synweight': 80}, 'SAD': {'post': 6319, 'pre': 143, 'downstream': 926, 'upstream': 6319, 'synweight': 7245}, 'VNC': {'post': 561, 'pre': 3795, 'downstream': 23981, 'upstream': 561, 'synweight': 24542}, 'VNC-unspecified': {'post': 68, 'pre': 211, 'downstream': 1334, 'upstream': 68, 'synweight': 1402}, 'WED(L)': {'post': 7, 'upstream': 7, 'synweight': 7}, 'WTct(UTct-T2)(R)': {'post': 19, 'pre': 220, 'downstream': 1422, 'upstream': 19, 'synweight': 1441}}",10274.0,0.8625618815422058,5617,,,xl,,DNg108,DNg108,52120,,putative_primary,,10240.0,10058.0,,descending_neuron,gaba,,,,,early,,,,,11395,,,gaba,0.8690902590751648,GNG,,,gaba,L,"['AMMC(L)', 'AMMC(R)', 'ANm', 'CV', 'CV-unspecified', 'CentralBrain', 'CentralBrain-unspecified', 'FLA(L)', 'FLA(R)', 'GNG', 'IPS(R)', 'LTct', 'LegNp(T1)(R)', 'LegNp(T2)(R)', 'LegNp(T3)(R)', 'NTct(UTct-T1)(R)', 'SAD', 'VNC', 'VNC-unspecified', 'WED(L)', 'WTct(UTct-T2)(R)']","['AMMC(L)', 'AMMC(R)', 'ANm', 'CV', 'CV-unspecified', 'CentralBrain', 'CentralBrain-unspecified', 'FLA(L)', 'GNG', 'IPS(R)', 'LTct', 'LegNp(T1)(R)', 'LegNp(T2)(R)', 'LegNp(T3)(R)', 'MesoAN(R)', 'NTct(UTct-T1)(R)', 'SAD', 'VNC', 'VNC-unspecified', 'WTct(UTct-T2)(R)']"
800319,INXXX027_R,INXXX027,1270,16709,7210,16709,3327715485,Traced,Reviewed,"[45258, 49376, 129356]","{'ANm': {'post': 6135, 'pre': 278, 'downstream': 1645, 'upstream': 6135, 'synweight': 7780}, 'LTct': {'post': 46, 'pre': 18, 'downstream': 94, 'upstream': 46, 'synweight': 140}, 'LegNp(T1)(L)': {'post': 95, 'pre': 78, 'downstream': 430, 'upstream': 95, 'synweight': 525}, 'LegNp(T2)(L)': {'post': 2306, 'pre': 66, 'downstream': 351, 'upstream': 2306, 'synweight': 2657}, 'LegNp(T3)(L)': {'post': 4915, 'pre': 226, 'downstream': 1378, 'upstream': 4915, 'synweight': 6293}, 'Ov(L)': {'post': 2766, 'pre': 416, 'downstream': 2243, 'upstream': 2766, 'synweight': 5009}, 'VNC': {'post': 16709, 'pre': 1270, 'downstream': 7210, 'upstream': 16709, 'synweight': 23919}, 'VNC-unspecified': {'post': 278, 'pre': 86, 'downstream': 493, 'upstream': 278, 'synweight': 771}, 'mVAC(T2)(L)': {'post': 150, 'pre': 94, 'downstream': 532, 'upstream': 150, 'synweight': 682}, 'mVAC(T3)(L)': {'post': 18, 'pre': 8, 'downstream': 44, 'upstream': 18, 'synweight': 62}}",800319.0,0.9600316882133484,1270,,,BI,10149.0,INXXX027,,23919,,,,10808.0,10631.0,,vnc_intrinsic,acetylcholine,,,,,early,TBD,,,,4849,,vnc convergent,acetylcholine,0.9599313735961914,A8,12868.0,,acetylcholine,R,"['ANm', 'LTct', 'LegNp(T1)(L)', 'LegNp(T2)(L)', 'LegNp(T3)(L)', 'Ov(L)', 'VNC', 'VNC-unspecified', 'mVAC(T2)(L)', 'mVAC(T3)(L)']","['ANm', 'LTct', 'LegNp(T1)(L)', 'LegNp(T2)(L)', 'LegNp(T3)(L)', 'Ov(L)', 'VNC', 'VNC-unspecified', 'mVAC(T2)(L)', 'mVAC(T3)(L)']"
800847,hg4 MN_L,hg4 MN,28,16644,74,16644,9354780773,Traced,Reviewed,"[56310, 54485, 103013]","{'ADMN(L)': {'post': 27, 'upstream': 27, 'synweight': 27}, 'ANm': {'post': 243, 'upstream': 243, 'synweight': 243}, 'DMetaN(L)': {'post': 144, 'upstream': 144, 'synweight': 144}, 'HTct(UTct-T3)(L)': {'post': 1550, 'upstream': 1550, 'synweight': 1550}, 'IntTct': {'post': 1581, 'pre': 2, 'downstream': 11, 'upstream': 1581, 'synweight': 1592}, 'LTct': {'post': 60, 'upstream': 60, 'synweight': 60}, 'LegNp(T1)(L)': {'post': 11, 'upstream': 11, 'synweight': 11}, 'LegNp(T2)(L)': {'post': 341, 'pre': 1, 'downstream': 2, 'upstream': 341, 'synweight': 343}, 'LegNp(T3)(L)': {'post': 10, 'upstream': 10, 'synweight': 10}, 'MesoAN(L)': {'post': 9, 'pre': 2, 'downstream': 3, 'upstream': 9, 'synweight': 12}, 'NTct(UTct-T1)(L)': {'post': 1272, 'pre': 1, 'downstream': 4, 'upstream': 1272, 'synweight': 1276}, 'Ov(L)': {'post': 171, 'upstream': 171, 'synweight': 171}, 'VNC': {'post': 16644, 'pre': 28, 'downstream': 74, 'upstream': 16644, 'synweight': 16718}, 'VNC-unspecified': {'post': 1203, 'pre': 3, 'downstream': 11, 'upstream': 1203, 'synweight': 1214}, 'WTct(UTct-T2)(L)': {'post': 9995, 'pre': 19, 'downstream': 43, 'upstream': 9995, 'synweight': 10038}, 'WTct(UTct-T2)(R)': {'post': 27, 'upstream': 27, 'synweight': 27}}",800847.0,0.5320800542831421,28,,,wm,,hg4 MN,,16718,,,,10200.0,10200.0,,vnc_motor,unclear,,,,,early,03B,,,,68,,,unclear,0.5241791009902954,T2,,MesoAN,unclear,L,"['ADMN(L)', 'ANm', 'DMetaN(L)', 'HTct(UTct-T3)(L)', 'IntTct', 'LTct', 'LegNp(T1)(L)', 'LegNp(T2)(L)', 'LegNp(T3)(L)', 'MesoAN(L)', 'NTct(UTct-T1)(L)', 'Ov(L)', 'VNC', 'VNC-unspecified', 'WTct(UTct-T2)(L)', 'WTct(UTct-T2)(R)']","['IntTct', 'LegNp(T2)(L)', 'MesoAN(L)', 'NTct(UTct-T1)(L)', 'VNC', 'VNC-unspecified', 'WTct(UTct-T2)(L)']"
800040,IN05B002_R,IN05B002,5071,16561,22551,16561,6493146157,Traced,Reviewed,"[37669, 55735, 82011]","{'ADMN(L)': {'post': 4, 'upstream': 4, 'synweight': 4}, 'ADMN(R)': {'post': 5, 'pre': 2, 'downstream': 9, 'upstream': 5, 'synweight': 14}, 'ANm': {'post': 105, 'pre': 86, 'downstream': 443, 'upstream': 105, 'synweight': 548}, 'LTct': {'post': 53, 'pre': 31, 'downstream': 135, 'upstream': 53, 'synweight': 188}, 'LegNp(T1)(L)': {'post': 1497, 'pre': 472, 'downstream': 1986, 'upstream': 1497, 'synweight': 3483}, 'LegNp(T1)(R)': {'post': 1824, 'pre': 650, 'downstream': 2604, 'upstream': 1824, 'synweight': 4428}, 'LegNp(T2)(L)': {'post': 1676, 'pre': 437, 'downstream': 1972, 'upstream': 1676, 'synweight': 3648}, 'LegNp(T2)(R)': {'post': 2397, 'pre': 717, 'downstream': 3256, 'upstream': 2397, 'synweight': 5653}, 'LegNp(T3)(L)': {'post': 1222, 'pre': 392, 'downstream': 1833, 'upstream': 1222, 'synweight': 3055}, 'LegNp(T3)(R)': {'post': 1566, 'pre': 535, 'downstream': 2545, 'upstream': 1566, 'synweight': 4111}, 'Ov(L)': {'post': 2555, 'pre': 730, 'downstream': 3190, 'upstream': 2555, 'synweight': 5745}, 'Ov(R)': {'post': 3239, 'pre': 895, 'downstream': 3994, 'upstream': 3239, 'synweight': 7233}, 'ProLN(L)': {'post': 11, 'pre': 8, 'downstream': 39, 'upstream': 11, 'synweight': 50}, 'VNC': {'post': 16561, 'pre': 5071, 'downstream': 22551, 'upstream': 16561, 'synweight': 39112}, 'VNC-unspecified': {'post': 250, 'pre': 54, 'downstream': 274, 'upstream': 250, 'synweight': 524}, 'mVAC(T1)(L)': {'post': 97, 'pre': 30, 'downstream': 132, 'upstream': 97, 'synweight': 229}, 'mVAC(T1)(R)': {'post': 41, 'pre': 15, 'downstream': 57, 'upstream': 41, 'synweight': 98}, 'mVAC(T2)(R)': {'post': 19, 'pre': 17, 'downstream': 82, 'upstream': 19, 'synweight': 101}}",800035.0,0.8808169960975647,5071,,,BI,,IN05B002,,39112,,,,10139.0,10082.0,,vnc_intrinsic,gaba,,,,,early,05B,,,,10076,,,gaba,0.8796703219413757,T1,,,gaba,R,"['ADMN(L)', 'ADMN(R)', 'ANm', 'LTct', 'LegNp(T1)(L)', 'LegNp(T1)(R)', 'LegNp(T2)(L)', 'LegNp(T2)(R)', 'LegNp(T3)(L)', 'LegNp(T3)(R)', 'Ov(L)', 'Ov(R)', 'ProLN(L)', 'VNC', 'VNC-unspecified', 'mVAC(T1)(L)', 'mVAC(T1)(R)', 'mVAC(T2)(R)']","['ADMN(R)', 'ANm', 'LTct', 'LegNp(T1)(L)', 'LegNp(T1)(R)', 'LegNp(T2)(L)', 'LegNp(T2)(R)', 'LegNp(T3)(L)', 'LegNp(T3)(R)', 'Ov(L)', 'Ov(R)', 'ProLN(L)', 'VNC', 'VNC-unspecified', 'mVAC(T1)(L)', 'mVAC(T1)(R)', 'mVAC(T2)(R)']"
10469,DNbe001(PS103)_L,DNbe001,2251,16554,14899,16554,11929048580,Traced,Prelim Roughly traced,"[50440, 32386, 15777]","{'ADMN(L)': {'post': 4, 'pre': 5, 'downstream': 22, 'upstream': 4, 'synweight': 26}, 'ADMN(R)': {'post': 8, 'pre': 19, 'downstream': 79, 'upstream': 8, 'synweight': 87}, 'AL(L)': {'post': 1, 'upstream': 1, 'synweight': 1}, 'AMMC(L)': {'post': 1628, 'pre': 1, 'downstream': 3, 'upstream': 1628, 'synweight': 1631}, 'AMMC(R)': {'post': 1759, 'pre': 3, 'downstream': 10, 'upstream': 1759, 'synweight': 1769}, 'ANm': {'post': 68, 'pre': 223, 'downstream': 1467, 'upstream': 68, 'synweight': 1535}, 'CAN(L)': {'post': 206, 'pre': 1, 'downstream': 4, 'upstream': 206, 'synweight': 210}, 'CAN(R)': {'post': 177, 'upstream': 177, 'synweight': 177}, 'CV': {'post': 40, 'pre': 16, 'downstream': 70, 'upstream': 40, 'synweight': 110}, 'CV-unspecified': {'post': 40, 'pre': 16, 'downstream': 70, 'upstream': 40, 'synweight': 110}, 'CentralBrain': {'post': 15891, 'pre': 436, 'downstream': 3269, 'upstream': 15891, 'synweight': 19160}, 'CentralBrain-unspecified': {'post': 489, 'pre': 44, 'downstream': 260, 'upstream': 489, 'synweight': 749}, 'EPA(L)': {'post': 159, 'upstream': 159, 'synweight': 159}, 'FLA(L)': {'post': 5, 'upstream': 5, 'synweight': 5}, 'GNG': {'post': 774, 'pre': 300, 'downstream': 2446, 'upstream': 774, 'synweight': 3220}, 'GOR(L)': {'post': 17, 'upstream': 17, 'synweight': 17}, 'HTct(UTct-T3)(L)': {'post': 5, 'pre': 17, 'downstream': 106, 'upstream': 5, 'synweight': 111}, 'HTct(UTct-T3)(R)': {'post': 22, 'pre': 59, 'downstream': 401, 'upstream': 22, 'synweight': 423}, 'IB': {'post': 18, 'upstream': 18, 'synweight': 18}, 'ICL(L)': {'post': 82, 'pre': 1, 'upstream': 82, 'synweight': 82}, 'IPS(L)': {'post': 837, 'pre': 1, 'downstream': 15, 'upstream': 837, 'synweight': 852}, 'IPS(R)': {'post': 53, 'pre': 24, 'downstream': 201, 'upstream': 53, 'synweight': 254}, 'IntTct': {'post': 101, 'pre': 309, 'downstream': 2074, 'upstream': 101, 'synweight': 2175}, 'LTct': {'post': 8, 'pre': 15, 'downstream': 123, 'upstream': 8, 'synweight': 131}, 'LegNp(T1)(L)': {'post': 3, 'pre': 16, 'downstream': 129, 'upstream': 3, 'synweight': 132}, 'LegNp(T1)(R)': {'post': 6, 'pre': 19, 'downstream': 174, 'upstream': 6, 'synweight': 180}, 'NTct(UTct-T1)(L)': {'post': 24, 'pre': 109, 'downstream': 752, 'upstream': 24, 'synweight': 776}, 'NTct(UTct-T1)(R)': {'post': 25, 'pre': 72, 'downstream': 485, 'upstream': 25, 'synweight': 510}, 'PLP(L)': {'post': 4284, 'pre': 49, 'downstream': 293, 'upstream': 4284, 'synweight': 4577}, 'PLP(R)': {'post': 33, 'upstream': 33, 'synweight': 33}, 'PVLP(L)': {'post': 47, 'upstream': 47, 'synweight': 47}, 'SAD': {'post': 593, 'pre': 3, 'downstream': 8, 'upstream': 593, 'synweight': 601}, 'SPS(L)': {'post': 2774, 'pre': 6, 'downstream': 20, 'upstream': 2774, 'synweight': 2794}, 'SPS(R)': {'post': 356, 'pre': 1, 'downstream': 3, 'upstream': 356, 'synweight': 359}, 'VES(L)': {'post': 431, 'upstream': 431, 'synweight': 431}, 'VES(R)': {'post': 85, 'pre': 1, 'downstream': 2, 'upstream': 85, 'synweight': 87}, 'VNC': {'post': 623, 'pre': 1799, 'downstream': 11560, 'upstream': 623, 'synweight': 12183}, 'VNC-unspecified': {'post': 59, 'pre': 134, 'downstream': 861, 'upstream': 59, 'synweight': 920}, 'WED(L)': {'post': 1083, 'pre': 1, 'downstream': 4, 'upstream': 1083, 'synweight': 1087}, 'WTct(UTct-T2)(L)': {'post': 133, 'pre': 420, 'downstream': 2541, 'upstream': 133, 'synweight': 2674}, 'WTct(UTct-T2)(R)': {'post': 157, 'pre': 382, 'downstream': 2346, 'upstream': 157, 'synweight': 2503}}",10469.0,0.9498429298400879,2251,,,ut,,DNut040,DNbe001,31453,,putative_primary,,10284.0,10269.0,,descending_neuron,acetylcholine,,PS103,,,early,,,,,4420,,,acetylcholine,0.9416760802268982,,,,acetylcholine,L,"['ADMN(L)', 'ADMN(R)', 'AL(L)', 'AMMC(L)', 'AMMC(R)', 'ANm', 'CAN(L)', 'CAN(R)', 'CV', 'CV-unspecified', 'CentralBrain', 'CentralBrain-unspecified', 'EPA(L)', 'FLA(L)', 'GNG', 'GOR(L)', 'HTct(UTct-T3)(L)', 'HTct(UTct-T3)(R)', 'IB', 'ICL(L)', 'IPS(L)', 'IPS(R)', 'IntTct', 'LTct', 'LegNp(T1)(L)', 'LegNp(T1)(R)', 'NTct(UTct-T1)(L)', 'NTct(UTct-T1)(R)', 'PLP(L)', 'PLP(R)', 'PVLP(L)', 'SAD', 'SPS(L)', 'SPS(R)', 'VES(L)', 'VES(R)', 'VNC', 'VNC-unspecified', 'WED(L)', 'WTct(UTct-T2)(L)', 'WTct(UTct-T2)(R)']","['ADMN(L)', 'ADMN(R)', 'AMMC(L)', 'AMMC(R)', 'ANm', 'CAN(L)', 'CV', 'CV-unspecified', 'CentralBrain', 'CentralBrain-unspecified', 'GNG', 'HTct(UTct-T3)(L)', 'HTct(UTct-T3)(R)', 'ICL(L)', 'IPS(L)', 'IPS(R)', 'IntTct', 'LTct', 'LegNp(T1)(L)', 'LegNp(T1)(R)', 'NTct(UTct-T1)(L)', 'NTct(UTct-T1)(R)', 'PLP(L)', 'SAD', 'SPS(L)', 'SPS(R)', 'VES(R)', 'VNC', 'VNC-unspecified', 'WED(L)', 'WTct(UTct-T2)(L)', 'WTct(UTct-T2)(R)']"
17513,AN05B009_R,AN05B009,3927,16365,21940,16365,5252975689,Traced,Prelim Roughly traced,"[47183, 44000, 117635]","{'ADMN(L)': {'post': 12, 'pre': 4, 'downstream': 20, 'upstream': 12, 'synweight': 32}, 'AMMC(L)': {'post': 147, 'pre': 35, 'downstream': 197, 'upstream': 147, 'synweight': 344}, 'ANm': {'post': 15, 'pre': 2, 'downstream': 6, 'upstream': 15, 'synweight': 21}, 'CV': {'post': 2, 'pre': 6, 'downstream': 26, 'upstream': 2, 'synweight': 28}, 'CV-unspecified': {'post': 2, 'pre': 6, 'downstream': 26, 'upstream': 2, 'synweight': 28}, 'CentralBrain': {'post': 3387, 'pre': 808, 'downstream': 4823, 'upstream': 3387, 'synweight': 8210}, 'CentralBrain-unspecified': {'post': 88, 'pre': 21, 'downstream': 114, 'upstream': 88, 'synweight': 202}, 'GNG': {'post': 2752, 'pre': 631, 'downstream': 3817, 'upstream': 2752, 'synweight': 6569}, 'LegNp(T1)(L)': {'post': 1436, 'pre': 706, 'downstream': 3692, 'upstream': 1436, 'synweight': 5128}, 'LegNp(T2)(L)': {'post': 4710, 'pre': 934, 'downstream': 5431, 'upstream': 4710, 'synweight': 10141}, 'LegNp(T3)(L)': {'post': 4195, 'pre': 952, 'downstream': 5380, 'upstream': 4195, 'synweight': 9575}, 'MesoLN(L)': {'post': 4, 'upstream': 4, 'synweight': 4}, 'MetaLN(L)': {'post': 6, 'pre': 1, 'downstream': 4, 'upstream': 6, 'synweight': 10}, 'Ov(L)': {'post': 2324, 'pre': 466, 'downstream': 2354, 'upstream': 2324, 'synweight': 4678}, 'ProLN(L)': {'pre': 2, 'downstream': 3, 'synweight': 3}, 'SAD': {'post': 400, 'pre': 121, 'downstream': 695, 'upstream': 400, 'synweight': 1095}, 'VNC': {'post': 12976, 'pre': 3113, 'downstream': 17091, 'upstream': 12976, 'synweight': 30067}, 'VNC-unspecified': {'post': 261, 'pre': 44, 'downstream': 195, 'upstream': 261, 'synweight': 456}, 'WTct(UTct-T2)(L)': {'post': 11, 'pre': 2, 'downstream': 6, 'upstream': 11, 'synweight': 17}, 'mVAC(T1)(L)': {'post': 2, 'upstream': 2, 'synweight': 2}}",17513.0,0.8814850449562073,3927,,,CA,10266.0,AN05B009,AN_GNG_65,38305,,,,10874.0,10266.0,,ascending_neuron,gaba,,,,,early,05B,,,,13666,,cns tiling,gaba,0.8793061375617981,A2,17513.0,,gaba,R,"['ADMN(L)', 'AMMC(L)', 'ANm', 'CV', 'CV-unspecified', 'CentralBrain', 'CentralBrain-unspecified', 'GNG', 'LegNp(T1)(L)', 'LegNp(T2)(L)', 'LegNp(T3)(L)', 'MesoLN(L)', 'MetaLN(L)', 'Ov(L)', 'SAD', 'VNC', 'VNC-unspecified', 'WTct(UTct-T2)(L)', 'mVAC(T1)(L)']","['ADMN(L)', 'AMMC(L)', 'ANm', 'CV', 'CV-unspecified', 'CentralBrain', 'CentralBrain-unspecified', 'GNG', 'LegNp(T1)(L)', 'LegNp(T2)(L)', 'LegNp(T3)(L)', 'MetaLN(L)', 'Ov(L)', 'ProLN(L)', 'SAD', 'VNC', 'VNC-unspecified', 'WTct(UTct-T2)(L)']"
902308,IN23B009_L,IN23B009,1793,16318,12891,16318,2006545801,Traced,Reviewed,"[53190, 54414, 101148]","{'LegNp(T2)(L)': {'post': 15240, 'pre': 1632, 'downstream': 12023, 'upstream': 15240, 'synweight': 27263}, 'LegNp(T2)(R)': {'post': 852, 'pre': 157, 'downstream': 838, 'upstream': 852, 'synweight': 1690}, 'MesoLN(L)': {'post': 8, 'upstream': 8, 'synweight': 8}, 'VNC': {'post': 16318, 'pre': 1793, 'downstream': 12891, 'upstream': 16318, 'synweight': 29209}, 'VNC-unspecified': {'post': 218, 'pre': 4, 'downstream': 30, 'upstream': 218, 'synweight': 248}}",800225.0,0.9545274972915649,1793,,,BI,12339.0,IN23B009,,29209,,,,12339.0,12339.0,,vnc_intrinsic,acetylcholine,,,,,early,23B,,,,10955,,,acetylcholine,0.9679421186447144,T2,800225.0,,acetylcholine,L,"['LegNp(T2)(L)', 'LegNp(T2)(R)', 'MesoLN(L)', 'VNC', 'VNC-unspecified']","['LegNp(T2)(L)', 'LegNp(T2)(R)', 'VNC', 'VNC-unspecified']"
801148,Sternotrochanter MN_R,Sternotrochanter MN,76,16269,194,16269,4127425037,Traced,Reviewed,"[41924, 46001, 122173]","{'HTct(UTct-T3)(R)': {'post': 173, 'upstream': 173, 'synweight': 173}, 'LegNp(T3)(R)': {'post': 15874, 'pre': 69, 'downstream': 175, 'upstream': 15874, 'synweight': 16049}, 'MetaLN(R)': {'post': 215, 'pre': 7, 'downstream': 19, 'upstream': 215, 'synweight': 234}, 'VNC': {'post': 16269, 'pre': 76, 'downstream': 194, 'upstream': 16269, 'synweight': 16463}, 'VNC-unspecified': {'post': 7, 'upstream': 7, 'synweight': 7}}",800504.0,0.3491648733615875,76,,,hl,18006.0,Sternotrochanter MN,,16463,,,,152621.0,152621.0,,vnc_motor,unclear,,,,,early,17X,,,,873,,,unclear,0.2870570421218872,T3,800504.0,MetaLN,unclear,R,"['HTct(UTct-T3)(R)', 'LegNp(T3)(R)', 'MetaLN(R)', 'VNC', 'VNC-unspecified']","['LegNp(T3)(R)', 'MetaLN(R)', 'VNC']"
800225,IN23B009_R,IN23B009,1551,16059,11251,16059,1825896473,Traced,Reviewed,"[43386, 52492, 101884]","{'LegNp(T2)(R)': {'post': 15807, 'pre': 1509, 'downstream': 11039, 'upstream': 15807, 'synweight': 26846}, 'VNC': {'post': 16059, 'pre': 1551, 'downstream': 11251, 'upstream': 16059, 'synweight': 27310}, 'VNC-unspecified': {'post': 252, 'pre': 42, 'downstream': 212, 'upstream': 252, 'synweight': 464}}",800225.0,0.9545274972915649,1551,,,BI,12339.0,IN23B009,,27310,,,,12405.0,12339.0,,vnc_intrinsic,acetylcholine,,,,,early,23B,,,,10955,,,acetylcholine,0.963800847530365,T2,800225.0,,acetylcholine,R,"['LegNp(T2)(R)', 'VNC', 'VNC-unspecified']","['LegNp(T2)(R)', 'VNC', 'VNC-unspecified']"
800573,i2 MN_R,i2 MN,36,16019,89,16019,10022916713,Traced,Reviewed,"[40238, 61986, 89022]","{'ADMN(R)': {'post': 38, 'pre': 3, 'downstream': 14, 'upstream': 38, 'synweight': 52}, 'IntTct': {'post': 2744, 'pre': 9, 'downstream': 17, 'upstream': 2744, 'synweight': 2761}, 'LTct': {'post': 3126, 'pre': 2, 'downstream': 2, 'upstream': 3126, 'synweight': 3128}, 'LegNp(T2)(R)': {'post': 49, 'pre': 1, 'downstream': 7, 'upstream': 49, 'synweight': 56}, 'NTct(UTct-T1)(R)': {'post': 119, 'upstream': 119, 'synweight': 119}, 'Ov(R)': {'post': 116, 'upstream': 116, 'synweight': 116}, 'VNC': {'post': 16019, 'pre': 36, 'downstream': 89, 'upstream': 16019, 'synweight': 16108}, 'VNC-unspecified': {'post': 171, 'pre': 1, 'downstream': 1, 'upstream': 171, 'synweight': 172}, 'WTct(UTct-T2)(L)': {'post': 1058, 'upstream': 1058, 'synweight': 1058}, 'WTct(UTct-T2)(R)': {'post': 8598, 'pre': 20, 'downstream': 48, 'upstream': 8598, 'synweight': 8646}}",800381.0,0.7629684805870056,36,,,wm,,i2 MN,,16108,,,,10145.0,10145.0,,vnc_motor,acetylcholine,,,,,early,16B,,,,133,,,unclear,0.7857319116592407,T2,,ADMN,acetylcholine,R,"['ADMN(R)', 'IntTct', 'LTct', 'LegNp(T2)(R)', 'NTct(UTct-T1)(R)', 'Ov(R)', 'VNC', 'VNC-unspecified', 'WTct(UTct-T2)(L)', 'WTct(UTct-T2)(R)']","['ADMN(R)', 'IntTct', 'LTct', 'LegNp(T2)(R)', 'VNC', 'VNC-unspecified', 'WTct(UTct-T2)(R)']"
523329,DNa10_L,DNa10,2215,16000,14734,16000,11062515136,Traced,Roughly traced,"[62768, 16558, 15636]","{'AMMC(L)': {'post': 594, 'upstream': 594, 'synweight': 594}, 'AMMC(R)': {'post': 109, 'pre': 1, 'downstream': 2, 'upstream': 109, 'synweight': 111}, 'ANm': {'post': 37, 'pre': 247, 'downstream': 1824, 'upstream': 37, 'synweight': 1861}, 'AOTU(L)': {'post': 2645, 'pre': 23, 'downstream': 137, 'upstream': 2645, 'synweight': 2782}, 'CAN(L)': {'post': 171, 'pre': 3, 'downstream': 14, 'upstream': 171, 'synweight': 185}, 'CAN(R)': {'post': 64, 'pre': 1, 'downstream': 5, 'upstream': 64, 'synweight': 69}, 'CRE(L)': {'post': 202, 'pre': 1, 'downstream': 3, 'upstream': 202, 'synweight': 205}, 'CV': {'post': 65, 'pre': 21, 'downstream': 106, 'upstream': 65, 'synweight': 171}, 'CV-unspecified': {'post': 65, 'pre': 21, 'downstream': 106, 'upstream': 65, 'synweight': 171}, 'CentralBrain': {'post': 15545, 'pre': 513, 'downstream': 3512, 'upstream': 15545, 'synweight': 19057}, 'CentralBrain-unspecified': {'post': 236, 'pre': 45, 'downstream': 310, 'upstream': 236, 'synweight': 546}, 'GNG': {'post': 607, 'pre': 115, 'downstream': 854, 'upstream': 607, 'synweight': 1461}, 'GOR(L)': {'post': 2, 'upstream': 2, 'synweight': 2}, 'HTct(UTct-T3)(R)': {'post': 7, 'pre': 10, 'downstream': 83, 'upstream': 7, 'synweight': 90}, 'IB': {'post': 1380, 'pre': 7, 'downstream': 34, 'upstream': 1380, 'synweight': 1414}, 'ICL(L)': {'post': 13, 'upstream': 13, 'synweight': 13}, 'IPS(L)': {'post': 216, 'pre': 139, 'downstream': 1117, 'upstream': 216, 'synweight': 1333}, 'IPS(R)': {'post': 17, 'pre': 1, 'downstream': 3, 'upstream': 17, 'synweight': 20}, 'IntTct': {'post': 68, 'pre': 232, 'downstream': 1507, 'upstream': 68, 'synweight': 1575}, 'LTct': {'post': 27, 'pre': 241, 'downstream': 1616, 'upstream': 27, 'synweight': 1643}, 'LegNp(T3)(L)': {'pre': 6, 'downstream': 54, 'synweight': 54}, 'LegNp(T3)(R)': {'post': 1, 'pre': 10, 'downstream': 64, 'upstream': 1, 'synweight': 65}, 'NTct(UTct-T1)(L)': {'post': 7, 'pre': 33, 'downstream': 213, 'upstream': 7, 'synweight': 220}, 'NTct(UTct-T1)(R)': {'post': 6, 'pre': 58, 'downstream': 369, 'upstream': 6, 'synweight': 375}, 'PLP(L)': {'post': 2535, 'pre': 26, 'downstream': 134, 'upstream': 2535, 'synweight': 2669}, 'PLP(R)': {'post': 928, 'pre': 6, 'downstream': 33, 'upstream': 928, 'synweight': 961}, 'SAD': {'post': 93, 'pre': 1, 'downstream': 4, 'upstream': 93, 'synweight': 97}, 'SIP(L)': {'post': 694, 'pre': 10, 'downstream': 74, 'upstream': 694, 'synweight': 768}, 'SLP(L)': {'post': 3, 'upstream': 3, 'synweight': 3}, 'SPS(L)': {'post': 3070, 'pre': 96, 'downstream': 586, 'upstream': 3070, 'synweight': 3656}, 'SPS(R)': {'post': 1558, 'pre': 28, 'downstream': 169, 'upstream': 1558, 'synweight': 1727}, 'VES(L)': {'post': 6, 'pre': 7, 'downstream': 16, 'upstream': 6, 'synweight': 22}, 'VNC': {'post': 390, 'pre': 1681, 'downstream': 11116, 'upstream': 390, 'synweight': 11506}, 'VNC-unspecified': {'post': 33, 'pre': 15, 'downstream': 66, 'upstream': 33, 'synweight': 99}, 'WED(L)': {'post': 364, 'pre': 3, 'downstream': 17, 'upstream': 364, 'synweight': 381}, 'WTct(UTct-T2)(L)': {'post': 106, 'pre': 438, 'downstream': 2730, 'upstream': 106, 'synweight': 2836}, 'WTct(UTct-T2)(R)': {'post': 98, 'pre': 391, 'downstream': 2590, 'upstream': 98, 'synweight': 2688}, 'aL(L)': {'post': 38, 'upstream': 38, 'synweight': 38}}",10379.0,0.9531546235084534,2215,,,xn,,DNa10,DNa10,30734,,WEDd1,,10506.0,10506.0,,descending_neuron,acetylcholine,,DNa10,10090,,,,,biological variability mcns,,4423,,,acetylcholine,0.9503463506698608,,,,acetylcholine,L,"['AMMC(L)', 'AMMC(R)', 'ANm', 'AOTU(L)', 'CAN(L)', 'CAN(R)', 'CRE(L)', 'CV', 'CV-unspecified', 'CentralBrain', 'CentralBrain-unspecified', 'GNG', 'GOR(L)', 'HTct(UTct-T3)(R)', 'IB', 'ICL(L)', 'IPS(L)', 'IPS(R)', 'IntTct', 'LTct', 'LegNp(T3)(R)', 'NTct(UTct-T1)(L)', 'NTct(UTct-T1)(R)', 'PLP(L)', 'PLP(R)', 'SAD', 'SIP(L)', 'SLP(L)', 'SPS(L)', 'SPS(R)', 'VES(L)', 'VNC', 'VNC-unspecified', 'WED(L)', 'WTct(UTct-T2)(L)', 'WTct(UTct-T2)(R)', 'aL(L)']","['AMMC(R)', 'ANm', 'AOTU(L)', 'CAN(L)', 'CAN(R)', 'CRE(L)', 'CV', 'CV-unspecified', 'CentralBrain', 'CentralBrain-unspecified', 'GNG', 'HTct(UTct-T3)(R)', 'IB', 'IPS(L)', 'IPS(R)', 'IntTct', 'LTct', 'LegNp(T3)(L)', 'LegNp(T3)(R)', 'NTct(UTct-T1)(L)', 'NTct(UTct-T1)(R)', 'PLP(L)', 'PLP(R)', 'SAD', 'SIP(L)', 'SPS(L)', 'SPS(R)', 'VES(L)', 'VNC', 'VNC-unspecified', 'WED(L)', 'WTct(UTct-T2)(L)', 'WTct(UTct-T2)(R)']"
10379,DNa10_R,DNa10,2208,15985,14514,15985,11525869436,Traced,Roughly traced,"[34898, 19976, 13266]","{'AMMC(L)': {'post': 101, 'upstream': 101, 'synweight': 101}, 'AMMC(R)': {'post': 578, 'pre': 1, 'downstream': 4, 'upstream': 578, 'synweight': 582}, 'ANm': {'post': 28, 'pre': 241, 'downstream': 1838, 'upstream': 28, 'synweight': 1866}, 'AOTU(R)': {'post': 3064, 'pre': 8, 'downstream': 37, 'upstream': 3064, 'synweight': 3101}, 'ATL(R)': {'post': 116, 'upstream': 116, 'synweight': 116}, 'CAN(R)': {'post': 80, 'pre': 2, 'downstream': 7, 'upstream': 80, 'synweight': 87}, 'CRE(R)': {'post': 83, 'upstream': 83, 'synweight': 83}, 'CV': {'post': 49, 'pre': 9, 'downstream': 33, 'upstream': 49, 'synweight': 82}, 'CV-unspecified': {'post': 49, 'pre': 9, 'downstream': 33, 'upstream': 49, 'synweight': 82}, 'CentralBrain': {'post': 15619, 'pre': 522, 'downstream': 3548, 'upstream': 15619, 'synweight': 19167}, 'CentralBrain-unspecified': {'post': 333, 'pre': 58, 'downstream': 335, 'upstream': 333, 'synweight': 668}, 'GNG': {'post': 586, 'pre': 230, 'downstream': 1750, 'upstream': 586, 'synweight': 2336}, 'HTct(UTct-T3)(R)': {'post': 15, 'pre': 37, 'downstream': 219, 'upstream': 15, 'synweight': 234}, 'IB': {'post': 1323, 'pre': 2, 'downstream': 11, 'upstream': 1323, 'synweight': 1334}, 'ICL(R)': {'post': 63, 'upstream': 63, 'synweight': 63}, 'IPS(L)': {'post': 93, 'pre': 3, 'downstream': 12, 'upstream': 93, 'synweight': 105}, 'IPS(R)': {'post': 155, 'pre': 88, 'downstream': 682, 'upstream': 155, 'synweight': 837}, 'IntTct': {'post': 51, 'pre': 206, 'downstream': 1381, 'upstream': 51, 'synweight': 1432}, 'LTct': {'post': 26, 'pre': 204, 'downstream': 1344, 'upstream': 26, 'synweight': 1370}, 'LegNp(T3)(R)': {'post': 1, 'pre': 4, 'downstream': 34, 'upstream': 1, 'synweight': 35}, 'NTct(UTct-T1)(L)': {'post': 7, 'pre': 52, 'downstream': 336, 'upstream': 7, 'synweight': 343}, 'NTct(UTct-T1)(R)': {'post': 6, 'pre': 52, 'downstream': 361, 'upstream': 6, 'synweight': 367}, 'PLP(L)': {'post': 845, 'pre': 4, 'downstream': 27, 'upstream': 845, 'synweight': 872}, 'PLP(R)': {'post': 2740, 'pre': 15, 'downstream': 78, 'upstream': 2740, 'synweight': 2818}, 'SAD': {'post': 67, 'upstream': 67, 'synweight': 67}, 'SCL(R)': {'post': 24, 'upstream': 24, 'synweight': 24}, 'SIP(R)': {'post': 644, 'pre': 3, 'downstream': 19, 'upstream': 644, 'synweight': 663}, 'SLP(R)': {'post': 1, 'upstream': 1, 'synweight': 1}, 'SMP(R)': {'post': 198, 'pre': 1, 'downstream': 5, 'upstream': 198, 'synweight': 203}, 'SPS(L)': {'post': 1516, 'pre': 35, 'downstream': 188, 'upstream': 1516, 'synweight': 1704}, 'SPS(R)': {'post': 2859, 'pre': 72, 'downstream': 391, 'upstream': 2859, 'synweight': 3250}, 'VES(R)': {'post': 2, 'downstream': 2, 'upstream': 2, 'synweight': 4}, 'VNC': {'post': 317, 'pre': 1677, 'downstream': 10933, 'upstream': 317, 'synweight': 11250}, 'VNC-unspecified': {'post': 20, 'pre': 29, 'downstream': 100, 'upstream': 20, 'synweight': 120}, 'WED(R)': {'post': 131, 'upstream': 131, 'synweight': 131}, 'WTct(UTct-T2)(L)': {'post': 73, 'pre': 348, 'downstream': 2239, 'upstream': 73, 'synweight': 2312}, 'WTct(UTct-T2)(R)': {'post': 90, 'pre': 504, 'downstream': 3081, 'upstream': 90, 'synweight': 3171}, 'aL(R)': {'post': 17, 'upstream': 17, 'synweight': 17}}",10379.0,0.9531546235084534,2208,,,xn,,DNa10,DNa10,30499,,WEDd1,,10531.0,10506.0,,descending_neuron,acetylcholine,,DNa10,10090,,,,,biological variability mcns,,4423,,,acetylcholine,0.9559717774391174,,,,acetylcholine,R,"['AMMC(L)', 'AMMC(R)', 'ANm', 'AOTU(R)', 'ATL(R)', 'CAN(R)', 'CRE(R)', 'CV', 'CV-unspecified', 'CentralBrain', 'CentralBrain-unspecified', 'GNG', 'HTct(UTct-T3)(R)', 'IB', 'ICL(R)', 'IPS(L)', 'IPS(R)', 'IntTct', 'LTct', 'LegNp(T3)(R)', 'NTct(UTct-T1)(L)', 'NTct(UTct-T1)(R)', 'PLP(L)', 'PLP(R)', 'SAD', 'SCL(R)', 'SIP(R)', 'SLP(R)', 'SMP(R)', 'SPS(L)', 'SPS(R)', 'VES(R)', 'VNC', 'VNC-unspecified', 'WED(R)', 'WTct(UTct-T2)(L)', 'WTct(UTct-T2)(R)', 'aL(R)']","['AMMC(R)', 'ANm', 'AOTU(R)', 'CAN(R)', 'CV', 'CV-unspecified', 'CentralBrain', 'CentralBrain-unspecified', 'GNG', 'HTct(UTct-T3)(R)', 'IB', 'IPS(L)', 'IPS(R)', 'IntTct', 'LTct', 'LegNp(T3)(R)', 'NTct(UTct-T1)(L)', 'NTct(UTct-T1)(R)', 'PLP(L)', 'PLP(R)', 'SIP(R)', 'SMP(R)', 'SPS(L)', 'SPS(R)', 'VNC', 'VNC-unspecified', 'WTct(UTct-T2)(L)', 'WTct(UTct-T2)(R)']"
10247,DNg74_a_L,DNg74_a,6040,15965,41345,15965,15565276848,Traced,Prelim Roughly traced,"[51312, 47002, 24774]","{'AMMC(L)': {'post': 119, 'pre': 1, 'downstream': 9, 'upstream': 119, 'synweight': 128}, 'AMMC(R)': {'post': 103, 'pre': 4, 'downstream': 21, 'upstream': 103, 'synweight': 124}, 'ANm': {'post': 67, 'pre': 234, 'downstream': 1678, 'upstream': 67, 'synweight': 1745}, 'CAN(R)': {'post': 6, 'pre': 1, 'downstream': 8, 'upstream': 6, 'synweight': 14}, 'CV': {'post': 69, 'pre': 17, 'downstream': 63, 'upstream': 69, 'synweight': 132}, 'CV-unspecified': {'post': 69, 'pre': 17, 'downstream': 63, 'upstream': 69, 'synweight': 132}, 'CentralBrain': {'post': 15157, 'pre': 1916, 'downstream': 12400, 'upstream': 15157, 'synweight': 27557}, 'CentralBrain-unspecified': {'post': 1216, 'pre': 55, 'downstream': 286, 'upstream': 1216, 'synweight': 1502}, 'FLA(L)': {'post': 362, 'pre': 29, 'downstream': 160, 'upstream': 362, 'synweight': 522}, 'FLA(R)': {'post': 268, 'pre': 21, 'downstream': 126, 'upstream': 268, 'synweight': 394}, 'GNG': {'post': 9640, 'pre': 1576, 'downstream': 10423, 'upstream': 9640, 'synweight': 20063}, 'IPS(R)': {'post': 6, 'pre': 33, 'downstream': 228, 'upstream': 6, 'synweight': 234}, 'LTct': {'post': 4, 'pre': 18, 'downstream': 144, 'upstream': 4, 'synweight': 148}, 'LegNp(T1)(R)': {'post': 235, 'pre': 1373, 'downstream': 9807, 'upstream': 235, 'synweight': 10042}, 'LegNp(T2)(R)': {'post': 160, 'pre': 1056, 'downstream': 7132, 'upstream': 160, 'synweight': 7292}, 'LegNp(T3)(R)': {'post': 262, 'pre': 1345, 'downstream': 9531, 'upstream': 262, 'synweight': 9793}, 'MesoAN(R)': {'pre': 8, 'downstream': 52, 'synweight': 52}, 'NTct(UTct-T1)(R)': {'pre': 15, 'downstream': 78, 'synweight': 78}, 'SAD': {'post': 2996, 'pre': 175, 'downstream': 1031, 'upstream': 2996, 'synweight': 4027}, 'VES(L)': {'post': 182, 'pre': 11, 'downstream': 51, 'upstream': 182, 'synweight': 233}, 'VES(R)': {'post': 223, 'pre': 10, 'downstream': 57, 'upstream': 223, 'synweight': 280}, 'VNC': {'post': 739, 'pre': 4107, 'downstream': 28882, 'upstream': 739, 'synweight': 29621}, 'VNC-unspecified': {'post': 10, 'pre': 51, 'downstream': 422, 'upstream': 10, 'synweight': 432}, 'WED(L)': {'post': 13, 'upstream': 13, 'synweight': 13}, 'WED(R)': {'post': 23, 'upstream': 23, 'synweight': 23}, 'WTct(UTct-T2)(R)': {'post': 1, 'pre': 7, 'downstream': 38, 'upstream': 1, 'synweight': 39}}",10131.0,0.8871872425079346,6040,,,xl,,DNg74,DNg74_a,57310,,MX3,Sterne 2021: web,10103.0,10103.0,,descending_neuron,gaba,,,10124,,early,,,matched to one systematic type of a manc_type that has 2.,,12360,,,gaba,0.8885923027992249,MX,,,gaba,L,"['AMMC(L)', 'AMMC(R)', 'ANm', 'CAN(R)', 'CV', 'CV-unspecified', 'CentralBrain', 'CentralBrain-unspecified', 'FLA(L)', 'FLA(R)', 'GNG', 'IPS(R)', 'LTct', 'LegNp(T1)(R)', 'LegNp(T2)(R)', 'LegNp(T3)(R)', 'SAD', 'VES(L)', 'VES(R)', 'VNC', 'VNC-unspecified', 'WED(L)', 'WED(R)', 'WTct(UTct-T2)(R)']","['AMMC(L)', 'AMMC(R)', 'ANm', 'CAN(R)', 'CV', 'CV-unspecified', 'CentralBrain', 'CentralBrain-unspecified', 'FLA(L)', 'FLA(R)', 'GNG', 'IPS(R)', 'LTct', 'LegNp(T1)(R)', 'LegNp(T2)(R)', 'LegNp(T3)(R)', 'MesoAN(R)', 'NTct(UTct-T1)(R)', 'SAD', 'VES(L)', 'VES(R)', 'VNC', 'VNC-unspecified', 'WTct(UTct-T2)(R)']"
10091,DNpe042(CL262)_L,DNpe042,2476,15908,15485,15908,4015503363,Traced,Roughly traced,"[60680, 23620, 37176]","{'AMMC(L)': {'post': 2, 'pre': 1, 'downstream': 4, 'upstream': 2, 'synweight': 6}, 'AVLP(L)': {'post': 1236, 'pre': 41, 'downstream': 214, 'upstream': 1236, 'synweight': 1450}, 'CAN(L)': {'post': 109, 'pre': 2, 'downstream': 11, 'upstream': 109, 'synweight': 120}, 'CAN(R)': {'post': 84, 'pre': 221, 'downstream': 1655, 'upstream': 84, 'synweight': 1739}, 'CV': {'post': 2, 'pre': 1, 'downstream': 3, 'upstream': 2, 'synweight': 5}, 'CV-unspecified': {'post': 2, 'pre': 1, 'downstream': 3, 'upstream': 2, 'synweight': 5}, 'CentralBrain': {'post': 15468, 'pre': 1741, 'downstream': 10977, 'upstream': 15468, 'synweight': 26445}, 'CentralBrain-unspecified': {'post': 737, 'pre': 92, 'downstream': 669, 'upstream': 737, 'synweight': 1406}, 'EPA(L)': {'post': 188, 'pre': 34, 'downstream': 125, 'upstream': 188, 'synweight': 313}, 'EPA(R)': {'post': 19, 'pre': 1, 'downstream': 2, 'upstream': 19, 'synweight': 21}, 'FLA(L)': {'post': 913, 'pre': 30, 'downstream': 187, 'upstream': 913, 'synweight': 1100}, 'GNG': {'post': 782, 'pre': 130, 'downstream': 879, 'upstream': 782, 'synweight': 1661}, 'GOR(L)': {'post': 571, 'pre': 120, 'downstream': 527, 'upstream': 571, 'synweight': 1098}, 'GOR(R)': {'post': 583, 'pre': 75, 'downstream': 346, 'upstream': 583, 'synweight': 929}, 'IB': {'post': 1110, 'pre': 55, 'downstream': 360, 'upstream': 1110, 'synweight': 1470}, 'ICL(L)': {'post': 2695, 'pre': 171, 'downstream': 993, 'upstream': 2695, 'synweight': 3688}, 'ICL(R)': {'post': 1467, 'pre': 68, 'downstream': 362, 'upstream': 1467, 'synweight': 1829}, 'IntTct': {'post': 5, 'pre': 14, 'downstream': 82, 'upstream': 5, 'synweight': 87}, 'LAL(L)': {'post': 16, 'upstream': 16, 'synweight': 16}, 'LTct': {'post': 349, 'pre': 612, 'downstream': 3750, 'upstream': 349, 'synweight': 4099}, 'LegNp(T1)(R)': {'post': 11, 'pre': 32, 'downstream': 226, 'upstream': 11, 'synweight': 237}, 'Ov(R)': {'post': 72, 'pre': 75, 'downstream': 442, 'upstream': 72, 'synweight': 514}, 'PED(L)': {'post': 4, 'upstream': 4, 'synweight': 4}, 'PLP(L)': {'post': 218, 'pre': 7, 'downstream': 46, 'upstream': 218, 'synweight': 264}, 'PLP(R)': {'post': 152, 'pre': 5, 'downstream': 25, 'upstream': 152, 'synweight': 177}, 'PVLP(L)': {'post': 1149, 'pre': 88, 'downstream': 314, 'upstream': 1149, 'synweight': 1463}, 'PVLP(R)': {'post': 26, 'upstream': 26, 'synweight': 26}, 'SAD': {'post': 370, 'pre': 102, 'downstream': 731, 'upstream': 370, 'synweight': 1101}, 'SCL(L)': {'post': 428, 'pre': 19, 'downstream': 105, 'upstream': 428, 'synweight': 533}, 'SCL(R)': {'post': 48, 'pre': 3, 'downstream': 13, 'upstream': 48, 'synweight': 61}, 'SMP(L)': {'post': 15, 'upstream': 15, 'synweight': 15}, 'SPS(L)': {'post': 233, 'pre': 15, 'downstream': 94, 'upstream': 233, 'synweight': 327}, 'SPS(R)': {'post': 81, 'pre': 135, 'downstream': 1060, 'upstream': 81, 'synweight': 1141}, 'VES(L)': {'post': 1734, 'pre': 124, 'downstream': 776, 'upstream': 1734, 'synweight': 2510}, 'VES(R)': {'post': 444, 'pre': 195, 'downstream': 1445, 'upstream': 444, 'synweight': 1889}, 'VNC': {'post': 438, 'pre': 734, 'downstream': 4505, 'upstream': 438, 'synweight': 4943}, 'VNC-unspecified': {'post': 1, 'pre': 1, 'downstream': 5, 'upstream': 1, 'synweight': 6}, 'WED(L)': {'post': 54, 'pre': 7, 'downstream': 34, 'upstream': 54, 'synweight': 88}}",10091.0,0.9531480669975281,2476,,,lt,,DNlt011,DNpe042,31393,,putative_primary,,190167.0,21069.0,,descending_neuron,acetylcholine,,CL262,,,early,,,,,4788,,,acetylcholine,0.95600426197052,,,,acetylcholine,L,"['AMMC(L)', 'AVLP(L)', 'CAN(L)', 'CAN(R)', 'CV', 'CV-unspecified', 'CentralBrain', 'CentralBrain-unspecified', 'EPA(L)', 'EPA(R)', 'FLA(L)', 'GNG', 'GOR(L)', 'GOR(R)', 'IB', 'ICL(L)', 'ICL(R)', 'IntTct', 'LAL(L)', 'LTct', 'LegNp(T1)(R)', 'Ov(R)', 'PED(L)', 'PLP(L)', 'PLP(R)', 'PVLP(L)', 'PVLP(R)', 'SAD', 'SCL(L)', 'SCL(R)', 'SMP(L)', 'SPS(L)', 'SPS(R)', 'VES(L)', 'VES(R)', 'VNC', 'VNC-unspecified', 'WED(L)']","['AMMC(L)', 'AVLP(L)', 'CAN(L)', 'CAN(R)', 'CV', 'CV-unspecified', 'CentralBrain', 'CentralBrain-unspecified', 'EPA(L)', 'EPA(R)', 'FLA(L)', 'GNG', 'GOR(L)', 'GOR(R)', 'IB', 'ICL(L)', 'ICL(R)', 'IntTct', 'LTct', 'LegNp(T1)(R)', 'Ov(R)', 'PLP(L)', 'PLP(R)', 'PVLP(L)', 'SAD', 'SCL(L)', 'SCL(R)', 'SPS(L)', 'SPS(R)', 'VES(L)', 'VES(R)', 'VNC', 'VNC-unspecified', 'WED(L)']"
800488,INXXX027_L,INXXX027,1179,15879,6744,15879,3149434472,Traced,Reviewed,"[54386, 52938, 131644]","{'ANm': {'post': 6652, 'pre': 167, 'downstream': 943, 'upstream': 6652, 'synweight': 7595}, 'AbN4(R)': {'post': 89, 'upstream': 89, 'synweight': 89}, 'AbNT(L)': {'post': 17, 'upstream': 17, 'synweight': 17}, 'LTct': {'post': 3, 'pre': 4, 'downstream': 22, 'upstream': 3, 'synweight': 25}, 'LegNp(T1)(R)': {'post': 54, 'pre': 49, 'downstream': 274, 'upstream': 54, 'synweight': 328}, 'LegNp(T2)(R)': {'post': 2189, 'pre': 42, 'downstream': 223, 'upstream': 2189, 'synweight': 2412}, 'LegNp(T3)(R)': {'post': 4638, 'pre': 334, 'downstream': 2091, 'upstream': 4638, 'synweight': 6729}, 'Ov(R)': {'post': 1863, 'pre': 389, 'downstream': 2135, 'upstream': 1863, 'synweight': 3998}, 'VNC': {'post': 15879, 'pre': 1179, 'downstream': 6744, 'upstream': 15879, 'synweight': 22623}, 'VNC-unspecified': {'post': 165, 'pre': 62, 'downstream': 341, 'upstream': 165, 'synweight': 506}, 'mVAC(T2)(R)': {'post': 150, 'pre': 124, 'downstream': 662, 'upstream': 150, 'synweight': 812}, 'mVAC(T3)(R)': {'post': 59, 'pre': 8, 'downstream': 53, 'upstream': 59, 'synweight': 112}}",800319.0,0.9600316882133484,1179,,,BI,10149.0,INXXX027,,22623,,,,10631.0,10631.0,,vnc_intrinsic,acetylcholine,,,,,early,TBD,,,,4849,,vnc convergent,acetylcholine,0.9596286416053772,A8,12868.0,,acetylcholine,L,"['ANm', 'AbN4(R)', 'AbNT(L)', 'LTct', 'LegNp(T1)(R)', 'LegNp(T2)(R)', 'LegNp(T3)(R)', 'Ov(R)', 'VNC', 'VNC-unspecified', 'mVAC(T2)(R)', 'mVAC(T3)(R)']","['ANm', 'LTct', 'LegNp(T1)(R)', 'LegNp(T2)(R)', 'LegNp(T3)(R)', 'Ov(R)', 'VNC', 'VNC-unspecified', 'mVAC(T2)(R)', 'mVAC(T3)(R)']"
513052,DNg15_R,DNg15,3095,15834,18857,15834,16445645317,Traced,Prelim Roughly traced,"[44472, 44546, 18790]","{'AMMC(L)': {'post': 722, 'upstream': 722, 'synweight': 722}, 'ANm': {'post': 28, 'pre': 83, 'downstream': 578, 'upstream': 28, 'synweight': 606}, 'CV': {'post': 81, 'pre': 52, 'downstream': 223, 'upstream': 81, 'synweight': 304}, 'CV-unspecified': {'post': 81, 'pre': 52, 'downstream': 223, 'upstream': 81, 'synweight': 304}, 'CentralBrain': {'post': 15147, 'pre': 94, 'downstream': 402, 'upstream': 15147, 'synweight': 15549}, 'CentralBrain-unspecified': {'post': 194, 'pre': 1, 'downstream': 3, 'upstream': 194, 'synweight': 197}, 'GNG': {'post': 12378, 'pre': 89, 'downstream': 381, 'upstream': 12378, 'synweight': 12759}, 'HTct(UTct-T3)(L)': {'post': 2, 'pre': 8, 'downstream': 67, 'upstream': 2, 'synweight': 69}, 'IntTct': {'post': 15, 'pre': 93, 'downstream': 518, 'upstream': 15, 'synweight': 533}, 'LTct': {'post': 131, 'pre': 669, 'downstream': 4036, 'upstream': 131, 'synweight': 4167}, 'LegNp(T1)(L)': {'post': 218, 'pre': 1198, 'downstream': 7357, 'upstream': 218, 'synweight': 7575}, 'LegNp(T1)(R)': {'post': 4, 'pre': 29, 'downstream': 195, 'upstream': 4, 'synweight': 199}, 'LegNp(T2)(L)': {'post': 101, 'pre': 558, 'downstream': 3567, 'upstream': 101, 'synweight': 3668}, 'LegNp(T3)(L)': {'post': 20, 'pre': 143, 'downstream': 1018, 'upstream': 20, 'synweight': 1038}, 'Ov(L)': {'pre': 7, 'downstream': 65, 'synweight': 65}, 'SAD': {'post': 1840, 'pre': 4, 'downstream': 18, 'upstream': 1840, 'synweight': 1858}, 'VNC': {'post': 606, 'pre': 2949, 'downstream': 18232, 'upstream': 606, 'synweight': 18838}, 'VNC-unspecified': {'post': 81, 'pre': 147, 'downstream': 759, 'upstream': 81, 'synweight': 840}, 'WED(L)': {'post': 13, 'upstream': 13, 'synweight': 13}, 'WTct(UTct-T2)(L)': {'post': 6, 'pre': 14, 'downstream': 72, 'upstream': 6, 'synweight': 78}}",10141.0,0.944103479385376,3095,,,xn,,DNg15,DNg15,34691,,putative_primary,Matsuo 2016: AMMC-Db5; Sterne 2021: nagini,10121.0,10101.0,,descending_neuron,acetylcholine,,,,,,,,,,6049,,,acetylcholine,0.9392971396446228,,,,acetylcholine,R,"['AMMC(L)', 'ANm', 'CV', 'CV-unspecified', 'CentralBrain', 'CentralBrain-unspecified', 'GNG', 'HTct(UTct-T3)(L)', 'IntTct', 'LTct', 'LegNp(T1)(L)', 'LegNp(T1)(R)', 'LegNp(T2)(L)', 'LegNp(T3)(L)', 'SAD', 'VNC', 'VNC-unspecified', 'WED(L)', 'WTct(UTct-T2)(L)']","['ANm', 'CV', 'CV-unspecified', 'CentralBrain', 'CentralBrain-unspecified', 'GNG', 'HTct(UTct-T3)(L)', 'IntTct', 'LTct', 'LegNp(T1)(L)', 'LegNp(T1)(R)', 'LegNp(T2)(L)', 'LegNp(T3)(L)', 'Ov(L)', 'SAD', 'VNC', 'VNC-unspecified', 'WTct(UTct-T2)(L)']"
800257,IN19A008_L,IN19A008,1940,15807,10977,15807,6535787663,Traced,Reviewed,"[59112, 48696, 123344]","{'ANm': {'post': 444, 'pre': 37, 'downstream': 182, 'upstream': 444, 'synweight': 626}, 'HTct(UTct-T3)(L)': {'post': 115, 'pre': 4, 'downstream': 21, 'upstream': 115, 'synweight': 136}, 'LegNp(T3)(L)': {'post': 15237, 'pre': 1881, 'downstream': 10670, 'upstream': 15237, 'synweight': 25907}, 'MetaLN(L)': {'post': 9, 'pre': 17, 'downstream': 96, 'upstream': 9, 'synweight': 105}, 'VNC': {'post': 15807, 'pre': 1940, 'downstream': 10977, 'upstream': 15807, 'synweight': 26784}, 'VNC-unspecified': {'post': 2, 'pre': 1, 'downstream': 8, 'upstream': 2, 'synweight': 10}}",800127.0,0.8572043776512146,1940,,,IR,10125.0,IN19A008,,26784,,,,174828.0,10134.0,,vnc_intrinsic,gaba,,,,,early,19A,,,,14385,,,gaba,0.8471249341964722,T3,800127.0,,gaba,L,"['ANm', 'HTct(UTct-T3)(L)', 'LegNp(T3)(L)', 'MetaLN(L)', 'VNC', 'VNC-unspecified']","['ANm', 'HTct(UTct-T3)(L)', 'LegNp(T3)(L)', 'MetaLN(L)', 'VNC', 'VNC-unspecified']"
801021,hg3 MN_L,hg3 MN,38,15799,82,15799,7436558832,Traced,Reviewed,"[60518, 62446, 84068]","{'ADMN(L)': {'post': 12, 'pre': 4, 'downstream': 10, 'upstream': 12, 'synweight': 22}, 'DMetaN(L)': {'post': 19, 'upstream': 19, 'synweight': 19}, 'HTct(UTct-T3)(L)': {'post': 298, 'pre': 3, 'downstream': 12, 'upstream': 298, 'synweight': 310}, 'HTct(UTct-T3)(R)': {'post': 173, 'upstream': 173, 'synweight': 173}, 'IntTct': {'post': 270, 'upstream': 270, 'synweight': 270}, 'LTct': {'post': 39, 'upstream': 39, 'synweight': 39}, 'LegNp(T2)(L)': {'post': 217, 'upstream': 217, 'synweight': 217}, 'NTct(UTct-T1)(L)': {'post': 401, 'upstream': 401, 'synweight': 401}, 'NTct(UTct-T1)(R)': {'post': 217, 'upstream': 217, 'synweight': 217}, 'Ov(L)': {'post': 504, 'upstream': 504, 'synweight': 504}, 'VNC': {'post': 15799, 'pre': 38, 'downstream': 82, 'upstream': 15799, 'synweight': 15881}, 'VNC-unspecified': {'post': 991, 'pre': 3, 'downstream': 17, 'upstream': 991, 'synweight': 1008}, 'WTct(UTct-T2)(L)': {'post': 9592, 'pre': 26, 'downstream': 35, 'upstream': 9592, 'synweight': 9627}, 'WTct(UTct-T2)(R)': {'post': 3066, 'pre': 2, 'downstream': 8, 'upstream': 3066, 'synweight': 3074}}",801021.0,0.5209841132164001,38,,,wm,,hg3 MN,,15881,,,,10130.0,10130.0,,vnc_motor,gaba,,,,,early,16B,,,,195,fru_high,,unclear,0.5399128198623657,T2,,ADMN,gaba,L,"['ADMN(L)', 'DMetaN(L)', 'HTct(UTct-T3)(L)', 'HTct(UTct-T3)(R)', 'IntTct', 'LTct', 'LegNp(T2)(L)', 'NTct(UTct-T1)(L)', 'NTct(UTct-T1)(R)', 'Ov(L)', 'VNC', 'VNC-unspecified', 'WTct(UTct-T2)(L)', 'WTct(UTct-T2)(R)']","['ADMN(L)', 'HTct(UTct-T3)(L)', 'VNC', 'VNC-unspecified', 'WTct(UTct-T2)(L)', 'WTct(UTct-T2)(R)']"
800401,IN23B005_L,IN23B005,1241,15728,7674,15728,2319711451,Traced,Reviewed,"[63182, 49110, 83284]","{'LTct': {'post': 163, 'pre': 21, 'downstream': 124, 'upstream': 163, 'synweight': 287}, 'LegNp(T1)(L)': {'post': 2461, 'pre': 144, 'downstream': 836, 'upstream': 2461, 'synweight': 3297}, 'LegNp(T2)(L)': {'post': 255, 'upstream': 255, 'synweight': 255}, 'Ov(L)': {'post': 11344, 'pre': 579, 'downstream': 3448, 'upstream': 11344, 'synweight': 14792}, 'Ov(R)': {'post': 421, 'pre': 376, 'downstream': 2469, 'upstream': 421, 'synweight': 2890}, 'PDMN(L)': {'post': 82, 'upstream': 82, 'synweight': 82}, 'VNC': {'post': 15728, 'pre': 1241, 'downstream': 7674, 'upstream': 15728, 'synweight': 23402}, 'VNC-unspecified': {'post': 958, 'pre': 106, 'downstream': 724, 'upstream': 958, 'synweight': 1682}, 'mVAC(T1)(L)': {'post': 32, 'pre': 4, 'downstream': 16, 'upstream': 32, 'synweight': 48}, 'mVAC(T2)(L)': {'post': 12, 'pre': 11, 'downstream': 57, 'upstream': 12, 'synweight': 69}}",800401.0,0.9173668026924133,1241,,,BI,11101.0,IN23B005,,23402,,,,11101.0,12995.0,,vnc_intrinsic,acetylcholine,,,,,early,23B,,,,5453,,,acetylcholine,0.9642738699913025,T1,800180.0,,acetylcholine,L,"['LTct', 'LegNp(T1)(L)', 'LegNp(T2)(L)', 'Ov(L)', 'Ov(R)', 'PDMN(L)', 'VNC', 'VNC-unspecified', 'mVAC(T1)(L)', 'mVAC(T2)(L)']","['LTct', 'LegNp(T1)(L)', 'Ov(L)', 'Ov(R)', 'VNC', 'VNC-unspecified', 'mVAC(T1)(L)', 'mVAC(T2)(L)']"
23382,AN01B002(23382)_R,AN01B002,2655,15696,14362,15696,3897214542,Traced,Prelim Roughly traced,"[46464, 42320, 122830]","{'ANm': {'post': 3433, 'pre': 594, 'downstream': 3021, 'upstream': 3433, 'synweight': 6454}, 'AbN4(R)': {'post': 34, 'pre': 1, 'downstream': 2, 'upstream': 34, 'synweight': 36}, 'CV': {'post': 1, 'pre': 1, 'downstream': 3, 'upstream': 1, 'synweight': 4}, 'CV-unspecified': {'post': 1, 'pre': 1, 'downstream': 3, 'upstream': 1, 'synweight': 4}, 'CentralBrain': {'post': 3351, 'pre': 462, 'downstream': 2560, 'upstream': 3351, 'synweight': 5911}, 'CentralBrain-unspecified': {'post': 16, 'upstream': 16, 'synweight': 16}, 'GNG': {'post': 3335, 'pre': 462, 'downstream': 2560, 'upstream': 3335, 'synweight': 5895}, 'LegNp(T1)(R)': {'post': 654, 'pre': 174, 'downstream': 897, 'upstream': 654, 'synweight': 1551}, 'LegNp(T2)(R)': {'post': 2795, 'pre': 462, 'downstream': 2530, 'upstream': 2795, 'synweight': 5325}, 'LegNp(T3)(R)': {'post': 4355, 'pre': 761, 'downstream': 4207, 'upstream': 4355, 'synweight': 8562}, 'MesoLN(R)': {'post': 10, 'pre': 2, 'downstream': 5, 'upstream': 10, 'synweight': 15}, 'MetaLN(R)': {'post': 26, 'pre': 1, 'downstream': 5, 'upstream': 26, 'synweight': 31}, 'Ov(R)': {'post': 915, 'pre': 180, 'downstream': 1037, 'upstream': 915, 'synweight': 1952}, 'PDMN(R)': {'post': 9, 'pre': 3, 'downstream': 18, 'upstream': 9, 'synweight': 27}, 'VNC': {'post': 12344, 'pre': 2192, 'downstream': 11799, 'upstream': 12344, 'synweight': 24143}, 'VNC-unspecified': {'post': 113, 'pre': 14, 'downstream': 77, 'upstream': 113, 'synweight': 190}}",23382.0,0.8766137957572937,2655,,,BA,10675.0,AN01B002,AN_GNG_5,30058,,,,15533.0,11197.0,,ascending_neuron,gaba,,,,,early,01B,,,,14239,,cns tiling,gaba,0.8753344416618347,A5,12457.0,,gaba,R,"['ANm', 'AbN4(R)', 'CV', 'CV-unspecified', 'CentralBrain', 'CentralBrain-unspecified', 'GNG', 'LegNp(T1)(R)', 'LegNp(T2)(R)', 'LegNp(T3)(R)', 'MesoLN(R)', 'MetaLN(R)', 'Ov(R)', 'PDMN(R)', 'VNC', 'VNC-unspecified']","['ANm', 'AbN4(R)', 'CV', 'CV-unspecified', 'CentralBrain', 'GNG', 'LegNp(T1)(R)', 'LegNp(T2)(R)', 'LegNp(T3)(R)', 'MesoLN(R)', 'MetaLN(R)', 'Ov(R)', 'PDMN(R)', 'VNC', 'VNC-unspecified']"
904685,IN13A001_L,IN13A001,1965,15668,11703,15668,6549345329,Traced,Reviewed,"[57088, 66752, 93348]","{'LegNp(T2)(L)': {'post': 15668, 'pre': 1965, 'downstream': 11703, 'upstream': 15668, 'synweight': 27371}, 'VNC': {'post': 15668, 'pre': 1965, 'downstream': 11703, 'upstream': 15668, 'synweight': 27371}}",800389.0,0.8787851333618164,1965,,,IR,10153.0,IN13A001,,27371,,,,10640.0,10186.0,,vnc_intrinsic,gaba,,,,,early,13A,,,,12722,,,gaba,0.8979754447937012,T2,800111.0,,gaba,L,"['LegNp(T2)(L)', 'VNC']","['LegNp(T2)(L)', 'VNC']"
800232,INXXX027_L,INXXX027,1182,15616,8151,15616,6692565668,Traced,Reviewed,"[54431, 54127, 131264]","{'ANm': {'post': 9410, 'pre': 239, 'downstream': 1486, 'upstream': 9410, 'synweight': 10896}, 'AbN4(R)': {'post': 140, 'downstream': 3, 'upstream': 140, 'synweight': 143}, 'LegNp(T1)(R)': {'post': 19, 'pre': 40, 'downstream': 256, 'upstream': 19, 'synweight': 275}, 'LegNp(T2)(R)': {'post': 29, 'pre': 25, 'downstream': 163, 'upstream': 29, 'synweight': 192}, 'LegNp(T3)(R)': {'post': 5363, 'pre': 225, 'downstream': 1589, 'upstream': 5363, 'synweight': 6952}, 'Ov(R)': {'post': 448, 'pre': 398, 'downstream': 2828, 'upstream': 448, 'synweight': 3276}, 'VNC': {'post': 15616, 'pre': 1182, 'downstream': 8151, 'upstream': 15616, 'synweight': 23767}, 'VNC-unspecified': {'post': 97, 'pre': 68, 'downstream': 495, 'upstream': 97, 'synweight': 592}, 'mVAC(T2)(R)': {'post': 75, 'pre': 157, 'downstream': 1111, 'upstream': 75, 'synweight': 1186}, 'mVAC(T3)(R)': {'post': 35, 'pre': 30, 'downstream': 220, 'upstream': 35, 'synweight': 255}}",800232.0,0.9600316882133484,1182,,,BI,10149.0,INXXX027,,23767,,,,10226.0,10226.0,,vnc_intrinsic,acetylcholine,,,,,early,TBD,,,,4849,,vnc convergent,acetylcholine,0.9596661925315857,A7,12868.0,,acetylcholine,L,"['ANm', 'AbN4(R)', 'LegNp(T1)(R)', 'LegNp(T2)(R)', 'LegNp(T3)(R)', 'Ov(R)', 'VNC', 'VNC-unspecified', 'mVAC(T2)(R)', 'mVAC(T3)(R)']","['ANm', 'LegNp(T1)(R)', 'LegNp(T2)(R)', 'LegNp(T3)(R)', 'Ov(R)', 'VNC', 'VNC-unspecified', 'mVAC(T2)(R)', 'mVAC(T3)(R)']"
801137,b2 MN_L,b2 MN,60,15577,147,15577,13080225743,Traced,Reviewed,"[61285, 58266, 86567]","{'ADMN(L)': {'post': 298, 'pre': 18, 'downstream': 53, 'upstream': 298, 'synweight': 351}, 'DMetaN(L)': {'post': 16, 'upstream': 16, 'synweight': 16}, 'HTct(UTct-T3)(L)': {'post': 338, 'upstream': 338, 'synweight': 338}, 'IntTct': {'post': 1929, 'upstream': 1929, 'synweight': 1929}, 'LTct': {'post': 104, 'pre': 1, 'downstream': 4, 'upstream': 104, 'synweight': 108}, 'LegNp(T2)(L)': {'post': 247, 'pre': 1, 'downstream': 3, 'upstream': 247, 'synweight': 250}, 'NTct(UTct-T1)(L)': {'post': 208, 'upstream': 208, 'synweight': 208}, 'Ov(L)': {'post': 128, 'upstream': 128, 'synweight': 128}, 'VNC': {'post': 15577, 'pre': 60, 'downstream': 147, 'upstream': 15577, 'synweight': 15724}, 'VNC-unspecified': {'post': 675, 'pre': 1, 'downstream': 1, 'upstream': 675, 'synweight': 676}, 'WTct(UTct-T2)(L)': {'post': 11634, 'pre': 39, 'downstream': 86, 'upstream': 11634, 'synweight': 11720}}",801137.0,0.5208643674850464,60,,,wm,,b2 MN,,15724,,,,10131.0,10064.0,,vnc_motor,acetylcholine,,,,,early,16B,,,,122,,,acetylcholine,0.6345783472061157,T2,,ADMN,acetylcholine,L,"['ADMN(L)', 'DMetaN(L)', 'HTct(UTct-T3)(L)', 'IntTct', 'LTct', 'LegNp(T2)(L)', 'NTct(UTct-T1)(L)', 'Ov(L)', 'VNC', 'VNC-unspecified', 'WTct(UTct-T2)(L)']","['ADMN(L)', 'LTct', 'LegNp(T2)(L)', 'VNC', 'VNC-unspecified', 'WTct(UTct-T2)(L)']"
530835,AN05B009_L,AN05B009,4064,15502,21943,15502,5219232785,Traced,Prelim Roughly traced,"[55246, 45916, 118668]","{'ADMN(R)': {'post': 40, 'pre': 6, 'downstream': 26, 'upstream': 40, 'synweight': 66}, 'AMMC(R)': {'post': 279, 'pre': 72, 'downstream': 433, 'upstream': 279, 'synweight': 712}, 'ANm': {'post': 8, 'pre': 1, 'downstream': 3, 'upstream': 8, 'synweight': 11}, 'CV': {'post': 2, 'pre': 2, 'downstream': 5, 'upstream': 2, 'synweight': 7}, 'CV-unspecified': {'post': 2, 'pre': 2, 'downstream': 5, 'upstream': 2, 'synweight': 7}, 'CentralBrain': {'post': 2844, 'pre': 712, 'downstream': 4253, 'upstream': 2844, 'synweight': 7097}, 'CentralBrain-unspecified': {'post': 46, 'pre': 6, 'downstream': 28, 'upstream': 46, 'synweight': 74}, 'GNG': {'post': 2333, 'pre': 589, 'downstream': 3494, 'upstream': 2333, 'synweight': 5827}, 'LegNp(T1)(R)': {'post': 1171, 'pre': 863, 'downstream': 4204, 'upstream': 1171, 'synweight': 5375}, 'LegNp(T2)(R)': {'post': 4704, 'pre': 996, 'downstream': 5419, 'upstream': 4704, 'synweight': 10123}, 'LegNp(T3)(R)': {'post': 4749, 'pre': 987, 'downstream': 5623, 'upstream': 4749, 'synweight': 10372}, 'MetaLN(R)': {'post': 3, 'pre': 1, 'downstream': 4, 'upstream': 3, 'synweight': 7}, 'Ov(R)': {'post': 1737, 'pre': 459, 'downstream': 2209, 'upstream': 1737, 'synweight': 3946}, 'PDMN(R)': {'post': 10, 'downstream': 5, 'upstream': 10, 'synweight': 15}, 'SAD': {'post': 186, 'pre': 45, 'downstream': 298, 'upstream': 186, 'synweight': 484}, 'VNC': {'post': 12656, 'pre': 3350, 'downstream': 17685, 'upstream': 12656, 'synweight': 30341}, 'VNC-unspecified': {'post': 232, 'pre': 37, 'downstream': 192, 'upstream': 232, 'synweight': 424}, 'mVAC(T1)(R)': {'post': 2, 'upstream': 2, 'synweight': 2}}",17513.0,0.8814850449562073,4064,,,CA,10266.0,AN05B009,AN_GNG_65,37445,,,,10266.0,10266.0,,ascending_neuron,gaba,,,,,early,05B,,,,13666,,cns tiling,gaba,0.8867330551147461,A2,17513.0,,gaba,L,"['ADMN(R)', 'AMMC(R)', 'ANm', 'CV', 'CV-unspecified', 'CentralBrain', 'CentralBrain-unspecified', 'GNG', 'LegNp(T1)(R)', 'LegNp(T2)(R)', 'LegNp(T3)(R)', 'MetaLN(R)', 'Ov(R)', 'PDMN(R)', 'SAD', 'VNC', 'VNC-unspecified', 'mVAC(T1)(R)']","['ADMN(R)', 'AMMC(R)', 'ANm', 'CV', 'CV-unspecified', 'CentralBrain', 'CentralBrain-unspecified', 'GNG', 'LegNp(T1)(R)', 'LegNp(T2)(R)', 'LegNp(T3)(R)', 'MetaLN(R)', 'Ov(R)', 'SAD', 'VNC', 'VNC-unspecified']"
800127,IN19A008_R,IN19A008,2357,15446,14673,15446,7017025886,Traced,Reviewed,"[42870, 45497, 120880]","{'ANm': {'post': 362, 'pre': 119, 'downstream': 887, 'upstream': 362, 'synweight': 1249}, 'HTct(UTct-T3)(R)': {'post': 67, 'pre': 4, 'downstream': 19, 'upstream': 67, 'synweight': 86}, 'LegNp(T3)(R)': {'post': 14905, 'pre': 2144, 'downstream': 13262, 'upstream': 14905, 'synweight': 28167}, 'MetaLN(R)': {'post': 111, 'pre': 90, 'downstream': 505, 'upstream': 111, 'synweight': 616}, 'VNC': {'post': 15446, 'pre': 2357, 'downstream': 14673, 'upstream': 15446, 'synweight': 30119}, 'VNC-unspecified': {'post': 1, 'upstream': 1, 'synweight': 1}}",800127.0,0.8572043776512146,2357,,,IR,10125.0,IN19A008,,30119,,,,10134.0,10134.0,,vnc_intrinsic,gaba,,,,,early,19A,,,,14385,,,gaba,0.7564665079116821,T3,800127.0,,gaba,R,"['ANm', 'HTct(UTct-T3)(R)', 'LegNp(T3)(R)', 'MetaLN(R)', 'VNC', 'VNC-unspecified']","['ANm', 'HTct(UTct-T3)(R)', 'LegNp(T3)(R)', 'MetaLN(R)', 'VNC']"
10124,DNg105_L,DNg105,4099,15435,22265,15435,14094782631,Traced,Prelim Roughly traced,"[57769, 42860, 22614]","{'AMMC(L)': {'post': 32, 'upstream': 32, 'synweight': 32}, 'AMMC(R)': {'post': 90, 'pre': 1, 'downstream': 1, 'upstream': 90, 'synweight': 91}, 'ANm': {'post': 2, 'pre': 14, 'downstream': 82, 'upstream': 2, 'synweight': 84}, 'CV': {'post': 14, 'pre': 10, 'downstream': 39, 'upstream': 14, 'synweight': 53}, 'CV-unspecified': {'post': 14, 'pre': 10, 'downstream': 39, 'upstream': 14, 'synweight': 53}, 'CentralBrain': {'post': 14311, 'pre': 141, 'downstream': 576, 'upstream': 14311, 'synweight': 14887}, 'CentralBrain-unspecified': {'post': 1142, 'pre': 18, 'downstream': 62, 'upstream': 1142, 'synweight': 1204}, 'FLA(L)': {'post': 369, 'pre': 27, 'downstream': 191, 'upstream': 369, 'synweight': 560}, 'FLA(R)': {'post': 210, 'pre': 1, 'downstream': 2, 'upstream': 210, 'synweight': 212}, 'GNG': {'post': 9236, 'pre': 83, 'downstream': 272, 'upstream': 9236, 'synweight': 9508}, 'HTct(UTct-T3)(R)': {'pre': 11, 'downstream': 77, 'synweight': 77}, 'LTct': {'post': 8, 'pre': 28, 'downstream': 232, 'upstream': 8, 'synweight': 240}, 'LegNp(T1)(R)': {'post': 290, 'pre': 1057, 'downstream': 5052, 'upstream': 290, 'synweight': 5342}, 'LegNp(T2)(R)': {'post': 329, 'pre': 1193, 'downstream': 6459, 'upstream': 329, 'synweight': 6788}, 'LegNp(T3)(R)': {'post': 405, 'pre': 1394, 'downstream': 8234, 'upstream': 405, 'synweight': 8639}, 'MesoAN(R)': {'post': 6, 'pre': 18, 'downstream': 104, 'upstream': 6, 'synweight': 110}, 'NTct(UTct-T1)(R)': {'post': 20, 'pre': 115, 'downstream': 617, 'upstream': 20, 'synweight': 637}, 'SAD': {'post': 3229, 'pre': 11, 'downstream': 48, 'upstream': 3229, 'synweight': 3277}, 'VNC': {'post': 1110, 'pre': 3948, 'downstream': 21650, 'upstream': 1110, 'synweight': 22760}, 'VNC-unspecified': {'post': 45, 'pre': 105, 'downstream': 725, 'upstream': 45, 'synweight': 770}, 'WED(L)': {'post': 1, 'upstream': 1, 'synweight': 1}, 'WED(R)': {'post': 2, 'upstream': 2, 'synweight': 2}, 'WTct(UTct-T2)(R)': {'post': 5, 'pre': 13, 'downstream': 68, 'upstream': 5, 'synweight': 73}}",10124.0,0.8730767965316772,4099,,,xl,10052.0,DNg105,DNg105,37700,,MX3,,10095.0,10086.0,,descending_neuron,gaba,,,10124,,early,03B_put2,,,,8712,,vnc convergent,gaba,0.8700409531593323,MX,10124.0,,gaba,L,"['AMMC(L)', 'AMMC(R)', 'ANm', 'CV', 'CV-unspecified', 'CentralBrain', 'CentralBrain-unspecified', 'FLA(L)', 'FLA(R)', 'GNG', 'LTct', 'LegNp(T1)(R)', 'LegNp(T2)(R)', 'LegNp(T3)(R)', 'MesoAN(R)', 'NTct(UTct-T1)(R)', 'SAD', 'VNC', 'VNC-unspecified', 'WED(L)', 'WED(R)', 'WTct(UTct-T2)(R)']","['AMMC(R)', 'ANm', 'CV', 'CV-unspecified', 'CentralBrain', 'CentralBrain-unspecified', 'FLA(L)', 'FLA(R)', 'GNG', 'HTct(UTct-T3)(R)', 'LTct', 'LegNp(T1)(R)', 'LegNp(T2)(R)', 'LegNp(T3)(R)', 'MesoAN(R)', 'NTct(UTct-T1)(R)', 'SAD', 'VNC', 'VNC-unspecified', 'WTct(UTct-T2)(R)']"
800243,IN23B009_R,IN23B009,1664,15349,12666,15349,1805978206,Traced,Reviewed,"[46336, 44238, 111964]","{'ANm': {'post': 17, 'pre': 3, 'downstream': 13, 'upstream': 17, 'synweight': 30}, 'LegNp(T3)(L)': {'post': 17, 'pre': 25, 'downstream': 151, 'upstream': 17, 'synweight': 168}, 'LegNp(T3)(R)': {'post': 15282, 'pre': 1635, 'downstream': 12496, 'upstream': 15282, 'synweight': 27778}, 'VNC': {'post': 15349, 'pre': 1664, 'downstream': 12666, 'upstream': 15349, 'synweight': 28015}, 'VNC-unspecified': {'post': 33, 'pre': 1, 'downstream': 6, 'upstream': 33, 'synweight': 39}}",800243.0,0.9545274972915649,1664,,,BR,12339.0,IN23B009,,28015,,,,12833.0,12833.0,,vnc_intrinsic,acetylcholine,,,,,early,23B,,,,10955,,,acetylcholine,0.9633702039718628,T3,800225.0,,acetylcholine,R,"['ANm', 'LegNp(T3)(L)', 'LegNp(T3)(R)', 'VNC', 'VNC-unspecified']","['ANm', 'LegNp(T3)(L)', 'LegNp(T3)(R)', 'VNC', 'VNC-unspecified']"
13130,DNg105_R,DNg105,4613,15276,25737,15276,14811289902,Traced,Prelim Roughly traced,"[41079, 46160, 22258]","{'AMMC(L)': {'post': 161, 'pre': 4, 'downstream': 20, 'upstream': 161, 'synweight': 181}, 'AMMC(R)': {'post': 110, 'pre': 2, 'downstream': 3, 'upstream': 110, 'synweight': 113}, 'CV': {'post': 50, 'pre': 23, 'downstream': 71, 'upstream': 50, 'synweight': 121}, 'CV-unspecified': {'post': 50, 'pre': 23, 'downstream': 71, 'upstream': 50, 'synweight': 121}, 'CentralBrain': {'post': 13901, 'pre': 372, 'downstream': 2071, 'upstream': 13901, 'synweight': 15972}, 'CentralBrain-unspecified': {'post': 829, 'pre': 18, 'downstream': 116, 'upstream': 829, 'synweight': 945}, 'FLA(L)': {'post': 324, 'pre': 3, 'downstream': 9, 'upstream': 324, 'synweight': 333}, 'FLA(R)': {'post': 316, 'upstream': 316, 'synweight': 316}, 'GNG': {'post': 9728, 'pre': 335, 'downstream': 1876, 'upstream': 9728, 'synweight': 11604}, 'IntTct': {'pre': 1, 'downstream': 7, 'synweight': 7}, 'LTct': {'post': 12, 'pre': 36, 'downstream': 263, 'upstream': 12, 'synweight': 275}, 'LegNp(T1)(L)': {'post': 343, 'pre': 1279, 'downstream': 6965, 'upstream': 343, 'synweight': 7308}, 'LegNp(T2)(L)': {'post': 533, 'pre': 1247, 'downstream': 6726, 'upstream': 533, 'synweight': 7259}, 'LegNp(T3)(L)': {'post': 386, 'pre': 1382, 'downstream': 8153, 'upstream': 386, 'synweight': 8539}, 'NTct(UTct-T1)(L)': {'post': 6, 'pre': 123, 'downstream': 628, 'upstream': 6, 'synweight': 634}, 'Ov(L)': {'pre': 26, 'downstream': 214, 'synweight': 214}, 'SAD': {'post': 2423, 'pre': 10, 'downstream': 47, 'upstream': 2423, 'synweight': 2470}, 'VES(R)': {'post': 10, 'upstream': 10, 'synweight': 10}, 'VNC': {'post': 1325, 'pre': 4218, 'downstream': 23595, 'upstream': 1325, 'synweight': 24920}, 'VNC-unspecified': {'post': 42, 'pre': 83, 'downstream': 462, 'upstream': 42, 'synweight': 504}, 'WTct(UTct-T2)(L)': {'post': 3, 'pre': 41, 'downstream': 177, 'upstream': 3, 'synweight': 180}}",10124.0,0.8730767965316772,4613,,,xl,10052.0,DNg105,DNg105,41013,,MX3,,10086.0,10086.0,,descending_neuron,gaba,,,10124,,early,03B_put2,,,,8712,,vnc convergent,gaba,0.8757743835449219,MX,10124.0,,gaba,R,"['AMMC(L)', 'AMMC(R)', 'CV', 'CV-unspecified', 'CentralBrain', 'CentralBrain-unspecified', 'FLA(L)', 'FLA(R)', 'GNG', 'LTct', 'LegNp(T1)(L)', 'LegNp(T2)(L)', 'LegNp(T3)(L)', 'NTct(UTct-T1)(L)', 'SAD', 'VES(R)', 'VNC', 'VNC-unspecified', 'WTct(UTct-T2)(L)']","['AMMC(L)', 'AMMC(R)', 'CV', 'CV-unspecified', 'CentralBrain', 'CentralBrain-unspecified', 'FLA(L)', 'GNG', 'IntTct', 'LTct', 'LegNp(T1)(L)', 'LegNp(T2)(L)', 'LegNp(T3)(L)', 'NTct(UTct-T1)(L)', 'Ov(L)', 'SAD', 'VNC', 'VNC-unspecified', 'WTct(UTct-T2)(L)']"
12601,DNge122_R,DNge122,3078,15242,14751,15242,4294149417,Traced,Prelim Roughly traced,"[44416, 46576, 21759]","{'AMMC(L)': {'post': 60, 'pre': 9, 'downstream': 40, 'upstream': 60, 'synweight': 100}, 'AMMC(R)': {'post': 95, 'pre': 39, 'downstream': 163, 'upstream': 95, 'synweight': 258}, 'ANm': {'post': 769, 'pre': 159, 'downstream': 839, 'upstream': 769, 'synweight': 1608}, 'CV': {'post': 5, 'pre': 2, 'downstream': 11, 'upstream': 5, 'synweight': 16}, 'CV-unspecified': {'post': 5, 'pre': 2, 'downstream': 11, 'upstream': 5, 'synweight': 16}, 'CentralBrain': {'post': 6101, 'pre': 1302, 'downstream': 5983, 'upstream': 6101, 'synweight': 12084}, 'CentralBrain-unspecified': {'post': 238, 'pre': 26, 'downstream': 104, 'upstream': 238, 'synweight': 342}, 'GNG': {'post': 5594, 'pre': 1217, 'downstream': 5627, 'upstream': 5594, 'synweight': 11221}, 'LegNp(T1)(L)': {'post': 1363, 'pre': 321, 'downstream': 1572, 'upstream': 1363, 'synweight': 2935}, 'LegNp(T2)(L)': {'post': 443, 'pre': 27, 'downstream': 148, 'upstream': 443, 'synweight': 591}, 'LegNp(T2)(R)': {'post': 25, 'upstream': 25, 'synweight': 25}, 'LegNp(T3)(L)': {'post': 247, 'pre': 35, 'downstream': 192, 'upstream': 247, 'synweight': 439}, 'LegNp(T3)(R)': {'post': 6, 'upstream': 6, 'synweight': 6}, 'Ov(L)': {'post': 4590, 'pre': 893, 'downstream': 4334, 'upstream': 4590, 'synweight': 8924}, 'Ov(R)': {'post': 1014, 'pre': 220, 'downstream': 1055, 'upstream': 1014, 'synweight': 2069}, 'PDMN(L)': {'post': 31, 'pre': 2, 'downstream': 11, 'upstream': 31, 'synweight': 42}, 'SAD': {'post': 114, 'pre': 11, 'downstream': 49, 'upstream': 114, 'synweight': 163}, 'VNC': {'post': 9136, 'pre': 1774, 'downstream': 8757, 'upstream': 9136, 'synweight': 17893}, 'VNC-unspecified': {'post': 641, 'pre': 117, 'downstream': 606, 'upstream': 641, 'synweight': 1247}, 'mVAC(T2)(L)': {'post': 7, 'upstream': 7, 'synweight': 7}}",12601.0,0.8610382080078125,3078,,,xn,,DNxn166,DNge122,29993,,MX3,,12206.0,12206.0,,descending_neuron,gaba,,,12601,,,,,,,5768,,,gaba,0.8554315567016602,MX,,,gaba,R,"['AMMC(L)', 'AMMC(R)', 'ANm', 'CV', 'CV-unspecified', 'CentralBrain', 'CentralBrain-unspecified', 'GNG', 'LegNp(T1)(L)', 'LegNp(T2)(L)', 'LegNp(T2)(R)', 'LegNp(T3)(L)', 'LegNp(T3)(R)', 'Ov(L)', 'Ov(R)', 'PDMN(L)', 'SAD', 'VNC', 'VNC-unspecified', 'mVAC(T2)(L)']","['AMMC(L)', 'AMMC(R)', 'ANm', 'CV', 'CV-unspecified', 'CentralBrain', 'CentralBrain-unspecified', 'GNG', 'LegNp(T1)(L)', 'LegNp(T2)(L)', 'LegNp(T3)(L)', 'Ov(L)', 'Ov(R)', 'PDMN(L)', 'SAD', 'VNC', 'VNC-unspecified']"
800236,IN19A008_L,IN19A008,2099,15075,12694,15075,7111010615,Traced,Reviewed,"[61226, 53214, 97434]","{'IntTct': {'post': 13, 'pre': 1, 'downstream': 5, 'upstream': 13, 'synweight': 18}, 'LTct': {'post': 165, 'pre': 10, 'downstream': 56, 'upstream': 165, 'synweight': 221}, 'LegNp(T2)(L)': {'post': 14478, 'pre': 2054, 'downstream': 12448, 'upstream': 14478, 'synweight': 26926}, 'MesoLN(L)': {'post': 6, 'pre': 8, 'downstream': 43, 'upstream': 6, 'synweight': 49}, 'Ov(L)': {'post': 24, 'upstream': 24, 'synweight': 24}, 'VNC': {'post': 15075, 'pre': 2099, 'downstream': 12694, 'upstream': 15075, 'synweight': 27769}, 'VNC-unspecified': {'post': 345, 'pre': 24, 'downstream': 131, 'upstream': 345, 'synweight': 476}, 'WTct(UTct-T2)(L)': {'post': 1, 'upstream': 1, 'synweight': 1}, 'mVAC(T2)(L)': {'post': 43, 'pre': 2, 'downstream': 11, 'upstream': 43, 'synweight': 54}}",800236.0,0.8572043776512146,2099,,,IR,10125.0,IN19A008,,27769,,,,11891.0,10125.0,,vnc_intrinsic,gaba,,,,,early,19A,,,,14385,,,gaba,0.9025298357009888,T2,800127.0,,gaba,L,"['IntTct', 'LTct', 'LegNp(T2)(L)', 'MesoLN(L)', 'Ov(L)', 'VNC', 'VNC-unspecified', 'WTct(UTct-T2)(L)', 'mVAC(T2)(L)']","['IntTct', 'LTct', 'LegNp(T2)(L)', 'MesoLN(L)', 'VNC', 'VNC-unspecified', 'mVAC(T2)(L)']"
800517,INXXX027_R,INXXX027,1218,14969,8258,14969,7065998320,Traced,Reviewed,"[45170, 47580, 130240]","{'ANm': {'post': 9078, 'pre': 327, 'downstream': 2145, 'upstream': 9078, 'synweight': 11223}, 'AbN4(R)': {'post': 104, 'upstream': 104, 'synweight': 104}, 'LTct': {'post': 3, 'pre': 15, 'downstream': 108, 'upstream': 3, 'synweight': 111}, 'LegNp(T1)(L)': {'post': 47, 'pre': 34, 'downstream': 229, 'upstream': 47, 'synweight': 276}, 'LegNp(T2)(L)': {'post': 188, 'pre': 41, 'downstream': 282, 'upstream': 188, 'synweight': 470}, 'LegNp(T3)(L)': {'post': 4841, 'pre': 134, 'downstream': 873, 'upstream': 4841, 'synweight': 5714}, 'LegNp(T3)(R)': {'post': 5, 'upstream': 5, 'synweight': 5}, 'Ov(L)': {'post': 476, 'pre': 468, 'downstream': 3255, 'upstream': 476, 'synweight': 3731}, 'VNC': {'post': 14969, 'pre': 1218, 'downstream': 8258, 'upstream': 14969, 'synweight': 23227}, 'VNC-unspecified': {'post': 151, 'pre': 110, 'downstream': 719, 'upstream': 151, 'synweight': 870}, 'mVAC(T1)(L)': {'post': 3, 'upstream': 3, 'synweight': 3}, 'mVAC(T2)(L)': {'post': 55, 'pre': 84, 'downstream': 611, 'upstream': 55, 'synweight': 666}, 'mVAC(T3)(L)': {'post': 18, 'pre': 5, 'downstream': 36, 'upstream': 18, 'synweight': 54}}",800232.0,0.9600316882133484,1218,,,BI,10149.0,INXXX027,,23227,,,,10333.0,10226.0,,vnc_intrinsic,acetylcholine,,,,,early,TBD,,,,4849,,vnc convergent,acetylcholine,0.9608809947967529,A7,12868.0,,acetylcholine,R,"['ANm', 'AbN4(R)', 'LTct', 'LegNp(T1)(L)', 'LegNp(T2)(L)', 'LegNp(T3)(L)', 'LegNp(T3)(R)', 'Ov(L)', 'VNC', 'VNC-unspecified', 'mVAC(T1)(L)', 'mVAC(T2)(L)', 'mVAC(T3)(L)']","['ANm', 'LTct', 'LegNp(T1)(L)', 'LegNp(T2)(L)', 'LegNp(T3)(L)', 'Ov(L)', 'VNC', 'VNC-unspecified', 'mVAC(T2)(L)', 'mVAC(T3)(L)']"
800190,MNwm35_R,MNwm35,24,14895,49,14895,8773022308,Traced,Reviewed,"[39661, 61517, 107335]","{'ADMN(R)': {'post': 57, 'upstream': 57, 'synweight': 57}, 'ANm': {'post': 51, 'upstream': 51, 'synweight': 51}, 'DMetaN(R)': {'post': 44, 'upstream': 44, 'synweight': 44}, 'HTct(UTct-T3)(R)': {'post': 882, 'upstream': 882, 'synweight': 882}, 'IntTct': {'post': 1111, 'upstream': 1111, 'synweight': 1111}, 'LTct': {'post': 47, 'upstream': 47, 'synweight': 47}, 'LegNp(T2)(R)': {'post': 191, 'pre': 1, 'downstream': 1, 'upstream': 191, 'synweight': 192}, 'MesoAN(R)': {'post': 16, 'pre': 1, 'downstream': 7, 'upstream': 16, 'synweight': 23}, 'NTct(UTct-T1)(R)': {'post': 201, 'upstream': 201, 'synweight': 201}, 'VNC': {'post': 14894, 'pre': 24, 'downstream': 49, 'upstream': 14894, 'synweight': 14943}, 'VNC-unspecified': {'post': 630, 'pre': 1, 'downstream': 1, 'upstream': 630, 'synweight': 631}, 'WTct(UTct-T2)(R)': {'post': 11664, 'pre': 21, 'downstream': 40, 'upstream': 11664, 'synweight': 11704}}",800190.0,0.6810027360916138,24,,,wm,,MNwm35,,14944,,,,13665.0,13665.0,,vnc_motor,unclear,,,,,,03B,,,,43,,,unclear,0.7720543742179871,T2,,MesoAN,unclear,R,"['ADMN(R)', 'ANm', 'DMetaN(R)', 'HTct(UTct-T3)(R)', 'IntTct', 'LTct', 'LegNp(T2)(R)', 'MesoAN(R)', 'NTct(UTct-T1)(R)', 'VNC', 'VNC-unspecified', 'WTct(UTct-T2)(R)']","['LegNp(T2)(R)', 'MesoAN(R)', 'VNC', 'VNC-unspecified', 'WTct(UTct-T2)(R)']"
10141,DNg15_L,DNg15,2954,14820,18689,14820,18387696230,Traced,Prelim Roughly traced,"[58034, 40953, 18936]","{'AMMC(R)': {'post': 1626, 'pre': 9, 'downstream': 23, 'upstream': 1626, 'synweight': 1649}, 'ANm': {'post': 23, 'pre': 77, 'downstream': 573, 'upstream': 23, 'synweight': 596}, 'CV': {'post': 101, 'pre': 13, 'downstream': 43, 'upstream': 101, 'synweight': 144}, 'CV-unspecified': {'post': 101, 'pre': 13, 'downstream': 43, 'upstream': 101, 'synweight': 144}, 'CentralBrain': {'post': 14144, 'pre': 100, 'downstream': 545, 'upstream': 14144, 'synweight': 14689}, 'CentralBrain-unspecified': {'post': 211, 'pre': 29, 'downstream': 232, 'upstream': 211, 'synweight': 443}, 'GNG': {'post': 10708, 'pre': 50, 'downstream': 245, 'upstream': 10708, 'synweight': 10953}, 'IntTct': {'post': 17, 'pre': 82, 'downstream': 446, 'upstream': 17, 'synweight': 463}, 'LTct': {'post': 124, 'pre': 534, 'downstream': 3263, 'upstream': 124, 'synweight': 3387}, 'LegNp(T1)(L)': {'post': 11, 'pre': 55, 'downstream': 364, 'upstream': 11, 'synweight': 375}, 'LegNp(T1)(R)': {'post': 208, 'pre': 1296, 'downstream': 8278, 'upstream': 208, 'synweight': 8486}, 'LegNp(T2)(R)': {'post': 72, 'pre': 489, 'downstream': 3186, 'upstream': 72, 'synweight': 3258}, 'LegNp(T3)(R)': {'post': 21, 'pre': 137, 'downstream': 995, 'upstream': 21, 'synweight': 1016}, 'Ov(R)': {'post': 2, 'pre': 14, 'downstream': 87, 'upstream': 2, 'synweight': 89}, 'SAD': {'post': 1595, 'pre': 12, 'downstream': 45, 'upstream': 1595, 'synweight': 1640}, 'VNC': {'post': 575, 'pre': 2841, 'downstream': 18101, 'upstream': 575, 'synweight': 18676}, 'VNC-unspecified': {'post': 86, 'pre': 137, 'downstream': 787, 'upstream': 86, 'synweight': 873}, 'WED(R)': {'post': 4, 'upstream': 4, 'synweight': 4}, 'WTct(UTct-T2)(R)': {'post': 11, 'pre': 20, 'downstream': 122, 'upstream': 11, 'synweight': 133}}",10141.0,0.944103479385376,2954,,,xn,,DNg15,DNg15,33509,,putative_primary,Matsuo 2016: AMMC-Db5; Sterne 2021: nagini,10101.0,10101.0,,descending_neuron,acetylcholine,,,,,,,,,,6049,,,acetylcholine,0.9491392374038696,,,,acetylcholine,L,"['AMMC(R)', 'ANm', 'CV', 'CV-unspecified', 'CentralBrain', 'CentralBrain-unspecified', 'GNG', 'IntTct', 'LTct', 'LegNp(T1)(L)', 'LegNp(T1)(R)', 'LegNp(T2)(R)', 'LegNp(T3)(R)', 'Ov(R)', 'SAD', 'VNC', 'VNC-unspecified', 'WED(R)', 'WTct(UTct-T2)(R)']","['AMMC(R)', 'ANm', 'CV', 'CV-unspecified', 'CentralBrain', 'CentralBrain-unspecified', 'GNG', 'IntTct', 'LTct', 'LegNp(T1)(L)', 'LegNp(T1)(R)', 'LegNp(T2)(R)', 'LegNp(T3)(R)', 'Ov(R)', 'SAD', 'VNC', 'VNC-unspecified', 'WTct(UTct-T2)(R)']"
