type,count
R1-R6,3375
Tm3,2054
T3,1940
T2a,1871
L5,1787
L2,1779
C3,1779
T4c,1778
Tm1,1777
L1,1776
Mi9,1775
Mi1,1773
L3,1772
Mi4,1772
Tm9,1771
L4,1770
Tm2,1766
Tm20,1762
C2,1743
T5c,1720
T5b,1715
T4d,1709
T4b,1690
T4a,1684
Tm4,1670
T5a,1664
T2,1630
T5d,1620
Tm6,1526
Dm2,1452
TmY18,1367
TmY5a,1364
KCg-m,1342
Dm3a,1204
Mi15,1151
T1,1146
Dm3b,1136
Mi2,986
Tm12,967
Mi13,910
Tm5Y,898
TmY3,824
Dm3c,787
Tm5c,750
BM_InOm,736
KCab-s,657
Y3,627
Dm10,626
Tm5a,624
Dm8a,572
TmY4,562
Tm37,559
TmY10,552
Tm29,544
KCab-m,536
Dm8b,532
Tm5b,522
TmY9b,515
LC12,498
KCab-c,488
Dm15,485
R7y,482
R8y,481
TmY14,477
Cm1,472
TmY9a,471
Mi10,444
R8_unclear,440
TmY13,432
Tm39,426
JO-C/D/E,417
Tm16,396
TmY17,395
R7_unclear,386
Cm2,383
TmY21,372
Lawf1,361
LC17,353
TmY20,343
R7p,332
R8p,330
Cm3,323
Mi14,315
KCa'b'-ap2,291
LLPC1,285
Tm33,280
Lawf2,276
Dm12,276
LC10a,275
Dm9,273
SNta29,260
Cm4,251
LLPC2,250
MeTu1,249
Pm1,246
Tm24,245
"SNta02,SNta09",241
Li22,232
SNta37,228
LPC1,224
Tm38,223
LC9,219
Pm2a,219
LLPC3,219
Li14,217
LC10d,214
Cm5,214
Cm6,211
TmY15,209
Y14,208
LC18,208
Li21,207
KCg-d,206
KCa'b'-m,205
ORN_DA1,204
KCa'b'-ap1,199
Y13,193
Mi16,191
Mi17,189
Y12,186
SNxx03,186
LPLC2,185
Cm7,184
Cm8,182
Pm5,182
LC16,182
Tm40,180
LC13,177
Tm34,174
MeTu3c,174
TmY16,168
Pm4,168
Dm11,158
SNta20,156
Tm36,155
LPC2,154
LC21,153
Y11,153
Dm16,151
SApp,148
MeLo2,145
LC11,143
Cm9,143
Tlp12,139
PFNp_b,136
LgLG1b,136
LPLC1,134
ORN_VA1d,132
LgLG1a,132
ORN_VA1v,130
LC10c-1,130
SNxx04,130
KCab-p,129
LgLG2,129
LC4,126
LC15,126
LC10c-2,125
Tm32,125
Pm2b,124
LC6,124
Tm30,124
MeLo1,123
LPi3a,123
MeVP1,122
SNta38,122
Tm31,120
LPi34,119
Li23,119
Li25,117
Tlp13,115
SNta21,115
Li27,113
LC10e,110
MeLo3a,107
LPi3412,104
Tm26,103
ORN_DL3,103
SNxxxx,102
LPT111,101
MeVP6,99
Dm4,99
Dm20,98
ORN_VL2a,98
LPLC4,97
WG2,97
MeLo7,96
WG4,96
WG3,96
WG1,96
MeTu4a,95
LPi2e,95
LC10b,95
LC24,94
Cm10,89
LgLG3b,88
MeTu4c,87
TmY19a,86
Tm35,86
ORN_VM5d,84
MeTu3b,83
ORN_VA2,83
ORN_DL1,83
SNta04,83
MeLo9,82
R7d,82
ORN_VL1,82
MeLo3b,81
SNch10,81
Dm1,80
SNppxx,80
LC20b,79
Lai,79
ORN_VM4,78
SNta42,77
R8d,76
MeVP2,76
SNta31,76
LC26,75
Cm11a,75
Pm10,74
"SApp09,SApp22",74
ORN_DM1,74
SNta28,74
LC22,73
MeLo13,73
SNta43,73
SNxx33,72
Cm12,70
MeTu2a,70
vDeltaA_a,70
BM,69
Mi18,69
Pm3,69
LOLP1,69
MeVP3,69
Li34a,68
Tlp11,68
MeLo4,68
LgLG3a,68
SNta11,67
SNxx14,66
Li13,65
JO-F,65
SNta30,65
PFNp_a,64
ORN_VA6,63
ORN_DM3,63
SNta25,63
Dm6,62
LC28,62
MeLo6,62
LC20a,62
ORN_DL4,62
SNpp50,62
MeVP10,61
LPi43,61
MeLo10,61
LPi2d,61
Li34b,60
Dm18,58
PFNa,58
Tlp14,58
ORN_DM6,58
LC30,57
JO-B,57
FS4A,57
LC25,56
Cm11b,56
MeTu4f,56
MeVP11,55
vDeltaM,55
ORN_V,55
SNta18,55
Pm9,54
LPi2c,54
ORN_DM2,54
SNta34,54
SNta41,54
Dm13,53
SNpp45,53
"SNta04,SNta11",53
Cm13,52
LoVP1,52
SNta32,52
Li19,51
MeTu4e,51
LoVP13,51
Pm6,50
MeLo11,50
MeLo12,50
Dm-DRA1,50
PAM08,50
claw_tpGRN,50
SNta40,50
Li18a,49
Cm14,48
TPMN1,48
ORN_DA2,48
MeLo8,47
Cm15,47
FC2C,47
vDeltaK,47
SApp08,47
SNta27,47
EPG,46
LPi3b,46
LC27,46
Acc. ti flexor MN,46
ORN_VL2p,45
Cm11c,44
LoVP2,44
PAM01,44
LC14b,43
ORN_DL5,43
ORN_VM3,43
SNpp52,43
"SNta11,SNta14",43
SNta35,43
LgLG4,43
Delta7,42
aMe5,42
FS2,42
LoVP12,42
Li15,41
ORN_VM2,41
SNpp60,41
PFNp_c,40
MeTu4d,40
MeVP4,40
LC29,40
Li20,40
PFNd,40
LPT100,40
BM_Taste,40
SNpp47,40
SNta23,40
Pm8,39
MeLo14,39
LPT112,39
SNpp39,39
SNta03,39
Li26,38
MeTu3a,38
Cm16,38
ORN_VC4,38
SApp10,37
vDeltaL,37
MeLo5,37
"SApp06,SApp15",37
R7R8_unclear,37
SNxx06,37
TmY19b,36
ORN_VM7d,36
Ti flexor MN,36
SNpp02,36
SNta44,36
ORN_DA4m,35
ORN_DC3,35
ORN_DM5,35
SNpp19,35
Tr flexor MN,35
SNch01,35
Dm14,34
LT52,34
LC40,34
ORN_VM6v,34
LPi4a,34
ORN_VM5v,34
ORN_VA4,34
ORN_VC3,34
ORN_DA3,34
SNxx22,34
Tm23,33
MeVP14,33
ORN_DP1l,33
LPi14,33
Dm-DRA2,33
ORN_DA4l,33
ORN_VM1,33
LC33,32
LC31a,32
LC36,32
PAM04,32
MeTu4b,32
ORN_DC1,32
ORN_DM4,32
ORN_VC2,32
SNpp51,32
SNpp40,32
hDeltaK,31
MeTu2b,31
hDeltaJ,31
IbSpsP,31
Cm17,31
ORN_DP1m,31
Li18b,31
vDeltaB,31
AN10B045,31
ORN_VC5,31
vDeltaA_b,31
FS3_d,31
IN01B095,31
SNta26,31
SNta45,31
lLN1_bc,30
Dm19,30
LC14a-1,30
Cm19,30
ORN_VA3,30
SNta07,30
IN03B060,30
ORN_VC1,29
FS4B,29
ORN_VA7l,29
Pm7,28
PFR_a,28
ORN_D,28
Cm18,28
PAM06,28
FS4C,28
HRN_VP4,28
PFNp_d,28
IN08A036,28
SNta19,28
MeVP12,27
JO-A,27
Li35,27
FC2B,27
vDeltaC,27
LoVP5,27
IN10B058,27
SNxx07,27
IN10B057,27
CB4118,26
ER4d,26
PFNm_b,26
ME_unclear,26
Cm20,26
LB3d,26
BM_vOcci_vPoOr,26
SNxx20,26
AOTU008,25
Cm21,25
CB1876,25
FC1D,25
ORN_VM7v,25
LgAG1,25
ORN_VM6m,25
IN06B066,25
SNxx02,25
SNta33,25
IN20A.22A092,25
SNpp01,25
PFL3,24
PVLP133,24
MeVP15,24
ORN_VA7m,24
IN08A026,24
MeVP7,23
DNg08,23
LHPV6a1,23
TuBu03,23
PFNp_e,23
ORN_DL2v,23
LB3c,23
SApp23,23
ORN_DC4,23
IN04B074,23
IN20A.22A039,23
INXXX446,23
SNta39,23
LoVC25,22
LT51,22
Li17,22
LPT114,22
PEN_b(PEN2),22
BM_Vib,22
LPT113,22
LoVP8,22
FC1E,22
FC1B,22
LoVP6,22
PAM12,22
ORN_DC2,22
CB1617,22
SNxx23,22
Sternal posterior rotator MN,22
IN06A059,22
LgLG7,22
Acc. tr flexor MN,22
SNpp41,22
ER5,21
SMP018,21
CB1178,21
SLP024,21
GNG431,21
aPhM1,21
PFNm_a,21
vDeltaD,21
TuBu09,21
TuBu08,21
TuBu07,21
IN03B058,21
IN20A.22A090,21
SNxx01,21
IN19A117,21
PFNv,20
ER2_c,20
PEN_a(PEN1),20
hDeltaC,20
SIP076,20
vDeltaI_b,20
CB4091,20
CB1008,20
ER3d_b,20
FC3_b,20
LoVP7,20
LHPV5b1,20
PAM05,20
dMS2,20
SNxx29,20
IN20A.22A024,20
SNpp42,20
IN08A043,20
IN01B065,20
aMe4,19
hDeltaB,19
MeVPMe5,19
CB4072,19
CB4116,19
PRW006,19
LoVP14,19
LAL094,19
Cm22,19
LB1e,19
SApp01,19
IN03A071,19
IN10B032,19
INXXX448,19
IN10B042,19
SNpp43,19
SNtaxx,19
VS,18
EL,18
PEG,18
ER3w_b,18
PFGs,18
ER3m,18
FR1,18
Cm11d,18
SLP082,18
FR2,18
CB1964,18
AVLP377,18
WED057,18
FC2A,18
DNpe008,18
vDeltaG,18
FS1A_c,18
vDeltaF,18
vDeltaE,18
JO-mz,18
HRN_VP1d,18
CB1154,18
GNG643,18
PAM14,18
PS087,18
IN09A039,18
IN20A.22A009,18
IN10B055,18
IN20A.22A073,18
IN20A.22A053,18
IN07B098,18
IN09A043,18
"SNpp29,SNpp63",18
IN03B089,18
IN06A082,18
SNxx21,18
IN21A087,18
ltm MN,18
SNxx05,18
SNpp18,18
hDeltaI,17
Cm23,17
LHAV2c1,17
vDeltaI_a,17
FC1A,17
LHAV4a4,17
FC3_a,17
MeVP5,17
CB4070,17
FC1C_b,17
CRE055,17
LHPV5b2,17
PAM02,17
LB3a,17
Fe reductor MN,17
IN20A.22A021,17
IN06B047,17
IN20A.22A048,17
SNpp28,17
IN20A.22A089,17
IN03B066,17
IN01B090,17
IPC,16
mAL_m8,16
DNg106,16
PFR_b,16
AVLP465,16
LHAV4d1,16
PVLP004,16
DNg07,16
PLP115_b,16
PLP182,16
WED038,16
FS1A_a,16
WED002,16
FS1B_b,16
OCC02b,16
LB1c,16
LAL096,16
PAM13,16
AN10B047,16
ORN_VA5,16
SNpp23,16
IN19A041,16
IN23B023,16
IN04B100,16
IN20A.22A017,16
IN02A029,16
IN19B091,16
IN04B081,16
IN20A.22A049,16
IN13A045,16
ENXXX226,16
SNpp58,16
IN01B080,16
CB4073,15
CB4083,15
LC14a-2,15
SMP377,15
ER3a_a,15
LC37,15
CB1786_a,15
FC3_c,15
LoVP10,15
PS077,15
PAM10,15
PVLP005,15
WED040_a,15
PS335,15
FC1F,15
CB1556,15
TuBu10,15
CB0943,15
ORN_DL2d,15
CB4138,15
BM_MaPa,15
FS3_a,15
PAM11,15
AN10B037,15
IN19A093,15
IN03A045,15
IN20A.22A016,15
IN20A.22A036,15
LgLG6,15
IN06A113,15
IN20A.22A055,15
IN20A.22A085,15
MeVP17,14
CB4071,14
PVLP046,14
PVLP097,14
CB1072,14
AN08B018,14
PFL1,14
ANXXX027,14
DNge091,14
MeVPLo2,14
PRW005,14
AMMC025,14
AVLP104,14
LC19,14
LC43,14
ER3p_a,14
w-cHIN,14
LO_unclear,14
WED033,14
SLP188,14
SMP703m,14
CB4081,14
LHAD1a2,14
AVLP026,14
CB2081_a,14
CB4084,14
CB4066,14
CB4242,14
PAM07,14
CB4110,14
LHPV5b3,14
SLP266,14
LHPV2b3,14
CB1148,14
FS3_c,14
IB004_a,14
FS3_b,14
SMP106,14
ORN_VM6l,14
Pleural remotor/abductor MN,14
IN23B018,14
Sternotrochanter MN,14
IN04B068,14
IN06B059,14
IN13A050,14
IN06A075,14
IN02A030,14
IN02A054,14
IN14A078,14
IN19B067,14
IN04B078,14
IN03A046,14
IN08A011,14
IN12B036,14
IN23B028,14
IN12B072,14
vMS11,14
IN03B072,14
IN05B090,14
IN03A094,14
IN03B069,14
SNxx19,14
LgLG8,14
IN08A041,14
IN19A098,14
DA1_lPN,13
Li28,13
LoVP92,13
SAxx01,13
MeVP8,13
FB3C,13
Cm26,13
CB0986,13
WEDPN8C,13
PVLP209m,13
LHAV2h1,13
ER1_b,13
DNge094,13
AVLP279,13
CB2558,13
CB4096,13
CB4120,13
LC41,13
WED164,13
SLP176,13
SMP261,13
CB2685,13
FS1B_a,13
SLP405_a,13
FS1A_b,13
LoVP9,13
AN10B046,13
GFC3,13
IN03A067,13
INXXX290,13
IN06A132,13
IN04B102,13
IN13A038,13
IN20A.22A067,13
LgLG5,13
SNpp16,13
IN06A022,13
IN10B041,13
IN13A068,13
IN09A064,13
IN19A114,13
IN13A059,13
IN03B091,13
IN10B059,13
"SNta19,SNta37",13
SNpp56,13
SNpp53,13
MeVPMe1,12
Mi19,12
LHPV4a10,12
AVLP749m,12
PFL2,12
SAD057,12
LoVP18,12
VES200m,12
mAL_m1,12
MeVP9,12
PRW007,12
lLN2P_b,12
SMP331,12
AOTU050,12
FLA001m,12
Cm28,12
AN19A018,12
CB4127,12
CB4128,12
LHAV3n1,12
MeVPMe9,12
VM5d_adPN,12
LoVP26,12
WED166_d,12
AVLP115,12
FLA002m,12
PS324,12
hDeltaA,12
DNg03,12
WED030_b,12
DNg06,12
ER2_a,12
LoVP_unclear,12
AVLP149,12
M_lPNm11D,12
DNp17,12
CB4119,12
AVLP753m,12
LHAV1a3,12
PS096,12
GNG406,12
PLP025,12
LoVP93,12
WED118,12
PS357,12
CL090_c,12
AMMC005,12
PS209,12
CB2881,12
SLP369,12
PVLP008_c,12
LHPV5a1,12
WED030_a,12
AVLP232,12
SLP187,12
TuBu04,12
LHPV4g1,12
FC1C_a,12
SLP285,12
TPMN2,12
SMP228,12
M_vPNml53,12
LHAD1b5,12
WED143_c,12
GNG428,12
DNg10,12
SLP179_b,12
TuBu02,12
"SApp19,SApp21",12
SAxx02,12
SMP347,12
LHPV5c1,12
LoVP3,12
SMP220,12
PLP046,12
LoVP4,12
LHPV4a5,12
PS038,12
CRE003_b,12
WED103,12
HRN_VP5,12
SMP167,12
PS153,12
CB1824,12
SMP352,12
LHPV5c3,12
AN07B089,12
PAM03,12
AN10B039,12
IN20A.22A001,12
INXXX468,12
Ti extensor MN,12
Sternal anterior rotator MN,12
IN19A016,12
IN08A019,12
IN09A060,12
IN20A.22A008,12
IN06B029,12
IN01A045,12
IN17A028,12
IN20A.22A007,12
INXXX287,12
IN08B054,12
IN17A052,12
INXXX258,12
IN02A033,12
IN01A038,12
IN19A060_d,12
IN16B042,12
IN20A.22A041,12
MNad02,12
INXXX429,12
"IN21A023,IN21A024",12
SNpp17,12
Tergotr. MN,12
IN06B073,12
IN08A028,12
IN09A022,12
IN19A064,12
IN12B025,12
IN16B045,12
MNad13,12
IN09B038,12
IN14A015,12
INXXX431,12
IN03B061,12
IN06B079,12
ltm2-femur MN,12
IN11A021,12
IN20A.22A051,12
IN03B071,12
IN12B030,12
IN08B093,12
IN20A.22A071,12
IN13A051,12
IN07B087,12
SNta14,12
IN21A037,12
IN02A059,12
IN13A062,12
SNpp07,12
IN09A046,12
IN09A092,12
IN13B090,12
SNxx26,12
IN20A.22A077,12
IN11B017_b,12
IN20A.22A028,12
SNta36,12
IN03B055,12
IN20A.22A084,12
SNpp57,12
IN07B102,12
VES022,11
lLN2X12,11
ER4m,11
DNge019,11
LC23,11
CL091,11
PVLP007,11
AOTU059,11
AVLP126,11
Cm24,11
TRN_VP1m,11
SCL001m,11
DL3_lPN,11
CL090_d,11
AVLP743m,11
hDeltaL,11
LPT116,11
SAD200m,11
CB4094,11
AVLP191,11
LHAV6b3,11
LPT101,11
ER3d_d,11
LoVP16,11
AN09A005,11
aSP10B,11
LH008m,11
CB1918,11
PLP150,11
WED056,11
AVLP145,11
LHAD1c2,11
PS208,11
LT81,11
ER1_a,11
LT70,11
CB1638,11
IB054,11
DNpe015,11
SMP427,11
PS072,11
SLP405_b,11
CB1268,11
FLA004m,11
WEDPN8B,11
LHAV7b1,11
CB1923,11
TuBu05,11
GNG454,11
LC10_unclear,11
CB4087,11
LHAV6a3,11
SMP409,11
SLP289,11
CB4082,11
CB4112,11
CB1997,11
AOTU038,11
SLP164,11
LHPV6f1,11
vDeltaJ,11
CB1227,11
SMP723m,11
SLP414,11
LPi3c,11
LB3b,11
CB1357,11
CB4130,11
LHAV5a2_a3,11
SMP281,11
LgAG2,11
SLP268,11
SMP105_a,11
AN10B053,11
LB1a,11
AN10B035,11
AN08B113,11
IN03A073,11
IN03A030,11
IN20A.22A006,11
IN17A061,11
IN03A068,11
IN12B027,11
SNxx11,11
IN14A020,11
IN09A093,11
IN03A075,11
IN04B018,11
IN01A082,11
IN13B022,11
IN23B032,11
IN03A055,11
IN20A.22A012,11
IN03A039,11
Tr extensor MN,11
IN20A.22A058,11
IN06A116,11
IN11B018,11
IN13B078,11
IN07B065,11
IN12A054,11
IN20A.22A060,11
IN12B048,11
IN19A108,11
IN19A059,11
IN00A057,11
IN08A030,11
IN10B044,11
IN19A106,11
IN20A.22A069,11
IN09A079,11
IN14A110,11
IN02A066,11
MeVPMe2,10
WED092,10
AVLP541,10
SAD001,10
AN09B004,10
Li30,10
LC31b,10
PVLP072,10
PLP188,10
CB1805,10
CB1932,10
AMMC020,10
SMP245,10
AMMC026,10
AVLP045,10
FB2I_a,10
PVLP082,10
SAD045,10
SCL002m,10
aSP10A_b,10
TuBu01,10
AMMC035,10
SLP421,10
PVLP123,10
SIP135m,10
PVLP034,10
PVLP214m,10
PS353,10
CB1026,10
WEDPN1A,10
SIP100m,10
CB3417,10
PLP115_a,10
DA2_lPN,10
LHPD2a2,10
SMP408_d,10
mAL_m3c,10
SLP288,10
DNg02_a,10
CB2292,10
CL099,10
SMP025,10
PRW008,10
LC35a,10
CB4103,10
SIP047,10
CRE103,10
SMP317,10
AVLP387,10
WED035,10
CB4077,10
AVLP385,10
WED096,10
CB1094,10
SLP036,10
CL182,10
CB1114,10
WED042,10
CB4243,10
TuBu06,10
AMMC019,10
ANXXX169,10
LoVC24,10
LHAV1d2,10
SLP275,10
LC34,10
LAL048,10
WED001,10
CB4086,10
WED004,10
CB1570,10
CL210_a,10
CB2342,10
WED163,10
SIP053,10
CB2290,10
LHAV2b4,10
LAL150,10
LHPD2c2,10
CB1109,10
DNg12_b,10
LHPV4b4,10
SMP133,10
SLP018,10
CB1322,10
"SLP283,SLP284",10
DNge071,10
PLP158,10
CB2066,10
LoVP27,10
LHPV2e1_a,10
lLN12A,10
SApp04,10
LHAV4g1,10
LHPV6d1,10
CB0743,10
v2LN46,10
CB4100,10
SMP219,10
CB2814,10
CB1333,10
INXXX217,10
CB1339,10
LHAV4b2,10
LoVC27,10
LC46b,10
CB3865,10
LAL110,10
SMP452,10
SLP324,10
AN08B098,10
LHAV5a2_a4,10
GNG410,10
CB4122,10
GNG332,10
SLP267,10
LAL090,10
LAL087,10
SLP295,10
LHPV2b2_a,10
AN07B069_b,10
CB1359,10
IN06B017,10
CB2148,10
AN08B100,10
SLP300,10
CB2074,10
AN12B060,10
dorsal_tpGRN,10
CB4129,10
CB1851,10
PS008_b,10
AN19B101,10
IN23B046,10
IN16B083,10
INXXX396,10
IN23B037,10
IN13B058,10
IN19A073,10
INXXX045,10
INXXX269,10
IN06B063,10
IN03A089,10
IN12B034,10
IN03A031,10
IN07B061,10
IN20A.22A045,10
IN06A102,10
IN06A117,10
SNxx25,10
IN03A051,10
IN03A037,10
IN18B038,10
GFC2,10
IN13A057,10
IN04B036,10
IN04B017,10
IN02A044,10
IN09A055,10
IN01A050,10
IN04B032,10
IN07B075,10
IN03A052,10
IN07B081,10
IN03A059,10
IN01A079,10
SNta06,10
IN23B060,10
IN10B050,10
IN11B013,10
SNxx15,10
INXXX363,10
INXXX436,10
IN07B086,10
IN20A.22A015,10
IN13A035,10
IN03A064,10
IN06A106,10
IN23B056,10
IN14A023,10
IN07B079,10
IN13B079,10
IN08A034,10
IN19B089,10
IN12B059,10
IN12A044,10
IN08A047,10
IN13B056,10
IN16B077,10
IN08A031,10
SNpp61,10
SNpp48,10
IN20A.22A043,10
IN06B074,10
IN16B099,10
IN19B071,10
IN12B056,10
INXXX295,10
IN11B020,10
IN06A104,10
IN11B023,10
SNch05,10
AVLP040,9
SIP119m,9
Z_lvPNm1,9
SAD077,9
DL2d_adPN,9
CB1055,9
PVLP074,9
AVLP705m,9
LHAV2b2_a,9
WED015,9
SAD004,9
CB2539,9
SMP738,9
CB0956,9
lLN2P_c,9
PS055,9
CB1852,9
CB1685,9
v2LN3A1_b,9
WED145,9
LHAV1f1,9
PLP037,9
VP1l+_lvPN,9
PVLP111,9
LH002m,9
LHAV2a3,9
SIP146m,9
CB4088,9
LHPV3a3_b,9
PVLP033,9
LHPD2a1,9
ER3d_c,9
PLP103,9
SMP019,9
AVLP187,9
GNG319,9
WED031,9
LHAV4c2,9
CB4170,9
PLP172,9
SIP103m,9
SMP247,9
ANXXX202,9
SMP006,9
CB2572,9
aSP10C_a,9
Cm27,9
CB2440,9
AVLP055,9
CB4121,9
SLP160,9
CB1220,9
WEDPN17_c,9
AVLP469,9
CB1901,9
AVLP486,9
AMMC018,9
CB1604,9
LHAD1f4,9
LHAV2a2,9
SLP162,9
SLP028,9
LHAV4d5,9
CB1023,9
PLP086,9
PLP108,9
LHPV5d1,9
CB2792,9
MBON10,9
CB2448,9
PLVP059,9
SLP286,9
CB1201,9
CB2050,9
AMMC007,9
CB4023,9
GNG329,9
WED162,9
SIP089,9
CB1595,9
CRE054,9
SIP028,9
CB4208,9
CB2252,9
CB1168,9
CB1836,9
M_adPNm5,9
LHPV4h1,9
SLP241,9
vDeltaH,9
LHPD3a4_b,9
PS150,9
CB1457,9
CB1011,9
LHAV7a4,9
FB8F_b,9
SMP282,9
LHAV6c1,9
CB1330,9
LHAV5a2_a1,9
LHPD3a4_c,9
CB4107,9
SMP229,9
SMP008,9
FB2K,9
FB5S,9
AN07B062,9
AN07B085,9
CB1833,9
CB1789,9
PAM09,9
CB4134,9
AN19B104,9
IN08A050,9
IN08B085_a,9
INXXX230,9
IN00A031,9
IN07B055,9
IN04B031,9
IN23B043,9
IN03A066,9
IN13A029,9
IN13B026,9
IN03A069,9
IN04B013,9
IN06B069,9
IN01B020,9
IN19B043,9
IN14A090,9
IN16B061,9
IN03A060,9
IN13A047,9
IN19B090,9
IN10B028,9
IN13A030,9
IN07B054,9
IN08A048,9
ltm1-tibia MN,9
"IN09A056,IN09A072",9
IN11B014,9
IN13B044,9
IN20A.22A019,9
IN14A052,9
IN06B078,9
SNpp62,9
IN09A047,9
IN02A049,9
IN20A.22A050,9
IN06B056,9
IN03B070,9
IN07B099,9
IN23B049,9
IN04B015,9
IN23B074,9
IN01A073,9
IN19B086,9
IN06B080,9
IN20A.22A047,9
IN09A074,9
IN06B064,9
IN07B066,9
IN01A070,9
IN20A.22A065,9
IN05B091,9
IN20A.22A059,9
IN03B064,9
IN23B089,9
IN20A.22A086,9
IN07B100,9
IN09A071,9
IN03B086_d,9
IN09A096,9
IN03B088,9
Dm17,8
SMP568_a,8
CB4176,8
PVLP085,8
CB3024,8
l-LNv,8
mAL_m3b,8
CB1078,8
VA1v_adPN,8
PS241,8
PVLP203m,8
LT78,8
SIP104m,8
Li29,8
PLP054,8
AN05B097,8
AOTU015,8
SLP103,8
SMP162,8
AVLP297,8
AVLP734m,8
PVLP112,8
CL086_e,8
AVLP103,8
WED117,8
hDeltaH,8
VC3_adPN,8
PI3,8
mAL_m6,8
PVLP098,8
AVLP265,8
AN09B023,8
GNG438,8
EN00B026,8
LHAV4a1_b,8
SMP726m,8
PRW044,8
AVLP038,8
CB4105,8
SMP357,8
AVLP709m,8
aIPg1,8
WEDPN6B,8
SMP741,8
PS221,8
s-LNv,8
AVLP451,8
LPT31,8
AMMC015,8
CL086_a,8
AVLP584,8
AVLP401,8
DL2v_adPN,8
SAD079,8
BM_Vt_PoOc,8
SMP740,8
PVLP099,8
CB1838,8
AN17A015,8
WED128,8
GNG635,8
AVLP462,8
hDeltaM,8
WED201,8
SMP297,8
CL353,8
AN09B018,8
LH007m,8
hDeltaD,8
DNg12_a,8
PVLP207m,8
SMP319,8
AOTU016_b,8
WEDPN7B,8
DN1pA,8
LAL302m,8
AVLP312,8
CB3464,8
hDeltaG,8
AMMC006,8
LHPD3a2_b,8
SIP122m,8
LHAV1a1,8
SLP012,8
SMP721m,8
SLP223,8
hDeltaE,8
CB0993,8
CL014,8
AVLP349,8
PVLP205m,8
PRW010,8
CB4124,8
WED032,8
LHPV2a1_c,8
LHAV6a7,8
CRE044,8
CL016,8
AVLP526,8
Lat1,8
SMP459,8
hDeltaF,8
PS097,8
PVLP101,8
DNge115,8
P1_16b,8
CL086_c,8
VP1m+VP2_lvPN2,8
SMP307,8
CL225,8
aMe2,8
LHAV2k9,8
LoVP17,8
GNG386,8
PLP026,8
CL275,8
AVLP480,8
AVLP005,8
CB2950,8
SLP227,8
LHAD1b1_b,8
CB1897,8
LAL021,8
VES034_b,8
PS095,8
CB1048,8
LHAV2b1,8
DNge085,8
PLP028,8
AVLP481,8
MeVP16,8
WEDPN6A,8
SLP229,8
CB4228,8
DNpe054,8
M_lvPNm48,8
CB1352,8
CB2285,8
SLP152,8
CB4141,8
SMP279_a,8
SLP189_b,8
LHPV4c1_b,8
LHPD2a4_a,8
CB4168,8
SMP487,8
v2LN34D,8
CB1276,8
CB2143,8
SAD007,8
LoVP24,8
WED168,8
AVLP559,8
VES037,8
LHAV4a5,8
IB032,8
CB2784,8
CB0975,8
SMP243,8
LHPV4i3,8
CB2479,8
GNG320,8
CB3261,8
LHAD1b2,8
LHAV4a7,8
WED037,8
SLP002,8
SIP011,8
CB1464,8
SLP087,8
GNG269,8
SLP314,8
AVLP028,8
CB2433,8
PRW039,8
CB4062,8
ANXXX084,8
CB2343,8
LoVP11,8
AOTU056,8
PLP042_b,8
LHPV4c1_c,8
GNG610,8
CRE052,8
PS268,8
SMP215,8
"SApp11,SApp18",8
SMP171,8
CB4209,8
Lat3,8
M_vPNml83,8
CB3953,8
LAL050,8
CB2720,8
SMP461,8
CRE018,8
CB2678,8
AN07B049,8
LAL034,8
SMP016_b,8
CB1759b,8
LHAV5a2_a2,8
LHPD2a6,8
LHAD1d1,8
PLP192,8
CB2823,8
SMP739,8
CB1909,8
LHPV4b2,8
LHPV5a2,8
SMP361,8
SLP142,8
SIP003_a,8
PLP048,8
CB2896,8
LAL067,8
SLP088_a,8
SIP015,8
LHPV4g2,8
CB2064,8
AVLP463,8
CL018,8
CB1705,8
SMP591,8
LHAV7a3,8
SA3,8
LAL071,8
SLP199,8
AOTU058,8
AVLP199,8
CB1024,8
SAF,8
AMMC002,8
LHPV5c1_a,8
LHPV5h4,8
LHPD3a5,8
SLP102,8
CB3308,8
CB2625,8
SMP320,8
LHPD4a1,8
CB4010,8
CL147,8
SIP003_b,8
WED143_a,8
CB1062,8
SIP078,8
SLP217,8
CB2208,8
M_vPNml84,8
LHPD4b1,8
LB4b,8
SIP112m,8
CB0973,8
CB2892,8
CB1794,8
LHPD3a2_a,8
SMP523,8
SMP232,8
SMP719m,8
CRE056,8
SMP450,8
SMP705m,8
CB1975,8
SApp13,8
SMP174,8
SMP453,8
SMP007,8
FB6S,8
AN08B079_b,8
LgAG4,8
PS005_a,8
LHPV5c1_d,8
LgAG8,8
AN10B034,8
FB4Z_a,8
FB9C,8
CB1548,8
HRN_VP1l,8
SNpp30,8
Tergopleural/Pleural promotor MN,8
IN03B035,8
IN19A008,8
INXXX044,8
INXXX126,8
IN23B009,8
INXXX297,8
IN12B035,8
IN09A006,8
vPR6,8
IN13A034,8
DLMn c-f,8
IN12B020,8
INXXX440,8
IN21A017,8
IN06A063,8
IN19B068,8
IN23B008,8
IN12A036,8
IN19A096,8
IN13B050,8
IN20A.22A010,8
IN16B055,8
IN01A059,8
IN08B056,8
IN19B050,8
INXXX231,8
INXXX332,8
MNad14,8
INXXX315,8
IN03A033,8
MNad06,8
SNpp32,8
IN13A055,8
IN06B070,8
IN13A022,8
IN06A083,8
SNpp34,8
IN01A061,8
MNad17,8
MNad16,8
IN11A003,8
MNad11,8
IN13B087,8
IN13A020,8
IN01A040,8
IN02A023,8
IN03A091,8
INXXX364,8
IN20A.22A042,8
IN16B052,8
INXXX341,8
IN08B082,8
IN08A037,8
IN23B040,8
IN13B033,8
IN03A077,8
IN23B087,8
IN12B023,8
IN20A.22A044,8
IN12B053,8
IN06A019,8
IN21A051,8
IN20A.22A022,8
IN01B026,8
GFC4,8
INXXX321,8
IN12B052,8
IN06A094,8
IN04B108,8
"SNta22,SNta33",8
IN12A042,8
IN12B038,8
IN14A029,8
IN14A086,8
IN07B096_b,8
"IN06A126,IN06A137",8
IN13B035,8
IN03B079,8
IN12B071,8
IN13A040,8
IN16B073,8
IN04B077,8
IN19A099,8
IN04B112,8
IN01B033,8
IN09A095,8
"IN20A.22A070,IN20A.22A080",8
IN19B075,8
IN04B048,8
IN14A077,8
MNad09,8
IN03A081,8
IN13B065,8
IN16B108,8
IN12B081,8
IN14A109,8
IN23B081,8
IN20A.22A018,8
IN13A049,8
IN06B081,8
IN16B106,8
IN04B105,8
IN01B042,8
"IN14A042, IN14A047",8
IN11B015,8
IN12B058,8
IN02A062,8
IN01A076,8
"SNta25,SNta30",8
IN12B075,8
IN01B084,8
IN06B085,8
IN11B025,8
"SNta27,SNta28",8
IN06A124,8
IN02A047,8
IN08B036,8
IN06A136,8
IN11B019,8
IN01B082,8
IN20A.22A076,8
IN03B074,8
IN19B103,8
"SNta28,SNta44",8
IN02A058,8
IN11B022_c,8
IN03B083,8
IN03B077,8
SAD051_b,7
CB2207,7
VES202m,7
SAD051_a,7
AOTU061,7
AOTU052,7
CB1076,7
lLN2P_a,7
CB2592,7
WEDPN7A,7
VM7d_adPN,7
AVLP744m,7
CL171,7
AVLP423,7
M_vPNml63,7
LoVP50,7
VST2,7
HBeyelet,7
WED063_b,7
FB8F_a,7
SMP592,7
DM5_lPN,7
DM6_adPN,7
LHAV2g2_a,7
Cm25,7
P1_1a,7
SIP118m,7
SMP710m,7
ANXXX007,7
CB2642,7
CB3759,7
PVLP113,7
CL089_b,7
CB1145,7
AVLP060,7
AN06B039,7
AVLP050,7
VES206m,7
CB1212,7
CB1948,7
PS188,7
CB4132,7
PLP052,7
aIPg7,7
SLP115,7
VES023,7
CB1885,7
VES031,7
AVLP310,7
CB4102,7
PVLP088,7
LH006m,7
AVLP496,7
VES033,7
AMMC036,7
SLP224,7
CRE200m,7
ER3d_e,7
Cm-DRA,7
ER3d_a,7
AVLP004_a,7
SIP124m,7
CL269,7
CB4125,7
SAD047,7
CB4101,7
CB3739,7
PLP064_a,7
ER3w_a,7
M_lPNm13,7
PS282,7
CB0947,7
CB3329,7
CB1355,7
CB1213,7
v2LN50,7
IB084,7
SMP734,7
v2LN42,7
WEDPN17_a1,7
v2LN34A,7
M_lvPNm45,7
GNG440,7
LoVP83,7
CB1207_b,7
CB1575,7
SAD030,7
CB1149,7
CL087,7
CB4205,7
LHAD1f1,7
PVLP128,7
PLP099,7
LHAD1i2_b,7
lLN15,7
LHAV1a4,7
CB1601,7
CB2831,7
AVLP519,7
CB1012,7
CL274,7
DNge024,7
v2LN34E,7
CB1654,7
CB3016,7
CB2404,7
SLP322,7
CB1265,7
PVLP103,7
AOTU001,7
LHPV6h1,7
CB3252,7
SLP015_c,7
CB4123,7
LHPV6h2,7
LAL061,7
LHPV6a9_b,7
LAL060_a,7
PLP101,7
LHPV4b3,7
CB2246,7
CB4069,7
CRE095,7
CB1782,7
CB1207_a,7
CB1246,7
SLP081,7
AVLP049,7
CL169,7
PVLP037,7
PLP160,7
GNG379,7
CB2467,7
LHAV3b1,7
CB1701,7
LHAV4g7_b,7
LHPV5g1_b,7
SMP380,7
LHPV2c2,7
SMP210,7
LHAV2b10,7
SLP240_b,7
CB4194,7
PLP089,7
LoVP84,7
AN05B068,7
CB1242,7
AOTU060,7
CB3005,7
CB2507,7
SLP086,7
CB3556,7
CB4114,7
SIP027,7
CB2047,7
CB4097,7
LHAV4e2_b1,7
GNG388,7
CB1171,7
CB2116,7
LHPV2c5,7
CB2693,7
CB4155,7
CRE003_a,7
CB2346,7
AN12B089,7
CB1289,7
SLP204,7
LgAG3,7
BM_Hau,7
P1_19,7
TRN_VP2,7
CB4151,7
AN19B059,7
CB3055,7
CB3050,7
CL189,7
CB1884,7
AN10B033,7
CB1033,7
SMP382,7
CB3768,7
CB4133,7
AN08B079_a,7
AN07B056,7
CB3043,7
AN07B045,7
SMP350,7
CL048,7
AN08B061,7
AN10B061,7
IN23B007,7
IN23B020,7
IN13B027,7
IN08B062,7
"IN09A080, IN09A085",7
IN10B030,7
IN08A035,7
IN13B025,7
IN13A036,7
INXXX369,7
IN04B101,7
IN14A038,7
IN04B010,7
IN04B071,7
MNad01,7
IN09A024,7
IN13B045,7
INXXX228,7
IN04B092,7
IN00A063,7
IN13B032,7
IN09A069,7
IN20A.22A038,7
IN19B094,7
IN14A114,7
IN13B093,7
IN11A008,7
IN12B031,7
IN13A028,7
IN03A062_e,7
IN08B008,7
IN03A036,7
IN09A033,7
IN06B043,7
IN14A018,7
SNpp33,7
IN01A054,7
IN14A017,7
IN12B039,7
IN14A028,7
IN06A099,7
"MNad18,MNad27",7
IN06B077,7
IN04B103,7
IN06B086,7
IN21A058,7
IN19A060_c,7
IN17A064,7
IN12B074,7
IN03B080,7
SNpp10,7
IN04B104,7
IN03A065,7
IN01B061,7
IN04B079,7
IN00A056,7
IN06A044,7
IN08B091,7
IN03A093,7
IN01A088,7
SNpp37,7
IN16B121,7
IN08A032,7
IN13A046,7
IN07B080,7
IN13A041,7
INXXX452,7
IN09A005,7
IN19B057,7
IN08A023,7
IN10B038,7
SNpp25,7
IN12B065,7
IN06A110,7
IN20A.22A074,7
IN08A046,7
IN14A074,7
IN09A083,7
IN13A060,7
IN14A105,7
IN01B074,7
IN20A.22A052,7
IN12A064,7
IN14A095,7
IN14A120,7
IN20A.22A091,7
INXXX454,7
IN01B073,7
IN08B070_b,7
IN09A090,7
IN21A093,7
IN06A138,7
SNpp55,7
IN14A056,7
AMMC-A1,6
VA7m_lPN,6
DH44,6
AN10B022,6
MeVC27,6
FB2F_a,6
mAL_m5a,6
SAD078,6
AN12B004,6
VA5_lPN,6
WED153,6
AVLP299_b,6
DC3_adPN,6
SMP566,6
VC5_lvPN,6
AVLP732m,6
PVLP122,6
MeVP18,6
FB6C_b,6
AVLP039,6
AVLP316,6
DMS,6
VA1d_adPN,6
AN04B003,6
mAL_m5b,6
PRW016,6
MeVC21,6
WED207,6
AVLP219_c,6
aMe12,6
LoVC15,6
Cm29,6
AVLP714m,6
CL071_b,6
D_adPN,6
AVLP121,6
P1_4a,6
AN01B002,6
AVLP346,6
lLN2X02,6
SIP121m,6
CB3207,6
CB4106,6
PVLP080_b,6
CB2585,6
AVLP109,6
CB3673,6
AVLP261_a,6
M_vPNml65,6
SAD064,6
PS084,6
AVLP525,6
CL122_b,6
LHAV5a8,6
CB1809,6
mAL_m5c,6
CB2636,6
AN12B017,6
LPT23,6
VP3+_l2PN,6
FB4F_c,6
AN12B019,6
AVLP729m,6
aMe26,6
CL134,6
AN17B008,6
SAD006,6
ER3w_c,6
VES204m,6
AN08B022,6
FB2D,6
AN10B019,6
FB7A,6
CL122_a,6
CRE083,6
CL253,6
lLN2R_a,6
PS002,6
LAL144,6
ANXXX098,6
AVLP746m,6
PLP191,6
AVLP558,6
DNg11,6
AN27X018,6
AVLP244,6
CB4137,6
DNge111,6
LT74,6
CB2196,6
CB3320,6
MeVP21,6
SIP071,6
WED072,6
VES049,6
AVLP523,6
CL252,6
AN05B099,6
AVLP706m,6
SLP212,6
MeVP62,6
LLPC4,6
AVLP235,6
AN10B020,6
WEDPN3,6
LH004m,6
WED023,6
AN08B034,6
VES203m,6
CL090_e,6
PVLP204m,6
AN17A003,6
PS078,6
AVLP733m,6
AOTU007_b,6
LAL189,6
AN08B024,6
LNd_c,6
AVLP461,6
WEDPN16_d,6
LoVP23,6
CRE067,6
VC4_adPN,6
CB0929,6
AN04B023,6
AN09B009,6
CB1387,6
ICL008m,6
mAL_m2b,6
aIPg2,6
AVLP521,6
AN09B033,6
LT77,6
CRE081,6
SIP116m,6
AVLP269_a,6
AVLP728m,6
FB4O,6
aIPg5,6
FB2G_b,6
FLA006m,6
GNG442,6
P1_6a,6
VES019,6
AN08B026,6
SAD021_a,6
SLP242,6
TRN_VP3a,6
CB3104,6
CB3140,6
ITP,6
v2LN4,6
LAL196,6
DNg09_a,6
CRE086,6
LPT115,6
PVLP210m,6
aSP10A_a,6
CB1544,6
LoVP32,6
CL121_a,6
CL086_b,6
AVLP742m,6
CB0115,6
AMMC004,6
CB1955,6
PVLP202m,6
CB4163,6
SIP101m,6
AMMC022,6
SMP714m,6
FB4R,6
PLP009,6
VES020,6
SLP021,6
AN17A062,6
LAL179,6
CRE039_a,6
MeVP58,6
LHAV2f2_b,6
CB3439,6
CEM,6
PVLP144,6
PLP059,6
CB1496,6
CB2004,6
WED055_b,6
LAL022,6
WEDPN2A,6
AVLP309,6
DNg12_e,6
PLP064_b,6
PLP053,6
SMP568_b,6
CB4085,6
CB2501,6
AVLP494,6
PS042,6
AVLP551,6
DNpe009,6
DNg110,6
CB3908,6
AVLP524_b,6
M_lPNm11A,6
LHAV3o1,6
PS240,6
SMP112,6
CB4173,6
OLVC7,6
LoVP25,6
AVLP752m,6
AVLP047,6
CB1205,6
PVLP064,6
LHPV3b1_b,6
CB1007,6
SMP022,6
VL2a_vPN,6
CB4167,6
PS118,6
VM4_lvPN,6
AVLP295,6
PS345,6
FB8I,6
SIP145m,6
LC39a,6
SLP112,6
PRW028,6
CB4231,6
CB1629,6
LHAD2c3,6
SMP105_b,6
SLP019,6
CL268,6
GNG619,6
AVLP256,6
FB5V_a,6
LAL060_b,6
LHPV6a3,6
SIP141m,6
P1_14a,6
PLP067,6
PVLP060,6
SIP037,6
SIP070,6
GNG422,6
PS331,6
CL117,6
PRW041,6
DNES1,6
AVLP611,6
PLP065,6
PRW042,6
AN08B031,6
SAD003,6
WED025,6
LHPV2a1_a,6
CB2976,6
PLP180,6
AOTU051,6
CL023,6
LHAV4c1,6
LAL056,6
aSP10C_b,6
LHPV4a1,6
SLP405_c,6
AVLP394,6
PLP155,6
AN01B004,6
CB1165,6
AVLP410,6
FB7L,6
AVLP168,6
M_VPNml66,6
WED034,6
LHPV4b1,6
SLP316,6
AN07B005,6
AVLP311_a2,6
PS229,6
CB3503,6
CB2805,6
AN01B005,6
CB4206,6
PS142,6
SLP113,6
AVLP003,6
CL120,6
CL283_a,6
SLP044_d,6
AOTU002_b,6
GNG595,6
LHPV2b4,6
SLP450,6
CRE051,6
CRE028,6
CL235,6
CB1073,6
LHAV2g3,6
PRW009,6
LH003m,6
SLP158,6
FB8H,6
GNG412,6
AN17A018,6
SMP218,6
WEDPN17_b,6
GNG239,6
LHAD3f1_a,6
CB3001,6
LAL059,6
AVLP013,6
CB4169,6
CL089_c,6
CL254,6
AMMC003,6
ER3a_b,6
AOTU062,6
CRE037,6
SAD023,6
PVLP092,6
GNG662,6
AVLP051,6
SMP403,6
CB2873,6
PLP042_c,6
PVLP036,6
LHPV4i1,6
SMP408_c,6
WED009,6
PS148,6
AN10B029,6
AN05B100,6
AN17A014,6
CB1752,6
AN08B023,6
WED028,6
CB1087,6
PLP187,6
AN10B027,6
WED026,6
LHAV6a5,6
LHAV4b4,6
PLP106,6
PS034,6
AVLP230,6
DNge114,6
SMP214,6
DNg18_b,6
GNG407,6
LHPV4a2,6
CB2503,6
CRE016,6
AN08B074,6
SMP358,6
CB1056,6
SLP171,6
FB5V_b,6
SMP217,6
AVLP224_a,6
CRE092,6
LHAV2k1,6
CB2934,6
FB7E,6
DNge089,6
CL170,6
SLP040,6
CB1593,6
AVLP229,6
CB1447,6
PLP181,6
WEDPN14,6
CB1417,6
CB3056,6
SLP122,6
PS285,6
AN07B052,6
FB5X,6
LHAV4g4_b,6
SMP277,6
SLP334,6
AN16B078_d,6
CB1628,6
LHAV2b6,6
AVLP550b,6
DNge179,6
LHPV6k1,6
PRW037,6
CB2910,6
AVLP069_b,6
AOTU003,6
CB0951,6
SLP038,6
CB2037,6
AN01B011,6
PS076,6
LHAD1b2_b,6
SApp14,6
CB4216,6
LoVP33,6
CB1735,6
AVLP069_c,6
CL167,6
PLP189,6
PLP039,6
SLP043,6
WED010,6
CB2133,6
AN18B053,6
CB1160,6
SAD011,6
CB2038,6
LHAD1a1,6
PRW024,6
PS037,6
SLP467,6
CB3010,6
LAL030_a,6
AN16B078_c,6
AN07B072_e,6
GNG443,6
CB1406,6
SLP041,6
OCC02a,6
CB1899,6
CB2431,6
CB1389,6
lLN9,6
CB4143,6
SMP448,6
CB1983,6
PRW025,6
LHAV5a6_b,6
PVLP068,6
VES101,6
CB2494,6
CB1181,6
DNge020,6
CL024_a,6
SMP315,6
PS110,6
CB1458,6
SMP223,6
lLN13,6
GNG427,6
CB2089,6
LHAV9a1_b,6
SMP429,6
PLP190,6
CB2480,6
WED167,6
SMP227,6
SMP410,6
CB1030,6
AN17A024,6
CB1529,6
LHPV6h1_b,6
LHAD1i1,6
LHPV4d10,6
VM6_lvPN,6
CB1020,6
SMP091,6
CL292,6
GNG255,6
SLP198,6
SMP468,6
ENS1,6
CB2919,6
CB2600,6
AN04A001,6
LAL030_b,6
LHPV4d3,6
CB0937,6
GNG326,6
CB3049,6
LHAV3b8,6
SLP128,6
FB8G,6
SIP073,6
GNG395,6
M_vPNml87,6
CB4115,6
CB1219,6
CB4095,6
M_vPNml76,6
SMP578,6
LHAV4e2_b2,6
SMP166,6
PLP044,6
CB2469,6
SLP104,6
GNG380,6
PS270,6
SIP032,6
CB3743,6
SMP590_b,6
WED157,6
SLP312,6
CB1434,6
SLP337,6
SLP245,6
SMP381_a,6
LHAV7a7,6
CB1699,6
WED041,6
PS194,6
CB2035,6
M_adPNm8,6
FB5W_a,6
PS004,6
LHAV9a1_c,6
CB1684,6
GNG597,6
CB2051,6
SLP290,6
LHPV2a4,6
CB2694,6
CB2955,6
CB1679,6
SLP179_a,6
GNG416,6
SLP129_c,6
LoVC26,6
SMP021,6
CB1391,6
LHAV5a2_b,6
LHPV5g2,6
AN09B035,6
SMP737,6
CB2589,6
AN06B068,6
CB2876,6
SMP326,6
CB1337,6
FB5B,6
SMP408_b,6
SLP141,6
CL196,6
"LHPV6h3,SLP276",6
SIP042_a,6
CL185,6
AN08B101,6
CB4197,6
CB1896,6
CB1956,6
SMP323,6
LHPV5a3,6
SMP207,6
SIP074_b,6
ENS5,6
SAD008,6
AN09B040,6
AOTU004,6
CB2703,6
FB4A_a,6
AOTU039,6
LHAV7a5,6
AOTU040,6
FB9A,6
LAL089,6
AN07B070,6
SMP262,6
SMP354,6
mAL4F,6
AN05B104,6
LAL006,6
SMP581,6
CB2638,6
AN10B048,6
SIP080,6
CB3992,6
AN19B065,6
IB004_b,6
LB2c,6
SIP075,6
CB4157,6
AN07B060,6
LHPV5b6,6
CL355,6
SMP268,6
AN19B079,6
AN06A112,6
AN07B110,6
IN05B070,6
LB1b,6
IN17A001,6
IN07B007,6
IN19A002,6
IN19A001,6
IN12B002,6
IN21A001,6
IN09A001,6
DVMn 1a-c,6
IN14A002,6
IN08A007,6
INXXX464,6
IN19B003,6
INXXX032,6
IN01A035,6
IN08A002,6
IN19A011,6
IN07B002,6
IN09A014,6
IN19B012,6
IN05B028,6
IN01A012,6
IN03A004,6
IN19A007,6
IN16B020,6
IN13A001,6
IN13B004,6
IN19A015,6
IN13A003,6
IN17A017,6
IN03A010,6
IN13A002,6
IN26X001,6
IN07B006,6
IN03A020,6
IN17A019,6
IN13B011,6
IN19A004,6
INXXX149,6
IN13A008,6
IN13A010,6
IN12B003,6
IN13A005,6
MNad07,6
IN06B008,6
IN19A005,6
IN13A007,6
IN17A007,6
IN09A002,6
IN16B074,6
IN13B001,6
IN21A008,6
IN04B008,6
IN16B016,6
IN21A002,6
IN13B005,6
IN21A019,6
IN03A006,6
IN14A006,6
IN03B021,6
IN01B003,6
IN13A009,6
IN19A003,6
IN13A012,6
IN21A014,6
IN03A007,6
IN09A003,6
IN01A011,6
IN08A006,6
IN11A028,6
IN21A004,6
IN03A040,6
IN13B013,6
IN19A032,6
IN13B021,6
IN21A016,6
IN09A018,6
IN13A006,6
IN19A084,6
IN19A020,6
IN14A001,6
IN21A003,6
IN09B008,6
IN14A008,6
IN01B002,6
IN19A029,6
IN08A005,6
IN13B009,6
INXXX100,6
IN16B032,6
IN08A008,6
IN01B008,6
IN12B007,6
IN16B018,6
IN13A018,6
IN20A.22A005,6
IN14A005,6
IN17A022,6
IN13B014,6
IN11A020,6
IN13B012,6
IN09A013,6
IN09B005,6
IN21A010,6
IN06A064,6
INXXX466,6
IN06B061,6
IN19A088_c,6
INXXX058,6
IN21A009,6
IN12B018,6
IN14A004,6
IN10B014,6
IN09B045,6
IN17A025,6
IN21A011,6
IN21A018,6
IN21A012,6
IN21A015,6
IN19A030,6
IN13B006,6
vMS12_a,6
IN01A023,6
IN14A007,6
IN23B024,6
IN13B023,6
IN08A022,6
IN18B021,6
IN21A020,6
IN14A011,6
IN21A007,6
IN09A017,6
IN26X002,6
IN01A015,6
IN08B040,6
IN16B036,6
IN01A039,6
IN17A041,6
IN01B012,6
IN14A012,6
IN21A006,6
IN14A010,6
IN20A.22A064,6
IN01A032,6
IN01A062_c,6
IN21A013,6
IN17A020,6
IN03B052,6
IN08B042,6
IN13A014,6
IN16B030,6
IN21A028,6
IN03A014,6
IN16B033,6
IN12B069,6
IN03A053,6
IN16B029,6
IN12B012,6
IN09A010,6
IN19A022,6
INXXX253,6
IN03B042,6
IN23B022,6
IN12B086,6
IN23B013,6
IN01B006,6
IN21A035,6
IN09A016,6
IN11B001,6
IN02A010,6
IN09A044,6
SNta13,6
IN07B029,6
IN00A011,6
IN14A009,6
IN23B014,6
IN01B007,6
IN20A.22A081,6
IN06A096,6
IN03A054,6
IN13B029,6
IN05B017,6
IN09A019,6
IN13A054,6
IN01A041,6
"IN17A080,IN17A083",6
INXXX402,6
IN09A031,6
IN06A125,6
INXXX405,6
IN09A012,6
IN19A021,6
IN03A085,6
IN16B125,6
IN06B076,6
IN19B056,6
IN01A031,6
IN20A.22A004,6
IN21A061,6
IN04B044,6
IN17A044,6
IN12B088,6
IN06A070,6
IN12B079_c,6
IN14A024,6
IN06B058,6
IN13A019,6
IN12A052_b,6
IN12B022,6
IN03A019,6
IN23B086,6
IN01A048,6
IN08A045,6
IN14A013,6
IN08B037,6
IN12A027,6
IN01A036,6
IN21A022,6
IN06B040,6
IN04B027,6
IN09A057,6
IN03A027,6
IN14A014,6
IN13B018,6
IN23B030,6
IN01A077,6
INXXX316,6
IN13B017,6
IN13B019,6
IN01A025,6
MNad08,6
IN00A026,6
IN00A024,6
IN02A020,6
IN03A057,6
IN21A049,6
IN16B053,6
IN09A020,6
IN13A021,6
IN23B047,6
INXXX281,6
INXXX331,6
IN19B066,6
IN19A046,6
SNta05,6
IN01A058,6
IN08B068,6
IN01B010,6
IN21A042,6
INXXX443,6
IN00A045,6
IN19A045,6
IN04A002,6
IN16B041,6
IN11A025,6
IN16B037,6
IN13B054,6
IN23B031,6
MNad03,6
IN16B058,6
IN01B022,6
IN20A.22A030,6
IN12A035,6
MNad10,6
IN03B084,6
IN23B025,6
IN13A024,6
"IN14A042,IN14A047",6
INXXX417,6
IN03A029,6
IN06B071,6
IN20A.22A054,6
SNxx17,6
IN14B010,6
IN04B084,6
IN14A087,6
IN01A069,6
IN12B024_a,6
IN03A092,6
INXXX377,6
INXXX280,6
IN02A015,6
IN09A027,6
IN12B024_b,6
IN14A037,6
IN06A066,6
IN07B068,6
IN16B070,6
IN06A109,6
IN11A022,6
IN18B042,6
IN12B024_c,6
IN13B036,6
IN23B070,6
IN04B091,6
IN12B068_a,6
IN11A014,6
IN07B048,6
IN08B065,6
IN09B046,6
INXXX415,6
IN17A111,6
IN01B067,6
INXXX386,6
IN19B073,6
IN23B063,6
IN03B054,6
IN14A025,6
INXXX416,6
IN02A043,6
IN18B054,6
IN03A047,6
IN09A021,6
IN10B033,6
IN09B043,6
IN08A024,6
IN03A084,6
IN23B078,6
IN04B037,6
IN01A078,6
IN13B070,6
"IN17A088, IN17A089",6
IN19A061,6
IN12B063_c,6
IN03B056,6
IN16B093,6
IN21A038,6
IN04B063,6
IN04B062,6
IN07B044,6
IN00A054,6
IN06A140,6
IN14A044,6
IN13A044,6
SNxx10,6
IN16B071,6
IN21A054,6
IN16B098,6
IN21A044,6
IN07B094_b,6
IN09B047,6
IN14A108,6
IN18B051,6
IN23B054,6
IN09A070,6
IN20A.22A056,6
IN06B087,6
IN01B025,6
IN12B043,6
IN02A064,6
IN19B084,6
IN13A042,6
IN06A042,6
Sternal adductor MN,6
IN13B057,6
SNxx28,6
IN02A057,6
IN12B026,6
IN19A054,6
IN09A049,6
IN16B069,6
IN13B074,6
IN09A078,6
IN10B054,6
IN06A072,6
IN16B097,6
IN12A062,6
IN01B049,6
IN09A091,6
IN01A071,6
IN01A066,6
IN06A011,6
IN01B052,6
IN02A052,6
SNpp11,6
IN06B082,6
IN05B088,6
IN21A056,6
IN09A042,6
IN19B080,6
IN07B083_b,6
IN03B063,6
IN16B082,6
SNpp38,6
IN07B090,6
SNpp35,6
IN16B090,6
IN06A103,6
IN12B054,6
IN09B049,6
IN09A063,6
IN13B064,6
IN10B052,6
IN09A073,6
SNpp14,6
IN21A077,6
IN09A066,6
IN09A045,6
SNpp15,6
IN14A118,6
IN08B104,6
IN07B077,6
IN02A045,6
IN19A100,6
IN02A048,6
IN09A054,6
IN21A078,6
IN06A108,6
IN03B081,6
IN03B090,6
IN12B044_e,6
IN16B089,6
IN13B076,6
SNpp20,6
IN01A081,6
IN19A067,6
IN12A063_b,6
IN13A061,6
"SApp23,SNpp56",6
MNml78,6
IN13B097,6
SNxx16,6
Ta depressor MN,6
IN06B065,6
"IN14A048, IN14A102",6
MNml80,6
SNpp59,6
CB2049,5
AVLP748m,5
lLN2T_a,5
CB2763,5
LAL304m,5
aIPg6,5
CB3019,5
aMe17b,5
LAL303m,5
aMe30,5
GNG411,5
WED114,5
CB2298,5
AVLP722m,5
PLP111,5
AVLP700m,5
CB4179,5
AVLP189_b,5
AVLP353,5
LoVC17,5
AVLP299_d,5
CB2659,5
AVLP120,5
WED012,5
PRW026,5
M_lvPNm37,5
LHAV2b3,5
aPhM2a,5
SLP065,5
GNG401,5
AVLP711m,5
AVLP325_b,5
ER2_d,5
LAL025,5
SMP120,5
CB3446,5
CB4214,5
M_lvPNm33,5
CB1099,5
AN00A006,5
AVLP111,5
AVLP718m,5
AVLP421,5
SMP728m,5
CB3364,5
CB0763,5
CB2341,5
CB1189,5
AVLP105,5
AVLP037,5
AVLP064,5
AOTU002_a,5
CRE094,5
AVLP117,5
AMMC021,5
SLP240_a,5
SMP302,5
MB-C1,5
AVLP183,5
CB3660,5
AVLP727m,5
SIP024,5
LHPV2a1_d,5
AVLP303,5
PS252,5
SMP404,5
AN06B002,5
AVLP283,5
AVLP762m,5
CB2472,5
SAD104,5
LoVP89,5
CB2224,5
CB2396,5
DNg12_c,5
FB1D,5
LHAV7a1,5
VST1,5
AVLP739m,5
GNG657,5
P1_16a,5
DNg02_b,5
CRE001,5
WED098,5
CB1085,5
CB1065,5
LHAV2i4,5
SIP128m,5
SAD005,5
CB1260,5
CL168,5
AVLP176_c,5
SMP172,5
SMP306,5
AVLP176_d,5
CB2769,5
CB2000,5
vpoIN,5
FB7I,5
P1_17b,5
ER3a_d,5
AVLP292,5
CL118,5
AVLP044_a,5
CB2251,5
VES021,5
WEDPN6C,5
SMP717m,5
AVLP527,5
M_vPNml60,5
PRW043,5
l2LN20,5
WED204,5
LoVP75,5
LHAD1b2_d,5
GNG413,5
DNge108,5
AMMC031,5
AVLP306,5
LHPV2a3,5
SLP360_d,5
LHPV2b5,5
CB2302,5
AVLP198,5
CL160,5
AVLP176_b,5
WED095,5
CL166,5
CB1537,5
CB1089,5
LHPV3a2,5
CB1554,5
GNG465,5
M_lvPNm41,5
SMP590_a,5
GNG634,5
ICL006m,5
CB1432,5
PVLP105,5
ATL009,5
CB2995,5
DNg36_b,5
CB1460,5
FB1E_a,5
LC44,5
AN14A003,5
CB3023,5
M_lvPNm35,5
LHPV3b1_a,5
PS269,5
CB2522,5
SLP400,5
CB1282,5
AVLP560,5
WEDPN8D,5
CB2687,5
SMP570,5
CB2667,5
LHAD1f3_b,5
GNG621,5
WED094,5
CB1687,5
aPhM3,5
CB0972,5
CB1379,5
AVLP549,5
AVLP550_b,5
PS346,5
SLP186,5
AVLP002,5
AVLP147,5
CB4152,5
AVLP138,5
CB2679,5
GNG376,5
CL255,5
AVLP231,5
CB3476,5
ANXXX145,5
CB2863,5
CB3075,5
AVLP004_b,5
CB1269,5
WED161,5
GNG453,5
WEDPN7C,5
SMP509,5
LHPV6f5,5
CB3202,5
SLP042,5
CB1576,5
PLP174,5
CB2787,5
GNG444,5
CB1503,5
CB1504,5
CB0996,5
CB1523,5
LHAV2k5,5
CB3293,5
PLP042_a,5
CB1527,5
CB1487,5
AN12B055,5
CB1131,5
AOTU055,5
FB5V_c,5
WED039,5
GNG646,5
CB2869,5
CB4139,5
CB3447,5
CB3013,5
SLP026,5
CB2262,5
SMP279_c,5
CB4225,5
CB3391,5
PLP241,5
CB4117,5
SLP345,5
CL239,5
LHAV4g6_a,5
SMP208,5
M_vPNml68,5
CB2471,5
CB0744,5
CB2851,5
CB2967,5
WED143_d,5
SMP278,5
CB2701,5
GNG435,5
CB3360,5
SIP147m,5
SLP183,5
v2LN47,5
CB3103,5
SIP013,5
CB3729,5
CB2674,5
LHPV2a5,5
LHPV4a8,5
AN08B059,5
SLP089,5
LB1d,5
CB2770,5
PRW035,5
CB2027,5
CB2944,5
CB1641,5
WED101,5
CB2398,5
SIP113m,5
CB1850,5
CB2269,5
CB2920,5
SMP016_a,5
CL005,5
PLP165,5
LHAD1a4_b,5
LHAV4b1,5
SLP330,5
FB4E_a,5
CB2123,5
CB2514,5
CB1252,5
CB4104,5
CB1844,5
CB2744,5
CB2136,5
FB8E,5
GNG382,5
CB1296_a,5
CB1169,5
CB2937,5
CB3998,5
CB1392,5
CB1316,5
FB7C,5
FB2C,5
CB2931,5
FB6J,5
LgAG7,5
CB2117,5
CL172,5
LHPV2b1,5
AOTU037,5
LHAD1c3,5
PS267,5
LHAD1b4,5
CB2312,5
CB1590,5
AN08B097,5
SMP270,5
CL190,5
AN19B093,5
PS005_c,5
ENS3,5
LHPV5g1_a,5
SMP102,5
SA1_b,5
PS005_e,5
SMP280,5
CB2550,5
AN08B047,5
CB1815,5
SLP320,5
CB1456,5
CB1823,5
PS005_d,5
SLP291,5
PS005_b,5
SMP332,5
CB1353,5
CB1574,5
AN07B076,5
SLP246,5
AN06A092,5
AN07B091,5
CB2498,5
ENS4,5
IN17A016,5
IN01B079,5
IN13B010,5
IN08B108,5
IN08A040,5
IN04B024,5
IN17A094,5
IN23B039,5
IN23B041,5
IN04B025,5
IN12A030,5
IN20A.22A013,5
IN05B065,5
IN13A015,5
IN20A.22A023,5
IN08B063,5
IN00A033,5
IN23B057,5
IN00A017,5
IN20A.22A066,5
IN20A.22A035,5
IN12B033,5
IN19A085,5
IN04B029,5
IN00A048,5
IN19B070,5
TN1c_a,5
IN09A086,5
INXXX283,5
IN19A056,5
IN03B092,5
SNta12,5
IN01B021,5
IN04B011,5
IN13B042,5
IN14B011,5
INXXX370,5
IN04B009,5
IN19A113,5
IN04B041,5
IN11A005,5
IN14A021,5
"IN17A071, IN17A081",5
IN07B073_a,5
IN06B052,5
IN11A007,5
IN19A048,5
IN23B066,5
SNxx30,5
IN09A088,5
IN08A027,5
IN03A044,5
IN19B095,5
IN04B060,5
"IN17A082, IN17A086",5
IN14A043,5
IN19B077,5
IN13B028,5
IN21A063,5
IN07B073_e,5
IN17A049,5
IN23B085,5
IN07B073_b,5
IN04B067,5
IN19A042,5
IN04B107,5
MNad05,5
IN06B036,5
IN19A057,5
"IN17A113,IN17A119",5
"IN20A.22A061,IN20A.22A068",5
IN04B076,5
IN12B029,5
IN16B079,5
IN12B040,5
IN03A058,5
IN00A030,5
IN20A.22A046,5
IN03A078,5
IN00A047,5
IN08A029,5
IN00A040,5
IN06B072,5
IN17A078,5
IN06A079,5
IN12B049,5
IN03A087,5
IN18B048,5
IN10B040,5
SNxx08,5
IN01B053,5
IN16B105,5
IN13B052,5
IN01B054,5
IN09A050,5
IN06A086,5
IN06A061,5
IN19A102,5
IN09A026,5
INXXX326,5
IN23B090,5
IN13B055,5
IN14A058,5
IN06A077,5
IN09A094,5
IN04B070,5
IN14A034,5
"IN04B113, IN04B114",5
"IN20A.22A049,IN20A.22A067",5
IN13A075,5
IN23B072,5
IN16B118,5
IN11B021_b,5
Ta levator MN,5
IN13A067,5
IN18B055,5
IN11A043,5
IN01B078,5
SNpp44,5
IN13A043,5
IN16B091,5
IN13B098,5
IN14A076,5
IN07B096_a,5
"IN19A095, IN19A127",5
IN03A097,5
IN09A081,5
SNta22,5
IN20A.22A026,5
IN01B081,5
IN19A082,5
IN06A135,5
IN02A055,5
IN21A083,5
IN09B054,5
IN20A.22A088,5
IN14A096,5
IN19A065,5
IN01B097,5
"IN14A100, IN14A113",5
LB2d,5
LoVC16,4
AOTU041,4
lLN2F_a,4
MeVCMe1,4
lLN2F_b,4
AN27X013,4
AN05B101,4
PVLP151,4
LT43,4
CB2377,4
lLN2T_c,4
OA-AL2i2,4
AOTU042,4
OA-AL2i3,4
MBON14,4
Pm11,4
aMe17c,4
SAD113,4
AN06B007,4
LPi12,4
SAD073,4
ExR1,4
CB0381,4
MeVPMe12,4
DL1_adPN,4
AVLP548_e,4
PVLP031,4
CL365,4
CB4175,4
GNG636,4
ALIN1,4
Pm12,4
LoVC19,4
FB4L,4
IB038,4
AN08B012,4
MN12D,4
ExR5,4
LoVC22,4
lLN8,4
GNG474,4
DNg102,4
LoVC18,4
FB5A,4
MDN,4
DNb02,4
vLN24,4
Cm31a,4
AOTU016_c,4
LAL083,4
AVLP731m,4
VM3_adPN,4
CL340,4
Nod1,4
AN08B010,4
AVLP436,4
WED063_a,4
LAL194,4
LHCENT10,4
DNa13,4
DM2_lPN,4
MN1,4
VSm,4
PS059,4
MeVC22,4
LHCENT8,4
AOTU103m,4
PS230,4
LT82a,4
DNg79,4
DNde003,4
GNG423,4
CRE005,4
SAD110,4
GNG467,4
FB1C,4
OA-ASM1,4
lLN2T_e,4
ExR7,4
lLN2X04,4
lLN2X11,4
AVLP300_a,4
MeVPLo1,4
CB1074,4
Li16,4
lLN2T_d,4
AVLP352,4
CB0758,4
SLP438,4
DNg28,4
LoVC23,4
CRE106,4
ALON3,4
AVLP243,4
MeVC20,4
PS083_b,4
DC2_adPN,4
LAL126,4
LT80,4
DNg26,4
SLP062,4
DNpe031,4
CL030,4
PS197,4
SAD052,4
MBON15,4
PLP015,4
AVLP715m,4
PLP300m,4
VES063,4
SLP457,4
lLN2X05,4
IB115,4
SLP244,4
5thsLNv_LNd6,4
Cm30,4
CB0591,4
AOTU049,4
VA3_adPN,4
PS106,4
DNb08,4
PVLP149,4
DNge136,4
GLNO,4
AVLP577,4
AN17B013,4
SMP715m,4
AMMC028,4
GNG385,4
vLN25,4
DNbe002,4
M_l2PNm16,4
PS233,4
M_lvPNm40,4
GNG165,4
PS326,4
CB3445,4
FB4M,4
DSKMP3,4
SMP012,4
AVLP099,4
CB2153,4
VES097,4
mAL6,4
CB4090,4
M_lvPNm24,4
mAL4I,4
mALB3,4
PLP018,4
GNG488,4
MeVP59,4
Li12,4
LN60,4
AVLP479,4
PPM1201,4
SLP304,4
PS291,4
AVLP294,4
DNge113,4
VA1v_vPN,4
AMMC024,4
PS336,4
DNpe003,4
DNp41,4
FB4K,4
AVLP110_a,4
FB3A,4
SMP743,4
AOTU046,4
MBON07,4
PS090,4
ANXXX120,4
SMP588,4
M_l2PN10t19,4
DN1a,4
AVLP517,4
SMP079,4
AN19B036,4
AVLP492,4
Li11a,4
SMP124,4
AVLP417,4
GNG163,4
CB4165,4
LHAV2b2_b,4
MeVP46,4
PVLP135,4
AVLP194_a,4
AVLP374,4
SIP108m,4
PS137,4
LoVP74,4
AVLP574,4
"DNp51,DNpe019",4
AVLP488,4
DNg52,4
CB2257,4
VES087,4
LNd_b,4
AVLP444,4
M_vPNml50,4
AVLP204,4
MeVP34,4
aMe9,4
FB8B,4
AVLP702m,4
lLN2T_b,4
DNg51,4
DNge046,4
CB0982,4
PLP069,4
GNG375,4
PS003,4
PhG4,4
PLP017,4
PLP071,4
LAL203,4
SMP160,4
AVLP566,4
FB4Y,4
M_lvPNm25,4
P1_12b,4
SMP489,4
CB2664,4
SMP472,4
LPT51,4
GNG391,4
MBON12,4
AVLP400,4
AVLP761m,4
PVLP021,4
LAL145,4
SIP115m,4
AVLP344,4
DNge172,4
AVLP218_b,4
AVLP036,4
LHPV2g1,4
M_l2PN3t18,4
AVLP165,4
PVLP118,4
PLP301m,4
MeVPMe8,4
AN09B012,4
CB2144,4
GNG318,4
AVLP110_b,4
SMP516,4
PS018,4
AVLP471,4
AVLP300_b,4
VES050,4
SMP034,4
AVLP163,4
WED047,4
PS052,4
CL121_b,4
GNG481,4
GNG461,4
CL083,4
CB1241,4
CB1549,4
VM5v_adPN,4
PS019,4
DNpe014,4
ER6,4
CB3746,4
DNg72,4
AN27X009,4
DNg04,4
CB3435,4
GNG464,4
SMP148,4
CB0751,4
CB3042,4
LHPD5d1,4
SLP347,4
AVLP096,4
DNx02,4
LPN_a,4
aPhM5,4
PVLP012,4
AVLP323,4
AVLP089,4
PVLP070,4
PS239,4
WED166_a,4
WED061,4
CB3614,4
WED060,4
PVLP139,4
PLP073,4
AVLP285,4
PS164,4
MeVP54,4
Lat2,4
CB1538,4
DN1pB,4
P1_18b,4
CB1384,4
CL008,4
Li11b,4
PVLP148,4
DNpe004,4
LAL131,4
PS356,4
AN04B001,4
AN17A012,4
AVLP725m,4
mAL_m9,4
PLP162,4
AVLP112,4
SAD044,4
AVLP308,4
SMP193,4
P1_2a,4
AVLP139,4
PVLP213m,4
PLP095,4
AVLP164,4
AVLP490,4
ExR8,4
DNge145,4
CB2321,4
WED106,4
PVLP073,4
AVLP124,4
ANXXX041,4
AVLP420_b,4
WED082,4
PS272,4
LHAV2m1,4
AVLP305,4
SMP482,4
GNG663,4
CL356,4
SLP249,4
AVLP570,4
AVLP390,4
CB1942,4
aIPg_m2,4
AVLP166,4
P1_9a,4
PVLP071,4
CL258,4
LAL112,4
PS279,4
SAD014,4
CB3357,4
CB3513,4
LHPD2c7,4
aMe8,4
DNge181,4
SAD075,4
v2LN33,4
MN7,4
PVLP025,4
SLP321,4
DNb03,4
SMP151,4
AVLP259,4
MeVPMe10,4
LHAV3e1,4
CL080,4
LAL023,4
GNG358,4
GNG452,4
IB049,4
SLP076,4
DNES3,4
LT63,4
l2LN23,4
CB2584,4
GNG656,4
CB2003,4
PRW012,4
AVLP290_b,4
LAL113,4
CB3977,4
AVLP489,4
VES107,4
PLP219,4
vpoEN,4
AVLP043,4
AVLP113,4
CB2789,4
v2LN3A,4
AN08B112,4
DNd01,4
CL328,4
DNpe012_a,4
CL161_b,4
CL131,4
AVLP137,4
CB3201,4
PVLP096,4
PS333,4
WED074,4
aIPg10,4
AVLP116,4
PLP231,4
SIP109m,4
CB1608,4
AVLP282,4
LAL127,4
GNG357,4
PLP081,4
LNO1,4
AVLP329,4
SMP271,4
PVLP108,4
CB3382,4
LAL175,4
ATL018,4
SMP052,4
DNg82,4
CL038,4
LHPV7a2,4
AVLP380,4
aIPg_m1,4
SMP143,4
LoVP55,4
SAD040,4
SMP742,4
LAL185,4
ATL012,4
AVLP600,4
CB3545,4
CB1044,4
PLP161,4
PS292,4
P1_10c,4
WED206,4
CB3450,4
SMP572,4
PS315,4
CL100,4
LAL167,4
AN05B009,4
SAD021_c,4
PS318,4
SMP346,4
PLP142,4
AVLP348,4
PLP139,4
PLP055,4
SLP237,4
CL074,4
LAL300m,4
CB3530,4
LAL155,4
FB2B_b,4
AVLP009,4
FB2L,4
LAL147_a,4
AN19B001,4
FB5N,4
AVLP107,4
Hugin-RG,4
v2LN40_2,4
CB1610,4
CB3233,4
LHAV2b5,4
CB2538,4
AVLP745m,4
DA3_adPN,4
AOTU002_c,4
AVLP046,4
AVLP262,4
LoVP39,4
CL125,4
P1_3c,4
ER2_b,4
CB2655,4
SMP299,4
CB3245,4
LHAV3b13,4
IB051,4
ExR2,4
AVLP372,4
CB3376,4
FB2B_a,4
CL013,4
CL128a,4
MN4a,4
PS203,4
AOTU020,4
GNG409,4
VP2+Z_lvPN,4
SLP359,4
AN07B037_a,4
AMMC023,4
CB2294,4
LHAV2g5,4
PS220,4
CRE045,4
AVLP412,4
LAL117,4
PS261,4
LoVP71,4
CL234,4
AVLP302,4
MBON09,4
AOTU017,4
CL208,4
SMP501,4
LAL301m,4
AVLP422,4
CB3419,4
CL270,4
CL113,4
PVLP080_a,4
CB1365,4
CB0650,4
PLP021,4
PVLP086,4
MeVP55,4
AVLP219_a,4
CL282,4
PLP149,4
CB2270,4
CL077,4
AVLP347,4
AVLP333,4
ICL003m,4
LHCENT13_a,4
GNG434,4
CB2635,4
AN08B028,4
MNx01,4
SLP403,4
AVLP405,4
LAL109,4
GNG345,4
AN09B029,4
SMP066,4
LAL206,4
SLP444,4
SMP043,4
VP1m+_lvPN,4
LAL173,4
CB0734,4
PVLP028,4
DNg02_g,4
SLP222,4
LT68,4
LHAV5b2,4
l2LN19,4
PRW031,4
aDT4,4
SMP250,4
CB3870,4
WED093,4
CB3184,4
AVLP219_b,4
DNg36_a,4
SIP066,4
SMP096,4
M_lvPNm26,4
ALIN3,4
AN09B060,4
AMMC017,4
CB1302,4
MeVP20,4
PVLP104,4
PS237,4
AVLP264,4
SLP259,4
CRE078,4
CB3552,4
SAD116,4
CB3578,4
CB3322,4
CB1803,4
ICL012m,4
AN07B013,4
CB3466,4
CB2966,4
CB2006,4
CL267,4
CB3684,4
CB1190,4
CL215,4
OCG02c,4
AVLP288,4
CL127,4
ANXXX116,4
IB045,4
FB6M,4
PS141,4
AVLP420_a,4
AMMC032,4
AVLP548_d,4
CL184,4
AN08B009,4
CRE090,4
LHAV2b7_b,4
AVLP220,4
ANXXX150,4
CB1463,4
PLP023,4
CL323,4
CB2339,4
LHPV7a1,4
AVLP179,4
FB2A,4
P1_13b,4
LAL180,4
SMP451,4
PPM1202,4
AMMC014,4
LoVP76,4
SLP094_a,4
PS263,4
CB2380,4
ME_LO_unclear,4
IB031,4
SLP094_b,4
CB3288,4
aMe1,4
DNpe012_b,4
WED014,4
SMP283,4
PLP038,4
WED077,4
CB1695,4
AVLP557,4
GNG482,4
SLP078,4
ANXXX049,4
LoVP38,4
PVLP081,4
AN18B019,4
SLP178,4
AVLP407,4
PVLP109,4
SMP406_c,4
SIP081,4
SLP465,4
DNge087,4
AVLP311_a1,4
SMP083,4
SMP539,4
PS281,4
IN05B022,4
CB2633,4
AVLP454_a1,4
IB066,4
SLP228,4
WED111,4
SMP084,4
SMP170,4
LoVP62,4
AVLP409,4
SLP372,4
AVLP136,4
CB3064,4
CB3269,4
CB2107,4
PVLP206m,4
PS140,4
SMP700m,4
PLP254,4
PVLP110,4
LoVP80,4
AN10B015,4
ANXXX170,4
SMP061,4
LHAV4g12,4
FB2E,4
SMP490,4
CB0829,4
DNge093,4
SMP568_c,4
AN10B024,4
AN12B008,4
SLP098,4
FB4F_a,4
LAL003,4
GNG331,4
PS032,4
CRE065,4
CRE088,4
SLP464,4
CL261,4
AVLP190,4
WED159,4
FLA003m,4
AVLP530,4
LAL104,4
LoVP82,4
AVLP067,4
SMP702m,4
CB2754,4
CB2094,4
AVLP059,4
CB1795,4
AVLP378,4
LHPV6k2,4
SLP463,4
AVLP269_b,4
CB3302,4
PVLP008_b,4
CB2481,4
CB2624,4
SLP106,4
LAL064,4
AVLP271,4
PLP218,4
CB2559,4
DNge117,4
SMP055,4
IB076,4
AVLP293,4
CB2412,4
CL359,4
SIP142m,4
LHAD2c2,4
PRW017,4
DNg12_f,4
AN03B011,4
AVLP345_a,4
IB033,4
SLP157,4
LHAV3e2,4
CL090_b,4
PS054,4
AN09B020,4
VES051,4
FB2M_a,4
VES103,4
WED065,4
SMP110,4
DNg92_b,4
SIP130m,4
DNge092,4
CB2045,4
GNG400,4
WED132,4
IB022,4
SIP077,4
PVLP008_a2,4
CB1287_b,4
P1_7a,4
GNG471,4
AVLP042,4
SLP364,4
CB1081,4
M_lvPNm47,4
CB1308,4
SMP469,4
CRE059,4
LHAV4g13,4
CB1300,4
CRE027,4
AVLP379,4
P1_10b,4
AOTU034,4
SIP020_a,4
CB3874,4
CB2453,4
CRE085,4
AVLP548_c,4
SMP569,4
CB3479,4
AVLP274_a,4
WED100,4
CB1222,4
mAL4E,4
CB1017,4
P1_7b,4
LHAV4i1,4
AOTU011,4
MBON19,4
PS094,4
PS284,4
AVLP225_b2,4
CB1663,4
LHAV5c1,4
PLP199,4
CB1418,4
CL004,4
SMP397,4
LHAV2k12_a,4
GNG377,4
CRE014,4
CRE066,4
GNG273,4
FB6U,4
AVLP177_a,4
CB3697,4
AVLP234,4
CRE072,4
CL132,4
LoVP61,4
LHPV4a9,4
LHAV4e4,4
PVLP216m,4
LHAV2b11,4
LHAV2b7_a,4
AVLP548_a,4
SMP069,4
CB2551b,4
CB2048,4
PS351,4
M_vPNml72,4
AVLP225_b1,4
PS033_a,4
AN08B084,4
GNG266,4
PLP085,4
LOP_unclear,4
VES024_a,4
CL152,4
AVLP143,4
SLP361,4
CB2596,4
DNge116,4
LAL085,4
AVLP189_a,4
SAD046,4
AVLP195,4
GNG361,4
CB2084,4
CB0994,4
SMP086,4
FB1B,4
LHAD1a4_a,4
CB1834,4
P1_5b,4
LHPV2d1,4
AVLP311_b1,4
PRW075,4
v2LN38,4
PS191,4
FB1A,4
LHAV3g2,4
SMP123,4
CL283_c,4
DNg05_b,4
SMP345,4
CB1841,4
CL273,4
GNG622,4
VL2p_vPN,4
PLP109,4
WED155,4
AN19B044,4
CB1653,4
SMP716m,4
SLP008,4
v2LN49,4
SIP042_b,4
CB2087,4
ANXXX200,4
LHAV2g1,4
CB0926,4
LHPV3a1,4
ER3a_c,4
LAL149,4
WED024,4
CB2497,4
LHAV3e4_a,4
CB3666,4
SMP424,4
AVLP580,4
CB1185,4
CB3762,4
LHAV4e1_b,4
WEDPN17_a2,4
CL104,4
SMP305,4
FB4P_a,4
PS107,4
CB2365,4
CB1057,4
PS007,4
MBON15-like,4
SLP396,4
SMP068,4
CB1626,4
AOTU032,4
CB1047,4
CB3318,4
M_lvPNm46,4
SMP413,4
SLP327,4
CL271,4
SLP451,4
PLP087,4
CB4215,4
AN07B035,4
FB7J,4
AVLP062,4
LHAD1f3_a,4
CB4183,4
FB6K,4
PS026,4
WED26,4
SMP405,4
DNge009,4
SLP375,4
SMP483,4
SMP446,4
CB1564,4
LHCENT12b,4
CB0998,4
SMP090,4
SMP092,4
SMP381_b,4
CB1502,4
LHAD3a1,4
SMP535,4
CB3173,4
LHAV3a1_b,4
GNG392,4
PS021,4
CB4037,4
LHAV3b2_b,4
AVLP227,4
PVLP049,4
CB1804,4
CB3569,4
WED129,4
SMP057,4
SLP027,4
AN05B106,4
LHAV3b2_c,4
CL101,4
LHPD2a4_b,4
GNG429,4
SMP304,4
CL040,4
SMP537,4
PVLP066,4
SpsP,4
CB3745,4
CB3740,4
LHAV6a1,4
LHAV1d1,4
mAL_m2a,4
M_vPNml67,4
AN09B037,4
WED029,4
CB1128,4
SMP248_c,4
CB3748,4
CB1613,4
PS074,4
AMMC016,4
SMP567,4
CB1771,4
CB3784,4
CB4158,4
PRW020,4
SIP033,4
AN08B049,4
CB2713,4
PLP113,4
SMP348,4
LHAV1b1,4
AN09B030,4
CB1000,4
SIP143m,4
CB2226,4
CB1448,4
LAL031,4
CB1985,4
CB3141,4
ER1_c,4
CB2081_b,4
M_lvPNm43,4
SMP730,4
CB1811,4
AVLP550_a,4
LHAD3e1_a,4
CB3483,4
SMP729,4
PLP156,4
CB2315,4
CB1059,4
AVLP063,4
SMP132,4
LgAG6,4
GNG402,4
SMP362,4
CB3635,4
WED102,4
AOTU007_a,4
FB2F_d,4
CB3788,4
CB1238,4
DNpe057,4
PLP185,4
SMP216,4
LHPV6i1_a,4
LHPD2b1,4
AVLP485,4
mAL4A,4
LAL020,4
LHAD3f1_b,4
CB2859,4
SMP408_a,4
AN05B050_c,4
GNG330,4
AVLP365,4
SLP137,4
GNG398,4
SLP007,4
CB1981,4
SMP093,4
SMP414,4
SMP082,4
CB1914,4
SMP411,4
M_vPNml75,4
CB1619,4
LH001m,4
CB1467,4
SMP194,4
DNpe029,4
PRW022,4
SLP101,4
GNG310,4
CB1849,4
SLP402_a,4
SAD012,4
CB3012,4
CB2904,4
CB2463,4
PS192,4
CB3374,4
GNG598,4
CB1812,4
PLP013,4
GNG338,4
PS260,4
PS341,4
SLP311,4
LHAV5b1,4
LHPD5e1,4
LHPV5h2_a,4
PLP186,4
LHAV3g1,4
EPGt,4
SMP095,4
CB3959,4
CB3506,4
SLP313,4
CB1510,4
FB5G_a,4
AN05B062,4
CB2235,4
CRE017,4
AVLP027,4
CB2205,4
CB2040,4
CB1419,4
CB1895,4
FB5P,4
CB3218,4
AN05B096,4
GNG439,4
LHAV5a9_a,4
CB3287b,4
VES052,4
LHPV4c2,4
CL354,4
LHAD1b3,4
PLP102,4
LHAV4g7_a,4
SMP312,4
LHAV3b6_b,4
CB2033,4
LHAV5a6_a,4
LHAV3b2_a,4
mAL4G,4
PS316,4
CB3255,4
PS323,4
SIP034,4
CRE068,4
CB2175,4
CL348,4
CB1945,4
CB1987,4
CL006,4
WED143_b,4
CB2786,4
SLP308,4
PLP159,4
SLP085,4
LHPV2c4,4
PS343,4
CB2907,4
ER3p_b,4
M_vPNml80,4
CB2906,4
LOP_ME_unclear,4
AN19B009,4
CB4162,4
PS146,4
GNG275,4
LHAD1f5,4
GNG624,4
CB4193,4
CB2719,4
CB4190,4
SMP222,4
SMP517,4
LHPV5j1,4
AN05B063,4
FB7G,4
FB2F_c,4
SMP020,4
CB2908,4
CB2688,4
AVLP186,4
CB3900,4
SMP476,4
CB2797,4
SMP518,4
CB4022,4
CB2671,4
CB2059,4
CB1179,4
LHAV5a1,4
LAL043_a,4
LoVP81,4
SLP344,4
CB3733,4
SIP123m,4
SMP322,4
CB0976,4
LHPD4a2,4
LHPV4c3,4
CB3036,4
DNpe011,4
CRE093,4
SLP015_b,4
SMP329,4
v2LN34F,4
LoVP21,4
SMP087,4
PhG7,4
GNG387,4
CB3932,4
CB3399,4
CL301,4
AN07B041,4
SLP356,4
CB3268,4
SLP109,4
CB1924,4
CB1733,4
PS109,4
AN08B081,4
SIP005,4
CB1541,4
PS024,4
FB6T,4
LHAV6a4,4
SMP221,4
LHPV2c1_a,4
AN08B099_a,4
CB0925,4
SMP520,4
"SNxx27,SNxx29",4
CB1500,4
FB8C,4
CB3236,4
CB2184,4
CB3007,4
SIP054,4
LHAV5a4_c,4
LHPV4a3,4
CB2151,4
CL042,4
LAL188_a,4
CB1394_b,4
AN09B032,4
AVLP069_a,4
SMP330,4
LHPV4c4,4
CB2105,4
SMP039,4
DP1m_vPN,4
SMP447,4
ANXXX380,4
CB1420,4
AVLP250,4
LAL019,4
ATL020,4
PhG9,4
LHPV5b4,4
PLP043,4
PVLP134,4
LHPV6f3_b,4
FB6R,4
SMP085,4
LAL188_b,4
CB3118,4
LAL035,4
SLP025,4
SMP416,4
CB2310,4
VES093_b,4
v2LN41,4
M_vPNml77,4
PVLP008_a1,4
CB2972,4
CB3541,4
LHPV4d4,4
LHPD3a2_c,4
TmY_unclear,4
GNG609,4
CB1361,4
LgAG5,4
CB3873,4
GNG408,4
SMP438,4
DL2d_vPN,4
Tm_unclear,4
CB2702,4
CB2185,4
CB3044,4
CRE020,4
FB9B_b,4
LHPV11a1,4
FB5Z,4
SIP041,4
CB2300,4
SMP344,4
CB1697,4
CL165,4
CL231,4
LHAV9a1_a,4
FB7D_b,4
CB2401,4
FB7K,4
LHAD1d2,4
CB1050,4
FB5Q,4
LoVC29,4
SMP088,4
SMP477,4
AN16B112,4
mAL5A2,4
SMP267,4
GNG309,4
CB2245,4
SMP065,4
SMP519,4
PS023,4
LHAD3a8,4
LoVP22,4
SMP399_b,4
LHAD3g1,4
AN07B042,4
CB2952,4
SMP017,4
LHPV5m1,4
LHAV7a1_a,4
WED040_b,4
CB3081,4
LHAV4d4,4
ATL013,4
FB7F,4
CRE019,4
SMP314,4
CB4198,4
LPi_unclear,4
CB2459,4
v2LN39a,4
AN08B106,4
MBON25-like,4
SLP088_b,4
AN06B051,4
LB2a,4
CB3340,4
PS022,4
AN17A013,4
CB1060,4
CB3339,4
SMP226,4
CB1846,4
CB1394_a,4
SMP107,4
CB1818,4
SLP302,4
AN19B060,4
CB3121,4
IN19A006,4
FB7D_a,4
CB2846,4
SIP030,4
AOTU018,4
CB1980,4
AN19B051,4
SMP374,4
CB2229,4
PLP164,4
MN3L,4
CL191_a,4
AVLP452,4
CB1853,4
WED097,4
PhG1c,4
SMP540,4
AN04B004,4
SLP398,4
M_vPNml69,4
SMP324,4
CB4195,4
CL191_b,4
LHPD2c6,4
LAL037,4
SMP430,4
CB2845,4
SMP213,4
P6-8P9,4
FB4E_b,4
FB4Z_c,4
WED131,4
CB1532,4
CB1088,4
CB4201,4
IN00A053,4
CB1197,4
CB1565,4
CB2250,4
CB2174,4
SLP287,4
SA2_b,4
AN06A026,4
CB2611,4
AN07B050,4
CB2337,4
SMP321_a,4
AN07B071_c,4
FB5U,4
IN10B007,4
AN07B071_d,4
CB4196,4
AN06A062,4
CB2988,4
SMP355,4
FB9B_d,4
CRE099,4
AN19B063,4
PS005_f,4
T4_unclear,4
CB2711,4
SLP105,4
CB3208,4
LAL086,4
SMP497,4
PhG2,4
CB2152,4
FB9B_a,4
ISN,4
CB3574,4
CB1958,4
PAM15,4
AN19B061,4
AN06A080,4
CB2884,4
AN05B054_b,4
CB3080,4
AN05B053,4
SMP359,4
CB1368,4
AN07B046_a,4
GNG381,4
SMP067,4
FB5R,4
CB3143,4
AN19B099,4
PS193b,4
AN07B069_a,4
FB9B_c,4
CB2816,4
LAL093,4
CB2309,4
ENS2,4
IN07B063,4
MNad21,4
PS008_a2,4
FB9B_e,4
PhG8,4
LN-DN2,4
IN10B036,4
IN17A037,4
DNge061,4
DNg02_c,4
SMP081,4
AN19B098,4
AVLP354,4
CB4246,4
SMP338,4
SMP089,4
SMP075,4
CB2178,4
LB4a,4
GNG633,4
SMP155,4
CB0930,4
IN04B053,4
IN23B006,4
IN05B010,4
IN03B020,4
IN07B001,4
INXXX095,4
IN09A004,4
IN19B021,4
IN12A001,4
IN19A019,4
IN06B035,4
IN07B012,4
IN19A014,4
IN23B005,4
IN19A010,4
IN03B032,4
IN01A034,4
IN06B016,4
INXXX027,4
IN14B005,4
INXXX271,4
IN12B013,4
IN01A009,4
IN08B004,4
IN05B016,4
IN07B009,4
IN18B016,4
IN10B011,4
IN13A004,4
IN09A007,4
IN18B005,4
IN02A012,4
IN01A010,4
IN09A009,4
IN03A001,4
IN19B035,4
IN04B034,4
INXXX247,4
IN19A009,4
IN03B019,4
IN07B038,4
IN09B006,4
IN02A007,4
INXXX008,4
IN16B022,4
MNad19,4
EN00B013,4
IN12A003,4
INXXX062,4
IN12B011,4
MNad22,4
IN02A003,4
IN10B012,4
IN12A002,4
IN00A025,4
IN19A012,4
IN13A052,4
INXXX306,4
IN13A013,4
IN13B088,4
IN04B090,4
INXXX096,4
IN06B013,4
IN17B004,4
IN09B022,4
IN04B022,4
INXXX246,4
IN08B067,4
IN05B033,4
IN18B011,4
IN03B015,4
INXXX307,4
IN06B030,4
INXXX262,4
IN03A009,4
INXXX409,4
IN12B047,4
IN23B021,4
IN06B024,4
IN01A007,4
INXXX329,4
INXXX352,4
INXXX260,4
TN1a_g,4
IN19A088_b,4
IN17B015,4
IN19A027,4
INXXX122,4
IN10B023,4
IN08B046,4
INXXX273,4
INXXX328,4
IN04B054_b,4
INXXX471,4
STTMm,4
IN00A009,4
IN12B005,4
IN19A024,4
IN12A011,4
IN01A043,4
IN01A005,4
IN20A.22A002,4
INXXX473,4
INXXX243,4
IN12B014,4
INXXX239,4
IN12A015,4
IN23B033,4
IN09B044,4
IN19A013,4
IN16B049,4
IN03B046,4
INXXX265,4
IN01B014,4
IN06B042,4
IN21A005,4
INXXX301,4
INXXX209,4
IN27X002,4
IN14B007,4
INXXX279,4
INXXX350,4
IN06B067,4
IN11A002,4
IN03B049,4
INXXX213,4
IN03A035,4
IN18B020,4
hi2 MN,4
"IN17A059,IN17A063",4
IN07B030,4
IN05B032,4
INXXX221,4
IN07B033,4
IN07B023,4
IN08B030,4
IN13B096_a,4
IN17A093,4
IN13A027,4
IN00A051,4
IN20A.22A003,4
IN13A037,4
IN03A070,4
INXXX212,4
IN26X003,4
MNad53,4
IN00A038,4
IN03A080,4
IN00A027,4
IN12B028,4
IN06A020,4
IN17A058,4
IN12A061_c,4
IN03A017,4
IN12A025,4
IN03A013,4
IN23B065,4
IN08A016,4
TN1a_f,4
IN19A026,4
IN05B042,4
IN12B032,4
INXXX110,4
INXXX346,4
IN06B033,4
IN04B087,4
IN03A034,4
IN21A085,4
IN06B028,4
IN02A019,4
SNta10,4
INXXX267,4
INXXX382_b,4
IN23B017,4
INXXX263,4
INXXX215,4
"IN17A043, IN17A046",4
IN19B013,4
IN17A060,4
IN14A068,4
IN13B046,4
INXXX161,4
INXXX373,4
IN18B035,4
MNad15,4
IN04B080,4
IN12A039,4
"IN11A015, IN11A027",4
IN03A026_c,4
IN14A026,4
IN23B036,4
INXXX261,4
IN03B067,4
IN01A051,4
IN03A022,4
IN11A016,4
IN03B043,4
IN08B083_a,4
IN08B060,4
INXXX460,4
IN11A011,4
IN08A017,4
IN01A068,4
IN08B078,4
"IN19B045, IN19B052",4
IN12A053_c,4
INXXX378,4
INXXX387,4
IN09A053,4
IN04B050,4
IN03A024,4
IN23B045,4
IN01B046_b,4
"DVMn 2a, b",4
IN03A062_c,4
IN01B017,4
IN06A003,4
IN14A050,4
IN17A099,4
IN07B031,4
IN06B053,4
IN18B043,4
IN17A085,4
INXXX322,4
IN11A018,4
IN01A042,4
IN04B059,4
IN11A006,4
IN18B034,4
IN04B033,4
IN12A018,4
INXXX348,4
IN13B034,4
INXXX334,4
IN01A030,4
IN16B086,4
IN19B058,4
IN19A044,4
IN00A036,4
IN09A023,4
IN06B055,4
IN03A032,4
IN19B045,4
IN23B029,4
vPR9_a,4
INXXX474,4
INXXX353,4
IN12B078,4
TN1c_c,4
IN14B012,4
IN19B078,4
IN06B038,4
IN16B039,4
EN00B010,4
IN01B027_a,4
IN01B024,4
IN04B064,4
IN07B039,4
"IN16B088, IN16B109",4
"IN20A.22A036,IN20A.22A072",4
IN13B060,4
SNpp04,4
IN07B067,4
INXXX426,4
IN07B103,4
INXXX400,4
IN06A054,4
IN19B082,4
IN13A025,4
IN08B051_d,4
IN04B066,4
INXXX394,4
INXXX365,4
INXXX441,4
IN06A050,4
IN03A038,4
INXXX414,4
IN04B046,4
IN17A079,4
IN13B030,4
INXXX399,4
vMS12_c,4
IN08A038,4
IN00A022,4
IN13B080,4
IN04B028,4
IN03B053,4
IN01B027_b,4
INXXX406,4
IN08B087,4
AN05B108,4
IN11B009,4
IN04B026,4
IN03A041,4
IN19A090,4
IN12A041,4
IN23B062,4
vMS12_d,4
"DVMn 3a, b",4
IN17A090,4
IN19B040,4
INXXX293,4
IN18B047,4
IN07B073_c,4
IN13A023,4
IN01A065,4
IN13B037,4
IN05B085,4
IN14A032,4
IN04B095,4
IN06A065,4
IN09A030,4
IN19B038,4
IN16B062,4
IN03B012,4
IN08B058,4
IN01A056,4
IN01A075,4
IN05B066,4
IN12A037,4
IN08A021,4
IN19A052,4
IN08B064,4
IN00A043,4
IN08B055,4
IN16B080,4
IN09A034,4
INXXX418,4
IN08B077,4
SNpp06,4
INXXX427,4
IN11A031,4
"IN21A029, IN21A030",4
INXXX197,4
IN03B057,4
IN04B094,4
IN01A047,4
IN11A036,4
IN06A098,4
IN09A029,4
IN12B041,4
IN16B084,4
IN11A010,4
IN03B065,4
IN20A.22A070,4
IN13A053,4
IN07B058,4
IN09A076,4
IN01A083_b,4
IN03B078,4
IN23B058,4
MNad12,4
IN01B046_a,4
INXXX372,4
IN16B064,4
IN00A029,4
IN01A053,4
IN08B088,4
IN16B060,4
IN07B074,4
IN06B083,4
IN01B016,4
IN11A019,4
IN19A086,4
IN12B042,4
INXXX397,4
IN19A105,4
"IN20A.22A061,IN20A.22A066",4
IN03A088,4
IN02A036,4
IN11B024_c,4
IN19A043,4
INXXX407,4
IN10B031,4
IN20A.22A079,4
SNpp08,4
IN12B087,4
IN01B059_b,4
IN09A077,4
"IN23B044, IN23B057",4
IN11A030,4
IN14A106,4
IN06A090,4
IN04B088,4
IN08B092,4
"IN03A087, IN03A092",4
IN23B035,4
IN01A062_a,4
IN20A.22A033,4
IN11A034,4
IN06A087,4
IN04B096,4
IN07B027,4
IN13A032,4
IN11B024_b,4
IN01B062,4
IN14A119,4
IN12A059_e,4
IN18B052,4
IN07B092_a,4
IN09A037,4
IN16B051,4
IN19B048,4
IN06A052,4
IN12A057_a,4
INXXX411,4
IN03A082,4
IN07B064,4
IN20A.22A011,4
IN12B062,4
SNpp49,4
IN01B060,4
"IN09A025, IN09A026",4
IN16B063,4
IN16B092,4
IN16B056,4
IN06A111,4
IN06A088,4
INXXX395,4
IN02A035,4
IN11A032_d,4
IN03B062,4
IN03B059,4
IN06A097,4
IN06A119,4
INXXX428,4
IN14A039,4
IN00A065,4
"MNad04,MNad48",4
IN16B101,4
IN19B087,4
IN07B084,4
IN04B110,4
IN01B056,4
IN12A050_b,4
IN12A058,4
MNad25,4
IN06A033,4
INXXX438,4
INXXX424,4
IN19B054,4
IN08A039,4
IN12B073,4
SNpp21,4
IN05B064_b,4
IN02A034,4
IN21A079,4
IN01A064,4
SNpp24,4
IN06A071,4
EN27X010,4
IN12A043_d,4
IN01B039,4
IN21A047_d,4
IN05B089,4
"IN21A045, IN21A046",4
IN14A072,4
IN19B085,4
IN16B100_c,4
INXXX450,4
IN23B048,4
IN08A049,4
IN01A067,4
IN03B075,4
IN02A038,4
IN03A062_b,4
IN02A042,4
IN11B003,4
IN14A066,4
IN01A074,4
IN21A048,4
IN11B017_a,4
IN12B077,4
IN16B114,4
IN12B057,4
IN10B043,4
IN06A115,4
IN16B111,4
IN12B051,4
IN04B098,4
IN06A091,4
"INXXX447, INXXX449",4
INXXX437,4
IN09B050,4
IN21A116,4
IN01B041,4
IN02A040,4
IN14A081,4
IN16B059,4
IN09A052,4
IN02A056_a,4
IN06A093,4
IN11B021_c,4
IN13A058,4
IN02A050,4
IN11B021_e,4
"IN03B082, IN03B093",4
IN20A.22A082,4
IN19B081,4
IN14A046,4
IN07B092_d,4
"IN01B038,IN01B056",4
IN09A058,4
IN18B050,4
IN12B045,4
EN21X001,4
IN01B064,4
IN11B016_b,4
IN19A120,4
IN09A048,4
IN12A063_c,4
IN06A100,4
IN14A111,4
IN23B091,4
IN08B070_a,4
IN12A063_a,4
IN17A101,4
IN07B096_c,4
IN03A096,4
SNch09,4
IN02A063,4
IN13A072,4
IN11A044,4
IN01B100,4
IN21A102,4
IN02A060,4
IN06A129,4
IN09B053,4
IN01B083_c,4
SNpp03,4
IN19A110,4
IN21A086,4
IN21A041,4
EN00B023,4
IN11B022_a,4
ENXXX012,4
MNad54,4
IN14A035,4
IN01B099,4
IN04B111,4
IN01B098,4
IN13A071,4
"MNnm07,MNnm12",4
INXXX442,4
SNpp09,4
GNG572,3
AL-AST1,3
v2LN5,3
GNG585,3
AMMC034_a,3
MN11D,3
GNG351,3
GNG147,3
MN10,3
PVLP022,3
GNG087,3
GNG556,3
aMe6c,3
GNG647,3
FB5D,3
CB3742,3
CB3409,3
DNge001,3
AVLP555,3
CB1717,3
GNG334,3
MeVPMe4,3
DNge137,3
CB2458,3
CB3710,3
PLP001,3
LHAV3j1,3
AVLP730m,3
VM7v_adPN,3
PVLP208m,3
GNG523,3
GNG575,3
CB1706,3
AVLP411,3
AMMC030,3
VM2_adPN,3
AVLP299_c,3
AN05B006,3
PVLP100,3
LHCENT13_b,3
CB3607,3
GNG592,3
GNG554,3
GNG198,3
LoVP108,3
GNG456,3
GNG350,3
CB1206,3
LoVC28,3
LT73,3
AVLP455,3
MNx03,3
PVLP024,3
CB3667,3
AVLP363,3
aMe10,3
LHPV2a1_e,3
CB1903,3
mAL_m4,3
CB2286,3
CB1883,3
CB0391,3
CB1557,3
CB3598,3
PS242,3
CB0785,3
WED125,3
LHPV2i1,3
GNG466,3
CB1340,3
CB1263,3
FB4P_b,3
LHAV5a4_a,3
P1_15c,3
SMP713m,3
CB1208,3
DNge177,3
AVLP750m,3
AVLP403,3
CB1949,3
LAL028,3
CB1821,3
CB3649,3
WED127,3
CL283_b,3
P1_10d,3
LHAD2c1,3
CB1938,3
CB1498,3
AVLP284,3
AOTU043,3
GNG393,3
DNge025,3
aIPg9,3
CB3518,3
CB3305,3
CB2090,3
PLP003,3
CB1577,3
SLP035,3
AVLP548_b,3
CB4172,3
CB0800,3
SMP391,3
PVLP131,3
CB4064,3
MeVP22,3
AVLP140,3
CB1534,3
DNge095,3
CB2108,3
P1_17a,3
aIPg8,3
SIP069,3
PVLP127,3
SMP568_d,3
CB1255,3
AVLP298,3
AVLP704m,3
PS350,3
CL081,3
CB1908,3
DNge015,3
CB4126,3
CB1787,3
LoVP78,3
PRW050,3
Li_unclear,3
CB4150,3
CB3499,3
CB3264,3
AN18B032,3
FB5C,3
AVLP044_b,3
CB1792,3
SAD009,3
IB070,3
CB3791,3
PLP056,3
AMMC027,3
l2LN22,3
CB3910,3
CB1744,3
M_lvPNm42,3
AVLP182,3
FB2F_b,3
M_adPNm7,3
AVLP178,3
CB3528,3
SMP392,3
CB1547,3
SMP394,3
CB1911,3
SLP044_a,3
WED099,3
WED192,3
AVLP205,3
CB3469,3
CB1150,3
GNG397,3
PLP173,3
DP1l_vPN,3
CB4245,3
CB1275,3
GNG493,3
GNG371,3
AMMC033,3
SMP533,3
LHAV3e5,3
CL290,3
IB071,3
GNG271,3
FLA005m,3
ANXXX338,3
CB3404,3
CB3539,3
AVLP357,3
CB3895,3
LHAV2g2_b,3
SMP565,3
WED020_b,3
CB2518,3
LHAV2g6,3
CB2491,3
SMP735,3
CB3051,3
PVLP009,3
SLP189,3
PLP057,3
GNG446,3
CB3185,3
LHAV2a5,3
CL291,3
GNG364,3
CB1103,3
SLP328,3
GNG421,3
CRE104,3
CB3657,3
CB2812,3
CB3734,3
GNG600,3
CB4174,3
CB1477,3
CB4220,3
CB3798,3
CB1545,3
CB1356,3
GNG354,3
AOTU054,3
CB2379,3
CB1599,3
WEDPN18,3
AOTU053,3
CB2389,3
CB3021,3
PLP100,3
SMP122,3
GNG414,3
LHCENT13_c,3
SLP017,3
AN05B052,3
LHPD3c1,3
CB2227,3
CB1774,3
GNG336,3
LHAV3e6,3
SMP731,3
CB3168,3
GNG366,3
CB4217,3
CB2425,3
CB2733,3
CB3109,3
CL302,3
LHPV4a7,3
AN05B078,3
GNG373,3
CB3014,3
CB2053,3
LHPV5h2_b,3
SMP484,3
CB2927,3
GNG496,3
GNG363,3
CB3065,3
PRW021,3
PLP063,3
AN12B076,3
LHPV4k1,3
GNG372,3
DNg18_a,3
CB1156,3
CB1200,3
CB2154,3
CB3393,3
CB1856,3
CB3760,3
CB3496,3
SMP426,3
CB2895,3
CB2764,3
AN07B101_b,3
AN08B096,3
AVLP022,3
CB3414,3
CB1483,3
CB2230,3
CB1187,3
CB3548,3
CB3015,3
AVLP225_b3,3
SLP138,3
CB2523,3
CB3045,3
CB2782,3
GNG425,3
GNG369,3
CB2194,3
SAD080,3
LHAV4e7_b,3
WED144,3
mAL4B,3
FB4Q_c,3
CB3754,3
AN08B099_g,3
CB2979,3
CB2348,3
CB1493,3
CB1326,3
CB0931,3
SMP206,3
CB3074,3
GNG424,3
CB3135,3
DNpe018,3
FC,3
CB2992,3
CB3228,3
SMP279_b,3
LHAV7a1_b,3
AN12B080,3
AN19B046,3
CB1249,3
CB4111,3
PRW023,3
CB1428,3
GNG415,3
CB2361,3
CB1374,3
AN08B094,3
CB2736,3
mAL_m3a,3
CB3519,3
CB1286,3
CB1935,3
SMP342,3
LgAG9,3
SLP274,3
AN07B072_b,3
CB1627,3
CL186,3
AN07B072_a,3
CB2200,3
v2LN34B,3
AN19B076,3
LAL088,3
LHPD4e1_b,3
SA2_a,3
CB3172,3
CB2721,3
CB2981,3
M_vPNml86,3
AVLP287,3
LB2b,3
SA1_a,3
CB1281,3
AN07B072_d,3
CB1585,3
FB6L,3
CB2295,3
CB2088,3
ATL019,3
CL351,3
FB4Z_b,3
FB5W_b,3
AN06A095,3
PS008_a4,3
AN10B062,3
CB2737,3
LA_ME_unclear,3
CB2517,3
LHPV1c1,3
IN19A124,3
IN00A002,3
INXXX421,3
IN00A050,3
IN12B084,3
IN23B064,3
IN19A070,3
IN06A028,3
IN00A020,3
IN00A014,3
IN23B084,3
INXXX302,3
MNad20,3
EN00B016,3
vPR9_c,3
IN04B054_c,3
INXXX268,3
IN08B051_a,3
IN17A048,3
IN03A018,3
IN01B019_a,3
INXXX309,3
IN04B106,3
IN11A004,3
IN05B057,3
IN00A021,3
IN17A112,3
IN12B066_c,3
IN12A053_a,3
IN04B057,3
IN21A032,3
IN00A028,3
IN04B012,3
IN12A061_d,3
IN05B075,3
IN03A048,3
IN13B031,3
IN12A056,3
IN04B089,3
IN03A028,3
IN05B072_a,3
IN13B062,3
INXXX385,3
IN09A038,3
INXXX303,3
IN09A032,3
IN05B061,3
IN04B085,3
IN14A051,3
GFC1,3
"SNpp20,SApp02",3
IN08B072,3
IN00A035,3
IN08B083_d,3
IN12B068_b,3
IN01B069_b,3
IN00A049,3
INXXX360,3
IN23B059,3
IN00A041,3
IN01B037_b,3
IN07B094_a,3
IN17A053,3
IN14A036,3
IN06B050,3
IN11A017,3
IN21A080,3
IN01B034,3
IN04B086,3
IN08B051_c,3
IN00A062,3
IN16B054,3
IN01A063_b,3
IN23B068,3
IN16B085,3
IN16B075_f,3
IN03A083,3
IN23B053,3
IN23B061,3
IN03B086_b,3
IN04B030,3
IN07B076_c,3
EN00B015,3
IN23B073,3
IN14A107,3
IN21A026,3
IN07B073_d,3
IN01B040,3
IN04B097,3
IN06A057,3
IN00A067,3
IN11A032_e,3
IN20A.22A037,3
IN07B092_c,3
IN16B046,3
IN01B043,3
IN17A116,3
IN13B069,3
IN11A032_a,3
IN12A061_a,3
IN19A072,3
"IN08A026,IN08A033",3
IN17A118,3
IN19A103,3
IN14A045,3
IN13A063,3
IN21A076,3
IN13A069,3
IN01B075,3
IN20A.22A078,3
IN14A097,3
IN09A082,3
IN14A082,3
IN07B076_b,3
IN14A080,3
IN14A031,3
"SNta22,SNta23",3
IN09A087,3
IN19A111,3
"IN23B069, IN23B079",3
"IN17A109, IN17A120",3
IN12B061,3
IN03B085,3
EN00B008,3
IN21A099,3
"SNpp34,SApp16",3
IN03B086_e,3
IN19A088_e,3
IN14A089,3
IN06A139,3
IN21A034,3
IN17A110,3
IN11B016_c,3
IN07B096_d,3
IN11B021_a,3
IN20A.22A062,3
IN06A122,3
"SApp02,SApp03",3
IN20A.22A087,3
IN02A067,3
IN11A040,3
SApp05,3
IN01B092,3
IN19A133,3
IN03B086_a,3
IN21A096,3
IN16B107,3
IN01B091,3
IN19A121,3
MNhl65,3
IN16B100_a,3
IN00A019,3
IN11A012,3
IN21A100,3
IN19A135,3
DNp01,2
OCG01d,2
VCH,2
AOTU019,2
CT1,2
OA-AL2i1,2
MBON01,2
HSN,2
HSE,2
LAL138,2
H2,2
HSS,2
DNp18,2
pIP1,2
GNG116,2
DNg56,2
AstA1,2
VL2a_adPN,2
OA-VUMa1,2
vCal2,2
SMP108,2
DNg100,2
MeVC11,2
MNx02,2
5-HTPMPV03,2
Li39,2
LoVC14,2
DNpe013,2
mALD1,2
DNp20,2
MeVPOL1,2
DCH,2
DNp27,2
DNb05,2
LPi21,2
MeVPLp1,2
DNp30,2
AN07B004,2
AN12B011,2
PVLP010,2
OCG01b,2
dCal1,2
MeVC1,2
MBON06,2
OA-VUMa3,2
AVLP016,2
DP1m_adPN,2
Am1,2
ANXXX033,2
PLP034,2
aSP22,2
DNpe042,2
aMe17a,2
AVLP597,2
oviIN,2
AVLP442,2
ExR6,2
LoVCLo3,2
PS100,2
MeVC25,2
GNG104,2
DNp11,2
VES041,2
DM3_adPN,2
GNG106,2
Cm34,2
VES074,2
DNp02,2
OA-VPM4,2
DNg30,2
DNg105,2
VES064,2
MeVP28,2
DNg74_a,2
LoVC1,2
DNge031,2
PS304,2
DNg15,2
MeVP24,2
SMP001,2
PVLP130,2
LHAD1g1,2
LT79,2
DNge103,2
AVLP280,2
CvN6,2
LT56,2
GNG702m,2
DNg90,2
DNge036,2
MeVP26,2
IB008,2
OA-VUMa6,2
AVLP080,2
DM1_lPN,2
DNg16,2
AN02A002,2
CL366,2
CL361,2
OA-VPM3,2
LoVC6,2
GNG661,2
DNg75,2
DNp29,2
CB0530,2
VA7l_adPN,2
LT87,2
GNG103,2
PS124,2
LHPV12a1,2
LAL074,2
LoVC9,2
DNge083,2
LPT50,2
CB0677,2
DNge037,2
pC1x_b,2
DNg35,2
AOTU023,2
DNpe056,2
AVLP001,2
DNp06,2
LoVP102,2
SIP136m,2
LT1b,2
LoVC12,2
SIP105m,2
DNp35,2
DNg99,2
PLP012,2
VES104,2
DNp55,2
DNp36,2
LT1a,2
DNp31,2
MeVP53,2
CL001,2
PLP124,2
V_ilPN,2
GNG300,2
CRE023,2
DNg108,2
MeVPMe13,2
DNp47,2
DNp103,2
CRE011,2
DNpe053,2
CB0582,2
LT39,2
LoVC3,2
OLVC5,2
DNg34,2
DNge054,2
DNge050,2
Li38,2
aMe17e,2
DNge041,2
GNG073,2
MeVC4b,2
LPT59,2
AVLP215,2
VL2p_adPN,2
AVLP572,2
LPT57,2
SMP709m,2
PVLP137,2
MN9,2
PS306,2
DNg22,2
LT34,2
LoVC11,2
SLP170,2
DNp19,2
DNc02,2
LT40,2
LHPV6q1,2
AVLP501,2
Li33,2
Li32,2
AVLP538,2
DNp73,2
LHPV5e3,2
DNa02,2
DNg40,2
LT36,2
SIP029,2
PVLP061,2
GNG114,2
DNp59,2
CRE004,2
LAL198,2
ATL001,2
WED203,2
LT1d,2
PVLP141,2
SAD112_a,2
AVLP535,2
AL-MBDL1,2
DNa10,2
OCG01e,2
PS349,2
DNp63,2
LT83,2
DNp13,2
VA2_adPN,2
AVLP474,2
CL257,2
DNg98,2
PPL202,2
MZ_lv2PN,2
AVLP082,2
AOTU012,2
AVLP609,2
VP1d+VP4_l2PN2,2
AOTU035,2
DNb09,2
CL036,2
LT33,2
DNde002,2
GNG649,2
GNG667,2
AVLP079,2
SMP251,2
DP1l_adPN,2
DNp10,2
VM6_adPN,2
AN19B019,2
AVLP032,2
IB007,2
DNa01,2
DNge035,2
LT11,2
DNge138,2
PVLP093,2
DNpe025,2
LT62,2
LPi4b,2
FB6A_a,2
PS307,2
DNa09,2
DNp08,2
Li31,2
GNG111,2
GNG144,2
DNbe001,2
DC1_adPN,2
GNG118,2
il3LN6,2
DGI,2
LT42,2
PS196_a,2
PVLP138,2
SLP031,2
LPT54,2
LHPV10b1,2
CL311,2
GNG502,2
GNG062,2
AVLP076,2
MBON05,2
Cm33,2
VES079,2
aIPg_m4,2
DNge039,2
GNG284,2
DNp62,2
DNg37,2
GNG701m,2
aMe_TBD1,2
CB0090,2
GNG105,2
SMP604,2
ANXXX109,2
FB6A_c,2
LAL124,2
Cm31b,2
AVLP434_a,2
DNg74_b,2
CRE075,2
SMP199,2
SMP544,2
DNpe017,2
SMP054,2
WED184,2
VL1_ilPN,2
MeVC26,2
DNg29,2
LNO2,2
MN2Db,2
APL,2
DNa16,2
DNg88,2
AN06B009,2
LAL125,2
DNg80,2
CB0121,2
AN02A001,2
GNG648,2
MeVP47,2
GNG137,2
DNp26,2
GNG109,2
SMP177,2
GNG168,2
M_l2PNl20,2
SAD107,2
DNg96,2
DNpe034,2
MeVP51,2
DNp70,2
IN06B012,2
DNge040,2
LPT60,2
Nod4,2
DNge011,2
AVLP710m,2
DNp43,2
DNpe052,2
PVLP114,2
LPT26,2
LoVC20,2
WED191,2
MBON35,2
AVLP200,2
CL063,2
CB0647,2
MeVC4a,2
PVLP120,2
DM4_adPN,2
AVLP084,2
mALB2,2
OLVC3,2
AN08B007,2
CL357,2
CvN5,2
CRE062,2
CRE021,2
AOTU005,2
FLA016,2
PVLP106,2
DNge059,2
PLP163,2
SMP383,2
DNp38,2
OA-AL2i4,2
DNb01,2
AVLP433_a,2
WED210,2
DNge003,2
DNp33,2
pC1x_c,2
AVLP210,2
DNge006,2
CRE074,2
DNae009,2
LT66,2
DNg49,2
LHCENT11,2
OLVC2,2
DNp48,2
CL110,2
SLP003,2
LoVP101,2
DNge132,2
CB0533,2
AN12B001,2
SLP270,2
LHAV3b12,2
CL092,2
DNpe001,2
MBON11,2
DNx01,2
SMP593,2
AVLP544,2
WED193,2
DNb07,2
DNp42,2
LT61a,2
DNg93,2
LT1c,2
CB0128,2
SLP447,2
LAL047,2
DNpe002,2
WED116,2
LoVC21,2
GNG641,2
DNg24,2
DNge143,2
PVLP107,2
GNG404,2
CB0214,2
AVLP289,2
MeVC3,2
GNG507,2
DNp03,2
PPL201,2
CvN7,2
H1,2
VC2_lPN,2
LoVC2,2
pMP2,2
DL5_adPN,2
VES012,2
DNp23,2
SMP027,2
SAD108,2
AOTU100m,2
AN01A089,2
LoVC7,2
PS088,2
CL286,2
AVLP396,2
IB061,2
DNp09,2
OLVC1,2
LT35,2
SAD112_c,2
SMP549,2
AVLP571,2
PLP074,2
LPT22,2
SMP543,2
OA-VUMa4,2
DNbe007,2
PLP148,2
MBON20,2
GNG494,2
VC1_lPN,2
MeVC2,2
DNp66,2
ATL033,2
MBON31,2
SAD105,2
DNge047,2
MBON21,2
GNG651,2
AVLP531,2
FLA020,2
LAL159,2
WED195,2
GNG302,2
DNge062,2
DNa15,2
DNde005,2
AN19B017,2
CB0429,2
DNge053,2
DNge107,2
AVLP532,2
GNG117,2
DNge049,2
V1,2
DNge129,2
GNG033,2
GNG666,2
GNG014,2
PLP092,2
PVLP076,2
SLP130,2
DNg39,2
AVLP478,2
SAD111,2
VA6_adPN,2
GNG120,2
MeVPMe11,2
IB114,2
DNb06,2
SAD097,2
PS278,2
LPi2b,2
AVLP476,2
AVLP213,2
MeVP52,2
LT37,2
PPM1203,2
PLP078,2
GNG100,2
DNa04,2
AVLP542,2
PS348,2
DNpe045,2
AVLP397,2
GNG011,2
LT61b,2
CL251,2
GNG121,2
SAD098,2
SMP718m,2
AVLP608,2
GNG506,2
vCal3,2
DNp69,2
GNG092,2
LAL026_a,2
GNG115,2
ATL021,2
DNg70,2
DNp34,2
ExR4,2
GNG301,2
DNa11,2
AMMC034_b,2
VP1m+VP5_ilPN,2
DNa03,2
DNge146,2
SMP285,2
CAPA,2
PVLP211m_a,2
DNbe004,2
PVLP140,2
AVLP712m,2
Cm35,2
AVLP078,2
SLP235,2
VA4_lPN,2
CL213,2
GNG700m,2
LHMB1,2
DNae002,2
LPT53,2
AVLP473,2
SLP388,2
AN07B018,2
LAL157,2
MeVPMe3,2
CL135,2
AVLP258,2
DNp05,2
GNG016,2
CL053,2
GNG304,2
GNG514,2
LAL009,2
Pm13,2
LHCENT3,2
LPT21,2
SMP147,2
GNG253,2
GNG321,2
MeVC23,2
PS001,2
DNge068,2
VP1d+VP4_l2PN1,2
LPsP,2
LAL015,2
GNG499,2
M_smPN6t2,2
VES045,2
DNge032,2
DNp14,2
MeVC6,2
DNp12,2
DNg13,2
WEDPN4,2
PRW060,2
vCal1,2
LoVP90a,2
AVLP402,2
CL098,2
DNge067,2
DNg78,2
AVLP502,2
DNge141,2
LoVC4,2
AVLP615,2
DNbe003,2
LHCENT9,2
AVLP562,2
pIP10,2
LPT27,2
CB1312,2
DNp52,2
CB0228,2
ALBN1,2
Nod2,2
AVLP610,2
SAD010,2
AVLP085,2
PS111,2
DA4m_adPN,2
LoVP45,2
DNp04,2
M_spPN4t9,2
VP1m_l2PN,2
PLP032,2
GNG102,2
DNge026,2
DNp71,2
DNd02,2
LoVP100,2
GNG124,2
mALD4,2
LPT52,2
ATL014,2
DNg32,2
DNg103,2
MBON26,2
SIP091,2
DNge051,2
LoVC5,2
AVLP086,2
DNp101,2
GNG288,2
LAL183,2
LoVP54,2
PS116,2
LHCENT4,2
AVLP340,2
CRE040,2
ALIN6,2
VES059,2
M_spPN5t10,2
FB6I,2
DNg19,2
LAL123,2
GNG022,2
DNpe007,2
DNp49,2
SLP131,2
IB018,2
CB0671,2
CB0244,2
DNp15,2
LT58,2
PLP246,2
CB3323,2
DNg111,2
AVLP154,2
Nod5,2
CSD,2
GNG112,2
GNG107,2
PS101,2
AVLP594,2
AVLP435_a,2
LAL156_a,2
DNbe006,2
CB0517,2
DNpe043,2
PVLP017,2
SAD071,2
LT41,2
DNp45,2
DNd05,2
DNp68,2
DNp54,2
CL212,2
PS359,2
CL319,2
IN01A020,2
LHCENT14,2
PVLP062,2
GNG091,2
LoVP90c,2
PVLP016,2
LAL205,2
AMMC011,2
SIP126m_a,2
WED108,2
Nod3,2
LPT49,2
LT82b,2
DNg104,2
PLP211,2
DNge042,2
PS013,2
DNge048,2
CL248,2
AVLP395,2
DNae003,2
CB2132,2
CvN4,2
CRE107,2
WED006,2
MeVP36,2
LHAV1e1,2
AVLP034,2
PPL101,2
SMP272,2
SAD082,2
AVLP758m,2
GNG500,2
GNG589,2
LHCENT2,2
SMP586,2
LAL108,2
DNge027,2
GNG650,2
MeVP29,2
CL367,2
PLP079,2
DNc01,2
AOTU063_b,2
DNp102,2
DNg60,2
AVLP017,2
CB1280,2
CL094,2
MeVPMe6,2
GNG164,2
GNG303,2
GNG145,2
DNa08,2
PLP128,2
SAD013,2
CL157,2
SAD043,2
LAL016,2
CL002,2
VP4+VL1_l2PN,2
DNpe023,2
DNg31,2
VES088,2
ATL037,2
GNG484,2
ANXXX127,2
CRE100,2
SLP206,2
DNge101,2
5-HTPMPV01,2
GNG236,2
AN05B102a,2
PLP216,2
AVLP023,2
PLP060,2
PS322,2
PLP016,2
AOTU064,2
MeVP49,2
PS065,2
OCG06,2
MN4b,2
TuTuA_2,2
MeVPaMe1,2
MBON32,2
AMMC013,2
DNge043,2
DNpe006,2
SMP550,2
PVLP015,2
DNg27,2
SAD112_b,2
DNb04,2
DNge065,2
DNd03,2
GNG160,2
LAL073,2
CL112,2
AVLP314,2
LHPD5a1,2
GNG028,2
AVLP339,2
DNp07,2
DL4_adPN,2
PS112,2
LCNOpm,2
AVLP201,2
LT86,2
LHPD4c1,2
DNg101,2
CL259,2
GNG652,2
PLP249,2
CB1005,2
CL111,2
PLP230,2
LoVP53,2
v2LN30,2
ALIN5,2
mALB4,2
DNae001,2
ALIN4,2
WED046,2
ANXXX470,2
5-HTPLP01,2
GNG037,2
DNpe021,2
CB0164,2
GNG315,2
AVLP539,2
VES047,2
SMP583,2
GNG590,2
GNG311,2
MeVP23,2
CL211,2
DNpe022,2
PVLP143,2
AVLP429,2
DNge084,2
AN05B004,2
OA-VUMa2,2
DNae007,2
DNpe032,2
LHPV6l2,2
ANXXX106,2
PPL102,2
v2LN31,2
CB0297,2
DNae005,2
PLP208,2
GNG546,2
AVLP498,2
CRE041,2
LT88,2
MeVPLp2,2
GNG583,2
AVLP590,2
PLP005,2
GNG584,2
AVLP077,2
AVLP369,2
DNpe005,2
LoVCLo1,2
LAL161,2
WED208,2
DNp24,2
PS126,2
AVLP209,2
WED119,2
MeVPMe7,2
LT46,2
CL065,2
SMP527,2
CL029_b,2
AVLP211,2
VES013,2
LHPV3c1,2
LHPV6j1,2
AVLP500,2
mALD3,2
AMMC012,2
VM1_lPN,2
GNG088,2
PLP019,2
VES058,2
PS305,2
SAD093,2
PLP256,2
CL322,2
SMP163,2
DNp64,2
MeVP56,2
TuTuA_1,2
SMP286,2
DPM,2
DNge073,2
DNde007,2
GNG540,2
mALB1,2
DNp104,2
GNG036,2
VES046,2
M_l2PNl21,2
GNG294,2
PPL103,2
CL159,2
AVLP419_a,2
PVLP013,2
DNge142,2
AVLP593,2
DNae010,2
LAL190,2
SAD106,2
GNG497,2
MBON33,2
AOTU033,2
CB0397,2
AVLP315,2
HST,2
AN10B005,2
SMP545,2
CL069,2
LoVCLo2,2
AOTU101m,2
CL264,2
ATL042,2
DNge123,2
DNge075,2
SAD035,2
DNa05,2
AOTU063_a,2
AVLP751m,2
AVLP612,2
LHPV5i1,2
CB1301,2
GNG142,2
LHAV2n1,2
PVLP020,2
MeVC7b,2
GNG525,2
AVLP717m,2
CB0194,2
SLP462,2
DNpe050,2
GNG553,2
CL216,2
AN19A038,2
DNp22,2
GNG276,2
DNge023,2
PS159,2
PRW058,2
LAL139,2
PLP131,2
GNG324,2
CL114,2
GNG126,2
PS047_b,2
GNG099,2
LoVP91,2
CL339,2
DNbe005,2
PS321,2
GNG587,2
PS309,2
LoVP85,2
CB2478,2
M_imPNl92,2
DNd04,2
GNG119,2
GNG131,2
CB0475,2
CL066,2
GNG084,2
SMP051,2
DNpe026,2
DNg38,2
LHAV2d1,2
SMP046,2
SLP230,2
SLP056,2
DNp57,2
SIP106m,2
MeVC9,2
GNG665,2
SLP004,2
LHAV2p1,2
PLP178,2
LT84,2
SMP368,2
lLN1_a,2
AN27X017,2
GNG492,2
AVLP491,2
GNG127,2
AVLP575,2
DNge018,2
SAD072,2
MBON22,2
FB5L,2
AN09B017f,2
DNge099,2
SLP060,2
AVLP448,2
GNG051,2
CRE050,2
LoVP90b,2
AVLP087,2
AVLP592,2
PRW070,2
GNG181,2
PS172,2
DNg91,2
DC4_adPN,2
AN17A008,2
GNG047,2
DNge135,2
PS217,2
GNG551,2
PS196_b,2
SIP107m,2
SLP238,2
AVLP053,2
IB094,2
GNG136,2
SIP133m,2
FB4B,2
GNG562,2
GNG660,2
DNde006,2
GNG579,2
PS099_b,2
GNG283,2
PS058,2
FB1G,2
LAL137,2
IB012,2
PLP029,2
MeVC12,2
GNG638,2
PS062,2
GNG316,2
AVLP029,2
OCG01c,2
SAD053,2
PS048_a,2
DNp58,2
CL109,2
AN01A055,2
GNG129,2
AVLP576,2
CB1542,2
AVLP464,2
CL333,2
GNG594,2
LHCENT1,2
GNG574,2
WEDPN9,2
DNg87,2
DNge044,2
MeVPaMe2,2
GNG314,2
SLP243,2
PLP257,2
GNG653,2
LPT28,2
LAL207,2
SAD084,2
DNg84,2
SMP168,2
VES075,2
LAL120_a,2
GNG549,2
DNg68,2
DNg109,2
DNg48,2
ICL002m,2
DNpe027,2
DNg14,2
GNG043,2
GNG515,2
AVLP708m,2
MeVC5,2
SAD055,2
SMP077,2
AVLP508,2
PS020,2
GNG282,2
LAL082,2
PVLP019,2
DNge056,2
GNG125,2
IB120,2
DNg43,2
GNG143,2
NPFL1-I,2
PS156,2
AVLP537,2
PS010,2
CL344_b,2
AVLP533,2
LHAD4a1,2
SMP597,2
GNG563,2
AVLP432,2
SLP411,2
PS274,2
aMe20,2
LAL169,2
LAL142,2
DNg59,2
LAL200,2
SMP109,2
SMP156,2
SMP456,2
PVLP115,2
DNp67,2
IB109,2
PS214,2
LHCENT6,2
PVLP094,2
PRW072,2
LAL141,2
PS047_a,2
DNpe055,2
DNge080,2
pC1x_a,2
ALIN2,2
DNge140,2
PLP209,2
GNG058,2
DNge007,2
AVLP543,2
PS300,2
ATL031,2
DNp60,2
AOTU027,2
DNge148,2
GNG627,2
PS213,2
GNG034,2
SLP469,2
LoVP49,2
MeVP38,2
CRE080_c,2
CL140,2
DNge100,2
AVLP536,2
PVLP069,2
SMP146,2
SMP577,2
AVLP454_b4,2
ICL013m_a,2
ATL030,2
DNge124,2
P1_18a,2
DNge128,2
DNg50,2
LHCENT5,2
IB009,2
WED109,2
AVLP505,2
LoVC13,2
PLP259,2
GNG025,2
SMP370,2
CB0992,2
Li36,2
LoVP86,2
DNge125,2
M_l2PNm14,2
DNge060,2
CL310,2
LoVP96,2
DNge010,2
SAD076,2
AVLP434_b,2
PVLP121,2
DNge028,2
AVLP343,2
AVLP160,2
GNG535,2
Cm32,2
WED070,2
GNG046,2
SLP471,2
5-HTPMPD01,2
CL115,2
MeVP41,2
VP4+_vPN,2
AVLP703m,2
AVLP081,2
VES027,2
aMe25,2
PLP093,2
AN06B014,2
GNG504,2
GNG134,2
CB0540,2
VES018,2
WED080,2
AOTU014,2
CB0477,2
LHAV3k1,2
PS175,2
PLP260,2
DNge069,2
PS173,2
DNge004,2
GNG094,2
SIP126m_b,2
WED069,2
GNG557,2
AMMC009,2
AN27X021,2
SMP014,2
GNG049,2
DNge122,2
IB093,2
DA1_vPN,2
LHPV1c2,2
GNG581,2
GNG588,2
DNp44,2
DNge022,2
AVLP614,2
PLP248,2
SMP184,2
LT75,2
MeVP43,2
PLP177,2
GNG097,2
SIP087,2
GNG668,2
GNG140,2
LoVP64,2
SMP036,2
DNg71,2
WED121,2
AN06B011,2
FB6C_a,2
AVLP563,2
PS089,2
SIP025,2
SLP278,2
VES048,2
CL064,2
CL309,2
PS180,2
MeVC8,2
SLP380,2
LHPV5e1,2
CL031,2
ExR3,2
VP5+Z_adPN,2
GNG322,2
AVLP591,2
LAL014,2
GNG509,2
MBON13,2
AVLP018,2
PS061,2
AVLP251,2
GNG287,2
GNG281,2
CB0466,2
LAL182,2
GNG139,2
CRE042,2
AVLP573,2
LHAD2b1,2
AVLP475_a,2
DNge104,2
DNge033,2
DNae004,2
DNg44,2
CB0432,2
GNG027,2
GNG578,2
GNG029,2
CRE048,2
GNG039,2
M_lv2PN9t49_a,2
WED076,2
DNge002,2
GNG026,2
DNg54,2
SAD114,2
PS057,2
CB0629,2
PVLP211m_c,2
PS232,2
DNpe030,2
CL303,2
GNG670,2
DA4l_adPN,2
aMe15,2
GNG030,2
DNpe049,2
GNG133,2
GNG285,2
DNge070,2
GNG095,2
WED187,2
CB0609,2
AVLP534,2
AVLP721m,2
PPM1205,2
CRE076,2
DNge098,2
DNde001,2
GNG158,2
SLP059,2
DNpe020,2
CL007,2
VP1l+VP3_ilPN,2
pC1x_d,2
OA-VUMa5,2
AVLP724m,2
PPL108,2
AVLP757m,2
SLP239,2
LAL051,2
Z_vPNml1,2
SIP052,2
AVLP716m,2
IB097,2
GNG495,2
MeVP33,2
AN08B014,2
LAL102,2
PS011,2
SAD094,2
LAL165,2
MeVP30,2
SMP554,2
PLP004,2
AVLP503,2
PVLP090,2
LAL172,2
CL075_b,2
CL287,2
LPT30,2
AVLP599,2
CL256,2
CRE077,2
PLP245,2
GNG221,2
GNG032,2
SAD036,2
SLP441,2
MeVP45,2
GNG096,2
PRW045,2
IB064,2
WEDPN12,2
DNge076,2
AVLP413,2
VES016,2
GNG544,2
LHPV10d1,2
DNge139,2
M_l2PNl22,2
GNG280,2
FB5AB,2
DNg95,2
GNG313,2
AVLP370_a,2
AVLP720m,2
MeVC7a,2
CL107,2
VES067,2
DNge086,2
DNge133,2
SIP137m_a,2
GNG162,2
PS050,2
AN08B032,2
WED107,2
SMP179,2
LAL012,2
IB014,2
GNG561,2
MeVP25,2
GNG229,2
SIP111m,2
CB0141,2
LoVP103,2
GNG292,2
CL209,2
AVLP370_b,2
AVLP169,2
GNG510,2
V_l2PN,2
GNG154,2
VES025,2
SMP457,2
LAL111,2
ATL002,2
CL344_a,2
DNge088,2
CL055,2
PVLP002,2
AN03A008,2
SLP279,2
GNG149,2
SLP057,2
LAL156_b,2
CL027,2
VES056,2
PVLP211m_b,2
GNG123,2
CL144,2
MeVP50,2
DNg85,2
GNG166,2
LAL120_b,2
VES070,2
LAL045,2
DNg81,2
CL155,2
M_l2PNl23,2
AVLP098,2
DNp53,2
SLP070,2
GNG512,2
LAL170,2
AVLP257,2
AVLP035,2
DNg41,2
ALIN7,2
GNG548,2
MeVP60,2
CB0492,2
LAL026_b,2
VES017,2
DNp46,2
SLP250,2
Mi20,2
DNp25,2
P1_3b,2
PVLP018,2
GNG080,2
LAL081,2
DNg86,2
SMP169,2
WED209,2
AVLP019,2
GNG081,2
AVLP433_b,2
AVLP031,2
SMP385,2
SMP388,2
PPL203,2
GNG035,2
DNg33,2
AVLP504,2
PS060,2
LoVP79,2
VES005,2
AVLP509,2
AVLP437,2
AN08B020,2
AVLP713m,2
AN09B017e,2
CL028,2
CB0316,2
DNg20,2
GNG019,2
SLP374,2
SMP589,2
VM4_adPN,2
VES085_a,2
PLP096,2
MN5,2
SMP164,2
GNG090,2
SIP110m_a,2
SMP237,2
LAL184,2
LHAV3f1,2
ANXXX057,2
SMP551,2
LHAV3p1,2
MeVC10,2
AVLP266,2
ANXXX093,2
AVLP565,2
DNp21,2
DNa14,2
GNG306,2
FB6D,2
AOTU024,2
VES010,2
SMP011_a,2
FLA017,2
LHAD1f2,2
GNG517,2
SMP733,2
DNge096,2
LAL100,2
aMe13,2
GNG024,2
ANXXX102,2
AVLP033,2
AVLP443,2
ANXXX068,2
CL150,2
SMP744,2
SLP066,2
P1_11a,2
DNge106,2
PRW062,2
PS187,2
DNg17,2
DNae008,2
SMP165,2
SMP026,2
GNG169,2
GNG171,2
SLP234,2
GNG534,2
LPT110,2
CB1142,2
PRW066,2
DNge063,2
SIP031,2
OLVC4,2
SAD100,2
CL326,2
AVLP317,2
CB0285,2
DNg73,2
DNg62,2
AVLP157,2
DNge082,2
GNG469,2
SMP175,2
AVLP214,2
CL062_a1,2
PVLP150,2
DNge038,2
AVLP547,2
P1_11b,2
LAL168,2
MeVP27,2
M_vPNml55,2
DNge008,2
LAL121,2
PAL01,2
LT85,2
LoVP97,2
LAL152,2
PS311,2
GNG182,2
LHAV3k2,2
AVLP331,2
SMP202,2
DNpe035,2
IB005,2
IB023,2
GNG130,2
PLP035,2
CL029_a,2
AN06B040,2
LAL072,2
LHPV6g1,2
PVLP201m_a,2
LoVP88,2
AVLP021,2
AN06B004,2
GNG547,2
AVLP318,2
LoVP42,2
SLP207,2
AVLP578,2
CB0598,2
SIP110m_b,2
DNg61,2
LHPV6a10,2
DNg97,2
SMP157,2
CB0633,2
CL260,2
SMP495_a,2
GNG235,2
AVLP159,2
GNG173,2
LAL053,2
GNG307,2
GNG487,2
PS157,2
LPT29,2
GNG122,2
AN17A026,2
DNg89,2
GNG498,2
LAL158,2
GNG328,2
LAL154,2
GNG044,2
VES011,2
SMP541,2
CRE022,2
AVLP430,2
PRW003,2
LoVP106,2
AN17B005,2
CB2521,2
CL158,2
AN27X015,2
AVLP507,2
Lat5,2
SMP028,2
CL022_b,2
IB021,2
AVLP520,2
MeVP32,2
SMP181,2
GNG093,2
MeVC24,2
GNG312,2
LoVP63,2
GNG501,2
LHPV10c1,2
DNg63,2
CRZ02,2
GNG473,2
OA-ASM3,2
SLP067,2
GNG054,2
aMe3,2
CL327,2
PS265,2
PS181,2
DNge131,2
VES205m,2
CL214,2
CB0204,2
PS027,2
AVLP281,2
PRW056,2
AN17A002,2
CL022_c,2
CB0607,2
lLN10,2
CL316,2
PS063,2
DNp65,2
AVLP088,2
AVLP218_a,2
AVLP217,2
GNG460,2
DNg42,2
WED071,2
PS048_b,2
SLP068,2
AN27X003,2
LAL007,2
IB017,2
SMP553,2
SLP061,2
GNG529,2
LAL193,2
PS327,2
SMP386,2
CB3588,2
CB3544,2
LAL099,2
GNG491,2
ANXXX250,2
GNG056,2
GNG188,2
SIP117m,2
GNG342,2
DNg69,2
AN10B018,2
PRW064,2
VES072,2
PS171,2
GNG189,2
CRE013,2
GNG101,2
PS117_a,2
LAL195,2
LHPV8a1,2
GNG286,2
DNpe041,2
DNg76,2
CB2940,2
DNge173,2
SMP185,2
AVLP371,2
SMP503,2
GNG216,2
LT67,2
CL130,2
AVLP506,2
LAL001,2
PRW068,2
LoVP58,2
SMP200,2
PLP094,2
GNG565,2
GNG048,2
PRW002,2
MBON18,2
PPL105,2
SMP050,2
PS091,2
LoVP73,2
DNg64,2
AVLP322,2
MeVP42,2
AN17B012,2
DNge127,2
DNge077,2
LHAV3m1,2
CB3682,2
AVLP261_b,2
LAL046,2
PRW074,2
CL199,2
DNae006,2
LHPV7c1,2
SAD099,2
SLP455,2
PLP247,2
GNG057,2
GNG186,2
SLP456,2
CL321,2
PLP020,2
AN09B017g,2
DNpe040,2
WED181,2
VES004,2
PVLP217m,2
AVLP418,2
GNG052,2
PVLP063,2
SMP402,2
GNG072,2
GNG308,2
DNg05_a,2
M_smPNm1,2
VES002,2
LHAV2k8,2
GNG552,2
M_ilPNm90,2
SMP389_b,2
AVLP548_g1,2
PLP229,2
DNpe028,2
GNG113,2
CB2465,2
GNG327,2
AOTU009,2
LAL119,2
VP2_l2PN,2
FB4X,2
LHPV5l1,2
SLP386,2
VES090,2
VP3+VP1l_ivPN,2
IB095,2
CL085_b,2
GNG214,2
LoVP70,2
PLP130,2
PS355,2
PRW046,2
PS185,2
LoVP47,2
GNG631,2
AVLP755m,2
VES071,2
LHPV9b1,2
DNp28,2
LT55,2
GNG664,2
GNG559,2
SLP236,2
AVLP398,2
GNG526,2
AN07B037_b,2
CL003,2
AN05B103,2
DNge078,2
FB6H,2
PS202,2
PS115,2
AVLP435_b,2
PS303,2
PRW047,2
AN06B025,2
DNES2,2
GNG231,2
SLP209,2
AN27X022,2
CB0510,2
GNG180,2
PS201,2
LHPV2h1,2
AVLP546,2
GNG593,2
CB2676,2
aMe22,2
SMP235,2
LAL052,2
IB101,2
IB116,2
GNG520,2
AVLP598,2
GNG148,2
AVLP216,2
AN09B002,2
SMP153_a,2
PLP196,2
SMP152,2
CRE080_b,2
SLP470,2
CB0079,2
GNG576,2
SMP150,2
LAL013,2
FB5I,2
LT72,2
PS231,2
CL263,2
SIP046,2
CB0259,2
SMP418,2
AN01A086,2
GNG059,2
PPL107,2
LHPV6m1,2
CL058,2
GNG191,2
GNG159,2
AVLP431,2
PLP006,2
SMP254,2
GNG178,2
OCG02b,2
LoVP67,2
vLN29,2
CB0630,2
IB058,2
SIP017,2
SAD085,2
PRW065,2
WED007,2
MN2Da,2
SIP137m_b,2
CB0431,2
CB0197,2
LAL163,2
IB096,2
DNge121,2
GNG211,2
GNG577,2
VES003,2
LoVP35,2
LHAV3h1,2
LAL055,2
LAL171,2
SMP041,2
LAL101,2
DNge184,2
DNp39,2
PLP250,2
GNG251,2
SMP234,2
CL335,2
DNge072,2
GNG234,2
SMP471,2
SMP273,2
AVLP184,2
MN13,2
PS320,2
GNG152,2
GNG508,2
WED182,2
ATL034,2
SLP379,2
GNG076,2
DNge052,2
SIP004,2
PRW071,2
ANXXX094,2
DNg09_b,2
GNG128,2
SMP253,2
SMP183,2
WEDPN11,2
AN06B037,2
SLP377,2
SMP154,2
AMMC037,2
LAL010,2
AVLP263,2
CB0645,2
WED205,2
GNG639,2
AVLP548_f1,2
AVLP454_b6,2
BiT,2
SMP013,2
GNG486,2
CL071_a,2
AVLP330,2
SMP080,2
LHAV3e3_b,2
CB0695,2
GNG640,2
DNge016,2
LoVP68,2
SAD034,2
PS183,2
PS199,2
ATL008,2
PS053,2
SLP247,2
aMe6a,2
SIP018,2
AVLP015,2
CL201,2
FB1I,2
VP4_vPN,2
VA1d_vPN,2
AN09B011,2
GNG532,2
ATL029,2
DNge147,2
SMP159,2
GNG074,2
SMP512,2
PRW061,2
SLP439,2
GNG199,2
GNG203,2
GNG580,2
SLP080,2
ATL041,2
CL012,2
CB0682,2
ATL006,2
WED008,2
AVLP454_b5,2
CL021,2
CL010,2
PLP116,2
CB0029,2
AVLP735m,2
DNge057,2
GNG132,2
PLP080,2
SMP311,2
SMP201,2
PLP144,2
LAL143,2
AVLP152,2
DNg47,2
VES105,2
AVLP162,2
CL288,2
LHAV3k5,2
GNG063,2
SMP596,2
SMP188,2
AOTU045,2
PRW055,2
GNG042,2
FB4C,2
SMP010,2
ALON2,2
GNG085,2
AVLP446,2
CB3692,2
M_adPNm3,2
AN17B009,2
AVLP090,2
LoVP59,2
LAL166,2
LoVP107,2
CL236,2
CB3690,2
PRW049,2
SMP040,2
LHAV3e3_a,2
AVLP025,2
CL360,2
AVLP454_a2,2
PLP197,2
DNg46,2
PS083_c,2
MeVP48,2
DNge097,2
CL175,2
GNG045,2
DNg58,2
GNG503,2
PRW001,2
PRW067,2
VES014,2
SIP132m,2
DNge175,2
GNG550,2
GNG190,2
CL317,2
GNG176,2
LHAV6g1,2
LoVP72,2
AN17A050,2
SMP384,2
AVLP155_a,2
WEDPN5,2
ANXXX002,2
PS182,2
LAL153,2
DNge030,2
LoVP40,2
SMP178,2
CL032,2
PS314,2
AN10B017,2
LoVP48,2
GNG479,2
VES073,2
GNG531,2
CL078_a,2
LPN_b,2
AN09B017d,2
GNG542,2
GNG204,2
DNge012,2
GNG079,2
VES043,2
LAL181,2
SMP504,2
PS262,2
LNOa,2
GNG177,2
LAL160,2
PhG1b,2
AVLP439,2
PS083_a,2
LAL029_e,2
MeVP40,2
GNG524,2
CL179,2
DNge081,2
MBON24,2
SLP132,2
CL200,2
AVLP447,2
AVLP024_c,2
ANXXX071,2
GNG071,2
LHAV2b2_d,2
CL093,2
LoVP46,2
LT76,2
GNG530,2
CL070_a,2
LAL002,2
LHAD1h1,2
CL057,2
DNg45,2
PS334,2
SLP305,2
DNg21,2
DNg107,2
CB0282,2
PRW052,2
IB025,2
AOTU065,2
AVLP252,2
DNge058,2
PVLP026,2
LHPV4j3,2
CL073,2
IB117,2
PLP022,2
AN17A076,2
OCC01b,2
AVLP595,2
IB020,2
GNG077,2
AN23B001,2
CL368,2
FB4G,2
GNG167,2
M_l2PNm17,2
FB5AA,2
PS099_a,2
CB1702,2
SMP547,2
GNG521,2
LHPV4m1,2
SMP580,2
aMe24,2
DNge064,2
SMP335,2
DNge013,2
WED165,2
LAL029_b,2
VP5+VP3_l2PN,2
PS249,2
SMP044,2
SMP422,2
LHPV6c1,2
GNG201,2
Pm7_Li28,2
WEDPN2B_b,2
GNG157,2
SAD070,2
LHAD1c2b,2
AVLP097,2
AN07B017,2
SMP269,2
SMP556,2
LAL146,2
WED122,2
VP2+VC5_l2PN,2
SLP032,2
AVLP253,2
AVLP024_a,2
DNge029,2
VES057,2
FB6O,2
CL205,2
ATL017,2
PS082,2
SIP026,2
PS310,2
DNge034,2
SMP015,2
GNG582,2
GNG040,2
PVLP201m_d,2
GNG343,2
IB118,2
GNG135,2
GNG061,2
AVLP091,2
GNG305,2
LoVP30,2
aSP-g3Am,2
AVLP170,2
AVLP024_b,2
VP1m+VP2_lvPN1,2
DNpe033,2
IB065,2
PS081,2
P1_1b,2
GNG065,2
CL362,2
AVLP155_b,2
WEDPN10A,2
GNG259,2
FB6E,2
AVLP041,2
LT60,2
SMP238,2
CRZ01,2
CL070_b,2
FB6F,2
LoVP69,2
SMP198,2
CL075_a,2
SIP019,2
AN08B025,2
SIP064,2
AN12B006,2
PLP232,2
PS358,2
CL102,2
P1_9b,2
DNg01_b,2
LHPD5b1,2
PS127,2
SMP255,2
AVLP203_a,2
LHAV4a2,2
PVLP027,2
FB5H,2
l2LN21,2
GNG601,2
GNG223,2
ANXXX139,2
GNG172,2
SMP579,2
AN05B102d,2
AVLP260,2
CRE012,2
SMP158,2
IB048,2
PS068,2
LHPV4j4,2
PVLP126_b,2
GNG218,2
GNG519,2
PS178,2
PLP075,2
AN09B017c,2
ATL015,2
GNG213,2
AN18B022,2
SMP161,2
GNG200,2
SLP360_a,2
AN19B028,2
mAL4H,2
LAL054,2
GNG317,2
WED016,2
AVLP267,2
SMP192,2
AVLP470_a,2
GNG184,2
LoVP65,2
VES030,2
CB1421,2
AN19B025,2
GNG185,2
AVLP153,2
M_lvPNm39,2
CL095,2
PS085,2
LAL122,2
CB2824,2
SLP443,2
VP1d_il2PN,2
PVLP011,2
MeVP35,2
GNG637,2
GNG174,2
SLP074,2
ATL027,2
LAL162,2
LHAV6e1,2
P1_4b,2
AVLP268,2
VES098,2
SLP458,2
DNg94,2
LAL076,2
mAL_m7,2
AVLP737m,2
AN09B017b,2
AN17B016,2
CB0312,2
LHAV3q1,2
Lat4,2
SLP390,2
CL133,2
GNG067,2
CB0405,2
CB2682,2
IB047,2
MN8,2
LoVP57,2
GNG569,2
DNg23,2
SLP208,2
DNge134,2
GNG264,2
PS170,2
AVLP719m,2
AN10B026,2
SMPp&v1B_M02,2
AVLP470_b,2
GNG156,2
M_l2PNm15,2
AVLP108,2
PS158,2
CL136,2
GNG543,2
GNG365,2
GNG212,2
GNG252,2
LAL147_c,2
ANXXX218,2
CB0046,2
LT69,2
ICL005m,2
GNG187,2
CB0440,2
CB2691,2
GNG527,2
GNG206,2
SLP034,2
IB050,2
GNG053,2
AVLP175,2
GNG228,2
LAL192,2
SLP385,2
GNG219,2
CB1858,2
AN09B017a,2
LC39b,2
LAL129,2
GNG170,2
ANXXX082,2
CB0670,2
CB2281,2
LHPV6o1,2
SMP506,2
VES091,2
PS312,2
SIP086,2
ATL032,2
DNa07,2
AVLP341,2
PLP008,2
SMP505,2
DNpe036,2
DNge174,2
SMP372,2
AVLP299_a,2
VP3+_vPN,2
WED081,2
AN08B027,2
SMP375,2
SMP555,2
AN09B007,2
LHPD2d1,2
PLP121,2
GNG241,2
GNG468,2
PVLP200m_b,2
SMP546,2
SMP339,2
PLP262,2
GNG390,2
AN27X016,2
DNg02_d,2
SLP382,2
VES076,2
AN10B021,2
SMP276,2
AN06B034,2
DNg12_d,2
SMP507,2
SLP381,2
CL123_a,2
AVLP202,2
PLP123,2
AN05B102c,2
LAL128,2
Li37,2
GNG459,2
SMP256,2
CL067,2
PS200,2
AN02A009,2
SLP269,2
MeVP63,2
CL097,2
AN05B023d,2
AVLP511,2
ATL040,2
AN18B001,2
AN06B057,2
CL123_d,2
LAL140,2
WED202,2
PRW013,2
DNxl114,2
TuTuB_a,2
SMP037,2
LHAV2k6,2
AN02A017,2
PS041,2
SLP075,2
PS280,2
PS347_a,2
CB0396,2
IB110,2
CL108,2
GNG220,2
PS092,2
PS160,2
AN03B094,2
PS352,2
PRW053,2
GNG175,2
AVLP075,2
PS139,2
ATL003,2
SLP442,2
AN19B049,2
PVLP200m_a,2
FB2H_b,2
DNge105,2
AVLP161,2
AVLP342,2
FB6B,2
SMP186,2
AVLP132,2
GNG483,2
PLP076,2
GNG086,2
GNG489,2
CB1910,2
AVLP454_b3,2
AVLP212,2
AVLP102,2
LHAV3k6,2
M_vPNml79,2
GNG591,2
AN06B026,2
GNG066,2
SAD021_b,2
aIPg4,2
PRW069,2
SLP365,2
AVLP194_b1,2
PS108,2
ANXXX131,2
PS347_b,2
GNG564,2
GNG195,2
ATL026,2
PS215,2
CB3067,2
GNG244,2
PS313,2
CL246,2
CL123_c,2
IB060,2
LoVP60,2
WED194,2
SMP053,2
CL266_a2,2
AOTU029,2
CL352,2
AOTU016_a,2
SMP333,2
LHAV3a1_c,2
VES077,2
SLP376,2
SLP397,2
LAL197,2
LHAD1k1,2
GNG602,2
DNp16_a,2
LHPD4d1,2
GNG192,2
FB6N,2
AVLP158,2
DNg77,2
AVLP428,2
GNG055,2
AN12A003,2
AOTU026,2
GNG208,2
SMP369,2
DNg02_f,2
SMP116,2
CL123_e,2
PLP058,2
GNG226,2
DNge021,2
AN09B027,2
LHAV3k3,2
CB2330,2
CRE009,2
MeVP61,2
CB0224,2
LHPV6i2_a,2
SLP248,2
P1_10a,2
ANXXX050,2
CL026,2
LHPV4e1,2
IB026,2
PLP170,2
AN05B025,2
SLP258,2
AVLP203_b,2
ALON1,2
AN09B003,2
SLP355,2
SMP532_b,2
AVLP460,2
AN17B007,2
LHPD2d2,2
CB2935,2
GNG194,2
AN05B023c,2
AVLP101,2
LHAV4l1,2
M_vPNml51,2
LAL164,2
CL314,2
WED146_a,2
AN02A005,2
KCg-s1,2
PPM1204,2
SLP373,2
CL151,2
PLP214,2
AN06B090,2
SMP582,2
WED089,2
DNpe037,2
CB1973,2
GNG573,2
LoVP99,2
LH005m,2
CL161_a,2
SMP045,2
LHPV6p1,2
LoVP44,2
LHAV3k4,2
SLP368,2
AN18B004,2
SLP048,2
GNG485,2
CL266_b1,2
WED083,2
LHAV6h1,2
LT54,2
LAL017,2
CRE102,2
PLP258,2
SLP073,2
WEDPN10B,2
PLP169,2
LAL029_c,2
LHAV4g17,2
AVLP760m,2
SAD021,2
SMP189,2
SLP011,2
PS093,2
AOTU028,2
GNG245,2
LHAD2e1,2
LAL029_d,2
GNG630,2
GNG197,2
FB6G,2
SLP072,2
P1_2b,2
CB0657,2
LHPV2i2_b,2
LT59,2
SMP513,2
AVLP203_c,2
CL072,2
SLP184,2
P1_3a,2
SLP215,2
LHAV2o1,2
LHPD5f1,2
CL250,2
AVLP601,2
SMP745,2
SLP391,2
LHAV3e4_b,2
CRE007,2
SMP038,2
CB1314,2
CB3630,2
vLN28,2
ATL016,2
AN03A002,2
SLP404,2
SMP042,2
PVLP078,2
LoVP34,2
CL266_a1,2
AN23B003,2
AN08B069,2
CB3594,2
SMP249,2
IB121,2
ATL011,2
LAL186,2
SLP077,2
LHPV7b1,2
VES065,2
LAL029_a,2
LAL176,2
FLA019,2
SLP069,2
FB4P_c,2
CL025,2
CL088_a,2
SMP531,2
SLP437,2
SLP149,2
DNge144,2
SLP378,2
AN09B016,2
DNg12_h,2
CB1688,2
ANXXX462a,2
DNpe010,2
ATL038,2
OCG03,2
SMP732,2
CB0356,2
SLP460,2
CL180,2
IB068,2
CB2316,2
AMMC029,2
CB3595,2
AVLP763m,2
AN19B024,2
ANXXX030,2
LAL208,2
AVLP173,2
LT47,2
GNG256,2
AVLP522,2
GNG083,2
P1_13a,2
DNge110,2
AVLP095,2
IB059_a,2
AMMC010,2
CL062_b1,2
PLP221,2
SMP119,2
MeVP39,2
ANXXX174,2
SLP071,2
LHAV3i1,2
SLP155,2
LoVP36,2
PRW051,2
PVLP201m_b,2
v2LN37,2
AVLP332,2
GNG210,2
PLP132,2
SLP202,2
CB3879,2
LHPD5c1,2
GNG237,2
VES040,2
CB3631,2
GNG222,2
SMP514,2
CB3400,2
CB3488,2
AN06A015,2
PVLP079,2
ATL043,2
CB3561,2
PLP036,2
SMP494,2
DNge183,2
ANXXX055,2
SLP341_b,2
AOTU036,2
GNG560,2
DNge178,2
ANXXX075,2
AN05B102b,2
CB2627,2
LHCENT12a,2
AVLP296_b,2
CL088_b,2
AN07B106,2
ANXXX165,2
CB1714,2
SLP231,2
ANXXX005,2
SLP047,2
INXXX056,2
LHAV8a1,2
aMe6b,2
AOTU006,2
LHAV6b1,2
AVLP454_b1,2
SMP313,2
SMP390,2
SMP336,2
DNg57,2
ANXXX151,2
PLP143,2
SLP221,2
P1_2c,2
LHAV3d1,2
AN01A033,2
SMP389_c,2
aIPg_m3,2
AVLP193,2
CB3619,2
CB3906,2
AN02A025,2
WED018,2
LHPV2i2_a,2
PRW011,2
PLP007,2
CB1247,2
PLP239,2
AVLP552,2
WED045,2
GNG260,2
GNG247,2
SMP600,2
SLP136,2
CB2620,2
PVLP030,2
AN09B014,2
SMP530_a,2
CB2093,2
M_lv2PN9t49_b,2
CL266_a3,2
SAD074,2
GNG658,2
AVLP048,2
CB1678,2
SLP058,2
AVLP548_f2,2
WED084,2
PVLP075,2
DNp16_b,2
AN23B004,2
GNG341,2
AVLP723m,2
PS029,2
AOTU048,2
SMP257,2
SMP340,2
VES102,2
MBON23,2
AN09B059,2
AVLP419_b,2
SLP255,2
SMP712m,2
SMP395,2
AVLP093,2
PS174,2
LAL027,2
VL1_vPN,2
IB015,2
CB2371,2
DNp72,2
SMP291,2
AVLP454_b2,2
PVLP125,2
CB1405,2
PhG1a,2
LHPV4l1,2
CB3661,2
CB3459,2
PPL104,2
SMP180,2
GNG075,2
FB4D_a,2
CL086_d,2
LHAD1j1,2
SMP240,2
PLP002,2
AVLP373,2
CB1672,2
CB0280,2
WEDPN2B_a,2
CB1139,2
CRE089,2
AN08B086,2
PRW063,2
AOTU013,2
AVLP483,2
LAL147_b,2
PRW040,2
LoVP29,2
CB0390,2
AN08B013,2
CB2512,2
IB059_b,2
AN19B110,2
CB1632,2
AN10B008,2
AVLP094,2
SIP065,2
SLP360_b,2
LT65,2
SLP126,2
SLP393,2
ICL010m,2
LHAV4j1,2
LAL008,2
AVLP129,2
AN23B010,2
GNG447,2
AN19B014,2
GNG038,2
AN13B002,2
AN09B034,2
CRE080_a,2
LoVP41,2
AN27X008,2
CL123_b,2
AN08B048,2
CB1959,2
GNG215,2
PS338,2
LHAV2b2_c,2
CB3676,2
ICL004m_a,2
CB3863,2
LHPV1d1,2
AVLP334,2
AN12B005,2
AVLP381,2
GNG567,2
CL085_c,2
ATL004,2
PS161,2
WED051,2
M_vPNml52,2
AVLP596,2
CL142,2
LAL115,2
DNg12_g,2
DNg83,2
GNG261,2
SAD101,2
ICL011m,2
FB7H,2
ATL025,2
AN08B050,2
AVLP221,2
GNG249,2
CB3961,2
CB2954,2
IB062,2
LAL177,2
SLP271,2
AVLP224_b,2
AN06B089,2
SLP473,2
SMP542,2
AVLP320_b,2
FB6V,2
SIP067,2
CL062_b2,2
PS114,2
FLA018,2
aPhM2b,2
dMS9,2
PVLP201m_c,2
SLP210,2
GNG257,2
SLP394,2
SMP561,2
CB2489,2
AVLP180,2
CB3277,2
VES100,2
AN10B009,2
CL068,2
SMP115,2
PVLP089,2
PhG10,2
AVLP449,2
FB4Q_a,2
FB2I_b,2
CL089_a1,2
AN17A004,2
CL141,2
DNg67,2
FB6Z,2
CB0218,2
TuTuB_b,2
AVLP304,2
WED020_a,2
LHAV6b4,2
CB0374,2
CRE105,2
CL315,2
CL090_a,2
LHPV4a7_d,2
CL126,2
ANXXX006,2
VES095,2
AVLP255,2
AN09B026,2
VES094,2
CB1655,2
LHPV4j2,2
SMP560,2
SLP252_b,2
LC35b,2
AN09B019,2
vLN26,2
GNG202,2
SMP727m,2
IB083,2
CB1960,2
AN18B023,2
LHPV10a1a,2
PhG11,2
VES039,2
FB4D_c,2
CB3433,2
SMP508,2
PLP066,2
GNG536,2
CB3427,2
ANXXX191,2
aMe23,2
AVLP579,2
CB2855,2
CB1995,2
CB0656,2
AN05B035,2
CB2595,2
AVLP404,2
LHPV4a11,2
PS330,2
CB2689,2
CL143,2
SMP373,2
WED124,2
AVLP320_a,2
SLP256,2
CB3343,2
CL183,2
LHPD2c1,2
WED017,2
ANXXX132,2
GNG642,2
WEDPN1B,2
CB2374,2
AVLP738m,2
CB2390,2
WED078,2
AN09B024,2
P1_13c,2
CB2366,2
AN05B005,2
PVLP048,2
CB2913,2
FB4N,2
OA-ASM2,2
PVLP126_a,2
DNge120,2
SMP552,2
CB0382,2
CB3930,2
CL078_b,2
SLP358,2
CB2408,2
AN06B012,2
AVLP254,2
CB2373,2
AVLP311_b2,2
DNge090,2
AN05B098,2
FB1J,2
DNge014,2
SMP293,2
CL128_d,2
KCg-s2,2
CL056,2
AN07B036,2
SMP423,2
WED091,2
CL272_a1,2
SMP538,2
AVLP065,2
CB3869,2
DNge109,2
SMP047,2
AVLP192_b,2
VES096,2
SLP466,2
SIP022,2
PVLP124,2
AN07B021,2
FB5Y_a,2
PLP134,2
CL364,2
DNg53,2
SMP428_a,2
AN19B015,2
LHAD2e3,2
CB1346,2
P1_6b,2
AVLP222,2
CB2630,2
LHPD1b1,2
LHPV4i4,2
P1_8a,2
PS317,2
SLP341_a,2
GNG078,2
AVLP586,2
VES093_a,2
MNx05,2
FB5Y_b,2
CB2963,2
GNG353,2
CRE082,2
GNG659,2
GNG254,2
ANXXX144,2
CB1194,2
ATL044,2
CB2475,2
ANXXX026,2
AN09B015,2
AVLP736m,2
CRE043_b,2
LoVP43,2
GNG267,2
GNG009,2
CB0747,2
LoVP98,2
CB3576,2
LAL191,2
WED079,2
LAL114,2
SLP134,2
AN09A007,2
CL078_c,2
SMP379,2
LHAV5d1,2
CB2681,2
FB4F_b,2
M_lPNm11B,2
AN01B018,2
LHAV6a8,2
AVLP529,2
LHPV4h3,2
PS031,2
FB2J_b,2
SMP407,2
AVLP764m,2
PLP122_a,2
SMP406_a,2
SMP399_a,2
CB0373,2
LHAV6i2_b,2
P1_15b,2
AN05B044,2
FB5K,2
CB1309,2
P1_14b,2
GNG230,2
CRE015,2
CB3664,2
GNG611,2
AVLP194_c2,2
SMP458,2
CB3512,2
PLP252,2
LHPV6c2,2
CB1533,2
ANXXX178,2
CB2563,2
DNge074,2
AN06B005,2
v2LN3A1_a,2
SMP406_e,2
IB024,2
SMP011_b,2
SLP094_c,2
ANXXX154,2
CB2599,2
GNG606,2
MeVP31,2
CB1009,2
CB3278,2
GNG258,2
LHAV4g14,2
AMMC001,2
FB3E,2
CL062_b3,2
GNG458,2
SMP444,2
AVLP459,2
SMP064,2
MBON28,2
GNG217,2
CB0367,2
GNG238,2
SLP122_b,2
GNG607,2
CL294,2
SLP099,2
AN04B051,2
FB4H,2
PLP261,2
GNG277,2
CRE024,2
CB1412,2
LAL049,2
WED085,2
GNG108,2
GNG268,2
GNG430_a,2
CB2653,2
mAL_m10,2
vMS13,2
M_lvPNm29,2
ATL036,2
SMP442,2
CB2351,2
LHAD3d4,2
GNG207,2
LHAD2d1,2
CB1550,2
CB3373,2
LHPV10a1b,2
ANXXX072,2
PS276,2
DNge180,2
CB0640,2
FB4I,2
CB3523,2
SLP384,2
SLP472,2
DNge017,2
M_lvPNm44,2
GNG021,2
AVLP192_a,2
GNG146,2
DNg01_c,2
mAL4C,2
GNG333,2
LT64,2
CB4241,2
CB2347,2
AN05B021,2
PLP122_b,2
CL149,2
AN03B009,2
LHPV6l1,2
AN17B011,2
AVLP393,2
SMP284_b,2
GNG246,2
CL085_a,2
CB3361,2
GNG448,2
GNG449,2
FB7B,2
ANXXX013,2
ANXXX152,2
FB2H_a,2
GNG274,2
CB3909,2
SMP421,2
LoVP56,2
SMP401,2
FB2J_c,2
CB1950,2
CL266_b2,2
CL096,2
IB042,2
LoVP66,2
CB1104,2
GNG620,2
LHAV2k13,2
SLP064,2
CL187,2
PLP097,2
SLP363,2
AN05B095,2
AVLP604,2
CL345,2
AN06B088,2
AVLP424,2
GNG015,2
WED022,2
GNG290,2
SMP002,2
PVLP008_a3,2
CL054,2
AN07B040,2
CB2127,2
CL015_b,2
GNG150,2
FB1E_b,2
IB044,2
PRW036,2
LoVP77,2
DNge153,2
ANXXX404,2
CB0227,2
DNg01_a,2
CB3629,2
M_lPNm12,2
LHAV2k12_b,2
ANXXX136,2
AOTU022,2
CRE070,2
SLP366,2
CB2171,2
GNG362,2
CB4038,2
CL011,2
ATL045,2
CL280,2
PS224,2
AVLP548_g2,2
AN19B042,2
PRW027,2
SLP281,2
SMP371_b,2
CB3335,2
SMP398_a,2
SLP251,2
CB1513,2
GNG605,2
SMP033,2
AMMC008,2
CB2755,2
SLP214,2
CB3411,2
CB1984,2
CB3319,2
LHAV2k11_a,2
FB2M_b,2
IN17A029,2
SLP153,2
CB2714,2
SLP006,2
GNG070,2
GNG250,2
CB3220,2
CRE080_d,2
CB1842,2
CB3453,2
VES032,2
AVLP194_c3,2
SMP030,2
CL176,2
M_adPNm4,2
SMP532_a,2
PS049,2
SLP257,2
AN06B075,2
SLP211,2
GNG629,2
CB3671,2
CB3221,2
M_lPNm11C,2
GNG240,2
AN06B023,2
CB1682,2
LoVP37,2
AN03B050,2
SLP001,2
LAL132_a,2
AN09B031,2
P1_8b,2
SMP711m,2
VES109,2
AN09B028,2
LHAV2b9,2
CB1077,2
MeVP6_unclear,2
AN17A009,2
PRW038,2
AN19B004,2
SMP117_a,2
AVLP188,2
CL162,2
MBON17,2
GNG232,2
AN18B002,2
AN09B036,2
GNG533,2
GNG278,2
PS339,2
PVLP001,2
SLP252_a,2
CL244,2
SMP248_a,2
CB2430,2
CB3570,2
SMP400,2
GNG279_b,2
SMP562,2
PVLP008_a4,2
GNG623,2
CB2026,2
CB3724,2
AN02A016,2
PVLP037_unclear,2
AN01A049,2
ANXXX214,2
LHAV5a10_b,2
CB2535,2
SMP274,2
LOP_LO_unclear,2
GNG608,2
PS177,2
CB2938,2
SMP316_b,2
AVLP194_c1,2
CB3866,2
CB3347,2
P1_15a,2
CB1927,2
CRE043_a1,2
GNG457,2
GNG628,2
CB4033,2
PS030,2
PLP084,2
SMP406_b,2
CB1151,2
SMP266,2
VES024_b,2
CB3394,2
AN17A031,2
CB4052,2
SMP599,2
LHAV2j1,2
CB0386,2
CB1454,2
CL128_b,2
M_vPNml73,2
CRE060,2
VES001,2
DNg05_c,2
PLP119,2
GNG023,2
P1_5a,2
LoVP51,2
CL129,2
SMP393,2
AOTU007,2
FB2G_a,2
FB4A_b,2
VLP_TBD1,2
AN06B044,2
PPL204,2
DNpe024,2
LHCENT13_d,2
AN08B016,2
SMP529,2
CB2420,2
SMP239,2
SAD049,2
SMP328_b,2
PVLP065,2
SMP496,2
v2LN34C,2
CB3209,2
PLP184,2
GNG604,2
SMP284_a,2
CL245,2
AVL006_a,2
CB2561,2
AN07B015,2
LHAV4e1_a,2
CB0266,2
SMP445,2
CB2189,2
AOTU047,2
CB3782,2
CL116,2
PRW014,2
LAL042,2
SMP571,2
CB1403,2
SLP424,2
WED151,2
CB3281,2
CL089_a2,2
CB0122,2
CB0420,2
LHAV1b3,2
CB1202,2
DNge182,2
SMP242,2
LHAV2e4_b,2
DNge154,2
SMP491,2
SMP420,2
AN16B078_a,2
PRW030,2
GNG291,2
SMP398_b,2
LCNOp,2
SMP191,2
CL024_b,2
CB2800,2
GNG272,2
SLP114,2
ANXXX099,2
CB3931,2
GNG669,2
SMP341,2
SLP118,2
PRW032,2
AN08B099_f,2
SMP187,2
CB3603,2
FB4J,2
AN07B024,2
AN08B066,2
GNG566,2
CB3549,2
CB1934,2
CB2861,2
PS253,2
AVLP156,2
CL015_a,2
CB3437,2
CB2862,2
PLP225,2
CB1140,2
GNG450,2
SMP406_d,2
M_lvPNm28,2
GNG513,2
PVLP084,2
SMP145,2
SLP046,2
PS337,2
PLP010,2
AN23B002,2
GNG596,2
PS206,2
CB2706,2
SLP150,2
AVLP454_a3,2
AN08B057,2
ANXXX130,2
SLP189_a,2
SLP310,2
WED075,2
CB0324,2
SLP079,2
GNG279_a,2
PS286,2
CB2032,2
AN18B025,2
AN07B043,2
LHAD1a3,2
ALIN8,2
PLP145,2
SLP120,2
vMS16,2
CB2953,2
CRE043_c1,2
CRE025,2
FB6Y,2
CB3381,2
FB2J_a,2
CB2232,2
CB1891b,2
CRE046,2
AN05B069,2
GNG356,2
SMP246,2
SMP378,2
CL062_a2,2
CB3728,2
SMP530_b,2
PLP114,2
AN05B107,2
LHAV4a1_a,2
CB3732,2
CB3606,2
AVLP197,2
LHAV5e1,2
WED146_c,2
PS340,2
CB3758,2
GNG399,2
PLP171,2
PRW054,2
CB3240,2
PLP213,2
CB4056,2
GNG441,2
AVLP274_b,2
CL128_a,2
CL153,2
PLP120,2
GNG618,2
CB1560,2
SLP016,2
AVLP497,2
CB1748,2
CB2495,2
GNG368,2
AN17A047,2
LAL204,2
LoVP52,2
PS329,2
DNge126,2
GNG612,2
AN09B006,2
CB2783,2
LHPV4b9,2
AOTU030,2
AN06A016,2
SLP461,2
FB5E,2
CB2092,2
ANXXX254,2
AN08B053,2
SMP399_c,2
CB2996,2
SMP573,2
CB2172,2
ANXXX296,2
CB2648,2
IN27X001,2
LHAD3d5,2
DNge119,2
AVLP484,2
AVLP194_b2,2
M_lvPNm32,2
CB1299,2
LHPV4d7,2
CB1726,2
LAL043_c,2
SIP049,2
GNG615,2
GNG394,2
CL024_c,2
LAL043_e,2
OLVC6,2
CB3738,2
DNge102,2
M_lvPNm31,2
ATL007,2
CL272_b1,2
AN08B015,2
LN-DN1,2
PLP222,2
AN01A014,2
CB1976,2
CB3197,2
CL272_a2,2
LoVP20,2
AN23B026,2
GNG455,2
LAL151,2
CB3507,2
GNG359,2
AN09B013,2
PRW015,2
CB3249,2
AVLP415,2
SLP273,2
LHPV8c1,2
P1_8c,2
GNG541,2
GNG558,2
GNG613,2
DNge176,2
PhG15,2
SAD019,2
GNG352,2
CB2043,2
AN03B039,2
CB2983,2
CB0652,2
SMP337,2
CB2877,2
CB3691,2
LoVP94,2
ANXXX092,2
CB2751,2
LoVP95,2
AVLP225_a,2
SMP316_a,2
GNG041,2
AN09B021,2
M_lvPNm30,2
CB3133,2
WED198,2
AN26X004,2
CB0061,2
PLP154,2
AN19A019,2
PAL03,2
AN01B014,2
CB0325,2
CB2280,2
CB3276,2
CB2323,2
CRE043_a2,2
GNG360,2
PS193,2
ANXXX410,2
CB3744,2
CB3274,2
ANXXX074,2
AN07B078_b,2
SIP006,2
CB1879,2
SMP248_d,2
KCg-s3,2
AN19B032,2
ANXXX037,2
AN19B039,2
LHPV5h2_c,2
CB2462,2
CB2985,2
AVLP613,2
AVLP487,2
CB1174,2
GNG616,2
SMP024,2
CB2447,2
SMP493,2
LHPV4b7,2
SLP315,2
SLP119,2
CB1731,2
CB3297,2
LHAV2b8,2
GNG430_b,2
GNG472,2
CB1562,2
CB3747,2
SMP376,2
SLP260,2
AN17B002,2
CB2970,2
SMP076,2
CL128_f,2
v2LN32,2
AN05B023a,2
WED146_b,2
AN09B042,2
FB4D_b,2
SLP360_c,2
LAL075,2
SMP511,2
AN12A017,2
CB2880,2
SMP321_b,2
GNG625,2
PS328,2
GNG370,2
CRE071,2
AN11B008,2
CB1396,2
AN19B022,2
CB2948,2
CB2029,2
AN16B116,2
FB5O,2
GNG325,2
CL203,2
CL128_c,2
AVLP445,2
CB3060,2
CRE057,2
GNG445,2
LHPV4c1_a,2
GNG451,2
FB5M,2
FB5F,2
SMP009,2
AVLP475_b,2
PS248,2
AN17A068,2
PRW019,2
CB3907,2
AOTU102m,2
PS176,2
CL308,2
AN19B010,2
WED011,2
CB1509,2
AN07B078_a,2
SIP074_a,2
LHPV2a2,2
IB016,2
FB6Q,2
AVLP545,2
PS344,2
MN11V,2
GNG183,2
LHPV4b5,2
CB1871,2
CB2442,2
PRW034,2
CB2623,2
CB3508,2
SMP059,2
AVLP277,2
SLP030,2
GNG068,2
GNG233,2
AN10B025,2
CB3030,2
SIP048,2
CB3142,2
SLP429,2
ANXXX264,2
GNG599,2
SIP020_b,2
LoVP105,2
SIP051,2
SLP265,2
SLP168,2
CB2113,2
AN02A022,2
SMP130,2
SMP460,2
CB2936,2
SMP443,2
WED154,2
PRW059,2
SIP088,2
CB2725,2
CB3175,2
CB3052,2
PS246,2
SMP131,2
CB2646,2
CB3076,2
LHPV5e2,2
CB1413,2
SLP389,2
WED040_c,2
GNG403,2
AN01A006,2
CB1976b,2
CB3553,2
SLP022,2
M_lvPNm38,2
CB2311,2
CB2537,2
CB3316,2
CL024_d,2
CB2357,2
SMP118,2
AN07B025,2
AN05B058,2
CB4000,2
CB0024,2
CRE010,2
AN07B101_c,2
CRE026,2
PRW029,2
LHPV5d3,2
SLP319,2
SLP405,2
DNge045,2
CL224,2
AN05B081,2
CB3147,2
CL293,2
SMP236,2
CB1997_b,2
CB3089,2
SMP415_a,2
SApp20,2
CB3566,2
GNG614,2
CB1670,2
FB6P,2
WED152,2
SMP126,2
CB1551,2
FB6X,2
AN05B049_c,2
AN01A021,2
SMP275,2
CB2922,2
SMP419,2
AN18B020,2
INXXX063,2
LPC_unclear,2
AN06A017,2
GNG225,2
CB2079,2
SIP020_c,2
PLP175,2
GNG462,2
WED199,2
WED044,2
CRE008,2
DC4_vPN,2
AN17A073,2
CB1442,2
SLP216,2
LAL043_d,2
MeTu4_unclear,2
GNG050,2
CB1977,2
CB2111,2
CB2041,2
LHAV4a6,2
FB5G_c,2
PVLP003,2
CB2958,2
IB069,2
SMP182,2
CB2530,2
PRW033,2
CB2772,2
LHPV5c2,2
CRE043_a3,2
ATL022,2
ICL004m_b,2
SMP387,2
LAL133_e,2
CB0084,2
VES106,2
CB3477,2
CB1808,2
CRE069,2
SMP455,2
GNG383,2
SMP136,2
lLN14,2
GNG396,2
AN03B095,2
AN02A046,2
SLP116,2
SMP111,2
CB3402,2
SMP441,2
EA06B010,2
ANXXX023,2
CB1691,2
CB1642,2
AN06A030,2
AN08B099_h,2
LAL133_d,2
AN08B089,2
ATL039,2
GNG243,2
SMP138,2
CB3683,2
SLP402_b,2
M_vPNml57,2
CB2790,2
LAL116,2
WED183,2
LHAV2k10,2
LHPD2a5_b,2
CB0346,2
CB3326,2
CB1931,2
SMP035,2
ANXXX024,2
GNG205,2
SMP492,2
FB7M,2
CB3113,2
SLP083,2
AN07B011,2
CB1603,2
SLP252_c,2
PLP041,2
SMP495_c,2
CB1729,2
FB1F,2
ATL028,2
IB035,2
CB2437,2
CB0140,2
CB2947,2
M_vPNml88,2
SMP360,2
LAL063,2
GNG420_a,2
SMP153_b,2
SLP387,2
SMP128,2
SLP406,2
GNG617,2
CB1636,2
AN08B095,2
AN05B071,2
LHAD3b1_a,2
GNG418,2
CB4166,2
ATL005,2
DM4_vPN,2
CB3120,2
AN07B101_a,2
GNG417,2
SMP204,2
AN05B015,2
LoVP19,2
CRE096,2
DM3_vPN,2
CB3741,2
AN08B099_b,2
GNG209,2
SLP354,2
CB2766,2
AN07B003,2
FB5J,2
AN05B056,2
SLP395,2
GNG339,2
AN06B031,2
SMP428_b,2
SMP353,2
GNG367_a,2
SIP007,2
WED197,2
ATL024,2
AN08B109,2
VP2+_adPN,2
AN08B111,2
CL154,2
CL318,2
CB3362,2
CB3727,2
GNG248,2
LAL030d,2
ATL035,2
CB2555,2
GNG419,2
LHAV5a2_d,2
AN05B050_b,2
PS070,2
SMP117_b,2
FB5G_b,2
AN07B046_c,2
LpMe_unclear,2
CL272_b2,2
CB1649,2
SMP495_b,2
KCg-s4,2
AN08B005,2
mAL5A1,2
SMP488,2
GNG626,2
CL272_b3,2
LO_ME_unclear,2
SMP196_a,2
PhG14,2
SMP603,2
CB2982,2
SMP125,2
SLP412_a,2
FB4E_c,2
CB2870,2
IN17A051,2
M_vPNml54,2
SMP412,2
AN08B103,2
v2LNX01,2
AN07B071_a,2
AVLP296_a,2
SLP435,2
AN06B045,2
AN05B049_b,2
AN05B054_a,2
MBON25,2
ANXXX171,2
CB3132,2
AN07B072_f,2
SMP134,2
LHPD4d2_b,2
SMP510,2
CL177,2
CB3608,2
PS025,2
CB0142,2
CB0320,2
CL173,2
SMP063,2
CRE030_b,2
WED130,2
CB2206,2
SMP525,2
IN06B027,2
AN08B099_c,2
AN07B082_d,2
SLP433,2
MBON34,2
SLP033,2
CB1791,2
GNG262,2
CB1866,2
CB1902,2
GNG420_b,2
CB3441,2
PS149,2
FB4Q_b,2
MN3M,2
AN07B057,2
CB1287,2
AN05B045,2
CB1946,2
AN07B032,2
SMP437,2
AN05B050_a,2
LAL148,2
SLP383,2
AN07B072_c,2
CRE035,2
AN06A060,2
SMP258,2
AN06B048,2
CB2975,2
LAL024,2
PS143,2
AN07B082_b,2
CRE038,2
AN06B046,2
AN06A018,2
CB2500,2
CB2993,2
SLP151,2
CB1478,2
CB3098,2
KC,2
CB1035,2
CB3498,2
AN08B099_e,2
AN07B082_c,2
LAL187,2
SLP298,2
CB2363,2
AN08B099_d,2
AOTU021,2
CB4156,2
GNG603,2
FB5T,2
CB3093,2
AN16B078_b,2
SA2_c,2
SMP248_b,2
SMP072,2
CB4200,2
CL228,2
AN06A041,2
SMP328_c,2
CB1874,2
CB3396,2
CL128_e,2
AN14B012,2
SLP412_b,2
mAL4D,2
CB3250,2
PS033_b,2
CB0361,2
CRE043_d,2
FB8D,2
ANXXX086,2
CRE108,2
SMP_unclear,2
CB1124,2
CB4054,2
LAL043_b,2
CRE079,2
SMP320a,2
SMP467,2
CB1407,2
PS283,2
CB3358,2
LAL133_a,2
LAL133_c,2
LHAD3a10,2
SMP196_b,2
LHAV7a6,2
GNG654,2
AN07B082_a,2
CL238,2
AN08B110,2
SMP381_c,2
AN08B043,2
CB0221,2
SMP415_b,2
AN08B102,2
AN06A010,2
AN11B012,2
LAL032,2
mAL5B,2
CB3187,2
GNG270,2
DNg65,2
SMP521,2
AN07B046_b,2
CB2902,2
SIP057,2
AVLP020,2
CB3069,2
SMP328_a,2
PS008_a3,2
CB3204,2
FB8A,2
AN18B003,2
PS342,2
CB4131,2
CB2182,2
GNG335,2
AN05B048,2
AN09B044,2
CB3124,2
FS3,2
SMP371_a,2
AN07B063,2
AN16B081,2
AN19B100,2
LHPV5c1_c,2
DNg02_e,2
CL146,2
PS008_a1,2
GNG655,2
PhG12,2
DNg92_a,2
AN08B107,2
PhG3,2
SMP135,2
AN06B042,2
DNge130,2
LAL040,2
AN05B023b,2
MNx04,2
AN10B031,2
CB2956,2
PLP217,2
GNG490,2
AN07B100,2
ANXXX008,2
AN05B105,2
SMP449,2
IN08B021,2
GNG293,2
AN19B106,2
DNg01_d,2
AN19B102,2
EAXXX079,2
SMP203,2
AN06A027,2
AN27X024,2
AN05B049_a,2
SMP528,2
AN27X004,2
LAL135,2
DNpe048,2
aPhM4,2
PS046,2
CB0307,2
LAL084,2
ANXXX308,2
WED200,2
AN05B076,2
SMP598,2
CB0675,2
AVLP399,2
GNG355,2
P1_12a,2
SMP327,2
PLP243,2
CL204,2
GNG555,2
CRE006,2
SMP056,2
OCG01a,2
VES099,2
SMP114,2
AN19B018,2
GNG060,2
GNG155,2
SMP548,2
LAL011,2
SMP729m,2
PRW048,2
GNG064,2
DNge055,2
GNG516,2
GNG089,2
SMP334,2
GNG644,2
VES053,2
CRE049,2
SMP595,2
PS186,2
VES007,2
MBON30,2
SLP392,2
MBON17-like,2
PLP228,2
GNG568,2
SMP176,2
IB092,2
CB1625,2
DNpe039,2
ANXXX434,2
PhG16,2
LAL130,2
IB010,2
PS117_b,2
GNG537,2
PhG6,2
CB1287_c,2
GNG518,2
GNG018,2
AN27X020,2
SMP004,2
ANXXX196,2
GNG161,2
AN08B041,2
GNG153,2
MBON27,2
v2LN36,2
FB6W,2
PLP129,2
LAL199,2
PVLP102,2
CB0380,2
VES093_c,2
SMP144,2
PS258,2
LAL133_b,2
ANXXX255,2
AOTU025,2
VES078,2
SMP389_a,2
GNG141,2
PS080,2
GNG463,2
PS138,2
PhG13,2
ICL013m_b,2
LAL132_b,2
SMP470,2
CB3581,2
OCG01f,2
AVLP477,2
VES092,2
MBON03,2
SMP048,2
LAL018,2
MBON29,2
GNG505,2
GNG224,2
MN6,2
SMP720m,2
PRW073,2
LAL098,2
SMP142,2
MN2V,2
VES089,2
DNa06,2
vLN27,2
MBON16,2
CB4159,2
PS098,2
SMP049,2
ANXXX108,2
DNpe016,2
PVLP014,2
LAL134,2
GNG069,2
WED104,2
GNG031,2
PS354,2
PS234,2
GNG196,2
SMP594,2
SLP440,2
DNp56,2
GNG227,2
ATL023,2
PS308,2
FB1H,2
CRE043_c2,2
GNG367_b,2
PS051,2
CB1108,2
CL022_a,2
VES054,2
PLP042a,2
SIP102m,2
mAL_m11,2
MBON02,2
PLP141,2
PhG5,2
CB3384,2
CL178,2
FB6A_b,2
SMP058,2
VES085_b,2
SIP140m,2
AVLP290_a,2
GNG013,2
GNG586,2
DNp32,2
CL249,2
MBON04,2
AVLP457,2
GNG289,2
SMP252,2
ANXXX462b,2
mALB5,2
LoVP28,2
CB0625,2
PPL106,2
SMP190,2
PS238,2
GNG538,2
SMP356,2
SMP425,2
GNG179,2
GNG511,2
EA27X006,2
GNG017,2
DNge079,2
CL336,2
AN07B071_b,2
IN07B016,2
IN07B010,2
IN17B003,2
IN01A008,2
IN03A003,2
IN19B110,2
IN19B107,2
INXXX147,2
IN10B001,2
IN05B002,2
IN27X005,2
INXXX025,2
IN19B008,2
INXXX003,2
IN04B004,2
INXXX004,2
IN05B094,2
INXXX089,2
INXXX036,2
INXXX107,2
IN04B001,2
INXXX077,2
IN08B001,2
IN19B108,2
IN11A001,2
TTMn,2
INXXX042,2
IN10B004,2
INXXX022,2
MNwm36,2
MNwm35,2
INXXX038,2
IN01B001,2
IN23B001,2
MNml82,2
IN12A010,2
IN04B007,2
hg1 MN,2
IN06B018,2
IN02A004,2
IN05B034,2
IN05B005,2
IN05B003,2
IN13B007,2
INXXX011,2
IN18B015,2
IN13B048,2
IN07B008,2
IN03B011,2
IN05B011a,2
INXXX135,2
dPR1,2
IN05B008,2
INXXX087,2
MNhl64,2
INXXX052,2
IN13B059,2
IN04B005,2
IN05B012,2
IN17A013,2
i2 MN,2
IN10B003,2
INXXX039,2
IN08B080,2
IN03A023,2
IN11B004,2
IN05B039,2
IN27X004,2
IN03A026_b,2
INXXX158,2
IN06B003,2
IN05B030,2
INXXX137,2
IN02A008,2
IN05B031,2
IN18B006,2
IN08A003,2
IN12A004,2
MNhm42,2
MNad68,2
MNad49,2
IN04B006,2
IN03B005,2
IN02A026,2
IN19A018,2
IN19A017,2
IN23B011,2
IN12A019_c,2
IN08B017,2
IN17A011,2
IN18B008,2
IN08B006,2
MNad61,2
IN05B018,2
IN17B006,2
IN13A011,2
INXXX183,2
IN09B014,2
i1 MN,2
IN21A094,2
MNad64,2
INXXX115,2
IN05B021,2
INXXX143,2
IN04B002,2
IN08B019,2
IN19B004,2
IN03B022,2
ps1 MN,2
INXXX223,2
MNad41,2
IN05B020,2
IN14A093,2
IN07B013,2
IN14B002,2
IN17A040,2
IN19B011,2
IN00A001,2
INXXX129,2
IN19B007,2
IN17A023,2
INXXX029,2
IN19A028,2
hg4 MN,2
INXXX225,2
MNad33,2
IN14B004,2
IN10B006,2
tp2 MN,2
IN01A016,2
IN13B008,2
IN03B001,2
IN10B016,2
dMS5,2
IN10B015,2
IN06A024,2
IN04B075,2
INXXX111,2
IN06B006,2
vMS17,2
IN00A016,2
IN12A009,2
IN03A015,2
IN12A019_b,2
IN06B015,2
IN19B027,2
IN07B104,2
IN03A026_d,2
INXXX184,2
hg3 MN,2
INXXX065,2
IN06A005,2
IN16B014,2
INXXX084,2
INXXX007,2
INXXX031,2
IN19A142,2
IN03B025,2
IN06B014,2
IN14B001,2
IN12A012,2
b2 MN,2
IN12A006,2
IN18B009,2
IN05B001,2
INXXX232,2
IN10B010,2
IN12A021_a,2
tpn MN,2
IN12A007,2
SNpp12,2
IN17B014,2
LBL40,2
INXXX167,2
IN18B045_a,2
TN1a_h,2
IN05B038,2
IN19A040,2
IN19B005,2
MNhl02,2
IN12B010,2
INXXX324,2
b3 MN,2
INXXX073,2
"DLMn a, b",2
IN10B002,2
MNad42,2
IN05B073,2
b1 MN,2
MNnm13,2
IN07B022,2
IN19B015,2
MNhl59,2
IN10B013,2
IN12A043_c,2
IN01B072,2
IN03A043,2
IN03B036,2
IN12B009,2
INXXX181,2
MNad67,2
IN17A066,2
IN00A004,2
IN11B002,2
IN14B003,2
IN19B016,2
IN03B016,2
IN06B020,2
IN06B019,2
INXXX124,2
IN03A005,2
MNml81,2
IN27X007,2
IN03B028,2
IN16B024,2
INXXX048,2
IN18B033,2
IN18B017,2
IN19A034,2
IN12B004,2
IN17B010,2
IN18B012,2
IN07B020,2
IN17A042,2
IN01A028,2
INXXX349,2
IN06A013,2
IN01A017,2
IN18B013,2
INXXX076,2
IN06B054,2
IN01A027,2
IN17A032,2
INXXX066,2
ADNM1 MN,2
IN12A005,2
IN00A010,2
IN02A013,2
INXXX425,2
MNhl62,2
IN04B020,2
IN07B034,2
IN09A015,2
INXXX180,2
IN08B003,2
IN18B032,2
IN12B015,2
IN03B034,2
IN03B024,2
IN09A028,2
IN06B032,2
INXXX216,2
IN20A.22A029,2
INXXX192,2
INXXX188,2
SNpp31,2
IN18B018,2
IN17A030,2
INXXX101,2
IN06A006,2
IN23B095,2
IN00A007,2
INXXX091,2
vMS12_b,2
INXXX220,2
IN19B033,2
IN07B014,2
INXXX104,2
tp1 MN,2
IN13B063,2
IN19A033,2
IN12A008,2
IN06A038,2
IN03B029,2
MNad66,2
MNad65,2
IN06A004,2
INXXX288,2
MNnm03,2
MNnm08,2
IN19B020,2
IN05B013,2
TN1a_b,2
IN17A065,2
IN05B037,2
IN19B023,2
IN03A012,2
INXXX153,2
MNad62,2
IN19A037,2
MNad34,2
IN07B051,2
IN14B009,2
IN03B031,2
IN09A011,2
IN07B026,2
INXXX179,2
INXXX201,2
INXXX355,2
INXXX381,2
iii3 MN,2
IN09A089,2
IN07B028,2
IN19B030,2
IN04B061,2
IN02A018,2
IN03B008,2
PSI,2
IN18B014,2
IN23B012,2
IN00A012,2
IN01A002,2
IN06B022,2
INXXX319,2
IN04B039,2
IN18B031,2
IN23B016,2
MNad40,2
IN03A074,2
IN19B109,2
IN18B029,2
INXXX237,2
IN19A049,2
dMS10,2
IN21A021,2
IN19B031,2
IN27X014,2
IN13B085,2
IN18B028,2
IN05B019,2
INXXX351,2
MNhm03,2
IN12A016,2
IN14B006,2
INXXX242,2
IN12A026,2
IN13A031,2
MNad30,2
IN08B052,2
IN06A008,2
IN05B041,2
INXXX159,2
IN14B008,2
IN19A031,2
INXXX114,2
IN00A058,2
IN06A009,2
IN12A021_c,2
IN23B067_e,2
IN05B036,2
IN19B034,2
INXXX134,2
INXXX270,2
IN12A024,2
iii1 MN,2
ps2 MN,2
IN01A029,2
IN04B016,2
IN12B016,2
IN05B024,2
IN05B043,2
IN11B012,2
IN19B002,2
IN06A012,2
INXXX173,2
MNad23,2
IN03A011,2
MNad63,2
IN00A039,2
INXXX193,2
IN19A036,2
IN01A018,2
IN01B027_d,2
IN18B026,2
EN00B004,2
TN1a_d,2
INXXX199,2
INXXX194,2
IN18B037,2
INXXX133,2
INXXX146,2
IN11B005,2
INXXX320,2
MNml29,2
IN01A046,2
IN06A031,2
IN06A076_b,2
IN17A034,2
INXXX198,2
IN11A048,2
IN17A035,2
INXXX252,2
IN13A017,2
IN06B049,2
INXXX121,2
IN11A046,2
INXXX083,2
IN07B019,2
IN03A062_d,2
IN00A018,2
IN06A025,2
hDVM MN,2
INXXX285,2
INXXX054,2
IN01B032,2
IN12A021_b,2
INXXX227,2
IN00A042,2
IN12A019_a,2
INXXX142,2
IN01A024,2
IN00A061,2
INXXX235,2
vPR9_b,2
IN08B038,2
MNhm43,2
IN13B020,2
IN06A014,2
INXXX256,2
IN06A035,2
SNpp05,2
MNnm11,2
ANXXX157,2
INXXX206,2
IN17B001,2
IN06A021,2
INXXX300,2
IN04B014,2
INXXX035,2
IN12A034,2
MNad35,2
INXXX249,2
IN08B035,2
IN04B058,2
EN00B003,2
IN06A067_b,2
IN03B038,2
IN16B034,2
IN18B045_b,2
IN01B051_b,2
IN07B032,2
MNnm10,2
IN13B103,2
IN04B038,2
INXXX472,2
IN03A063,2
IN01A044,2
IN18B039,2
IN04B099,2
INXXX339,2
INXXX379,2
IN17A039,2
IN20A.22A063,2
IN17A074,2
MNad36,2
TN1a_e,2
IN12A048,2
IN13B104,2
IN08A012,2
IN08A010,2
IN17B008,2
MNnm09,2
TN1a_i,2
IN17B017,2
INXXX403,2
IN03A026_a,2
IN04B055,2
INXXX335,2
IN17A027,2
IN13B043,2
INXXX140,2
IN12A029_b,2
INXXX294,2
INXXX138,2
IN09A035,2
IN02A024,2
hg2 MN,2
IN16B068_a,2
INXXX241,2
IN06A034,2
IN09B048,2
IN12A053_b,2
IN13B067,2
IN01A037,2
IN11A013,2
IN09B018,2
IN08B029,2
TN1a_c,2
IN04B049_c,2
INXXX423,2
IN04B049_a,2
IN04B054_a,2
TN1a_a,2
ANXXX318,2
IN17A057,2
IN06A023,2
IN04B043_b,2
MNhl29,2
IN03A062_a,2
IN01A022,2
IN16B040,2
IN06A121,2
IN08B051_b,2
IN12A029_a,2
INXXX333,2
INXXX266,2
SNxx09,2
IN18B027,2
IN21A027,2
IN06A046,2
IN14A062,2
IN13A074,2
FNM2,2
IN01B023_c,2
IN12B037_a,2
IN23B092,2
INXXX214,2
ADNM2 MN,2
INXXX282,2
AN27X019,2
IN06A043,2
IN05B051,2
INXXX251,2
IN06A018,2
INXXX224,2
IN13B073,2
IN18B040,2
IN06A049,2
IN16B072,2
INXXX275,2
IN01A052_a,2
IN14A085_b,2
IN07B053,2
IN03A042,2
INXXX359,2
IN11A047,2
IN02A021,2
IN14A040,2
IN04B083,2
IN03A050,2
INXXX304,2
IN04B047,2
IN11B011,2
IN08B045,2
IN19B053,2
INXXX204,2
IN12A052_a,2
IN03A062_h,2
INXXX388,2
IN01B083_a,2
IN03B076,2
MNhl88,2
INXXX419,2
MNad26,2
IN18B036,2
IN12A031,2
IN13B024,2
IN18B046,2
IN11A049,2
IN19B047,2
IN04B056,2
IN00A034,2
IN19A060_a,2
IN08B075,2
IN07B083_d,2
IN12B037_b,2
IN21A062,2
IN08B073,2
hi1 MN,2
IN01A026,2
IN14A104,2
IN04B049_b,2
IN12B070,2
IN27X003,2
INXXX337,2
MNad32,2
IN23B067_b,2
IN08B033,2
AN27X011,2
IN19B041,2
IN12B063_a,2
IN04B035,2
INXXX284,2
IN17A033,2
IN03A062_f,2
IN13B099,2
IN06A016,2
IN06A055,2
INXXX233,2
IN06B025,2
INXXX357,2
IN19A088_d,2
IN00A032,2
IN19A069_b,2
SNta02,2
IN14A091,2
INXXX276,2
IN08B083_c,2
IN13B049,2
IN07B059,2
IN12A063_e,2
TN1c_d,2
ENXXX128,2
IN08B083_b,2
IN03B051,2
IN05B011b,2
MNad46,2
IN06A039,2
IN07B047,2
IN16B075,2
MNad44,2
IN01B015,2
IN05B080,2
IN06A056,2
IN01A060,2
IN12B079_a,2
INXXX390,2
SNxx24,2
IN12A043_a,2
IN09A041,2
IN14A059,2
IN16B075_e,2
IN16B075_g,2
IN06A069,2
IN06A037,2
IN03B037,2
IN06A036,2
IN01B031_b,2
INXXX345,2
IN06A073,2
IN23B067_c,2
MNad24,2
IN19B069,2
INXXX412,2
IN11A035,2
IN23B034,2
IN00A059,2
IN13B038,2
IN04B069,2
INXXX336,2
IN06A051,2
IN05B084,2
vMS12_e,2
INXXX347,2
IN01B019_b,2
IN17A098,2
IN12B037_c,2
IN13B061,2
MNnm14,2
IN11A042,2
IN13B041,2
IN06A048,2
IN01A057,2
INXXX393,2
IN12B063_b,2
IN13A026,2
IN16B057,2
MNad69,2
IN12B046,2
IN23B044,2
IN06A058,2
IN06A067_a,2
IN18B045_c,2
IN06A047,2
IN19A047,2
IN08B076,2
MNad31,2
IN04B073,2
IN11A037_a,2
IN19A074,2
MNad47,2
IN06A085,2
IN16B038,2
IN17A056,2
IN17A067,2
IN16B122,2
IN12B044_a,2
IN05B087,2
INXXX343,2
SNxx31,2
IN06A045,2
IN12A060_a,2
IN12A057_b,2
IN18B049,2
IN01A052_b,2
IN11A032_c,2
IN18B044,2
IN23B071,2
MNhl01,2
IN13B051,2
IN05B074,2
MNad28,2
IN19A109_b,2
IN06A076_a,2
IN13B077,2
IN02A032,2
IN11A037_b,2
IN05B064_a,2
IN19B072,2
IN19B083,2
IN06A067_c,2
IN03A072,2
IN13A033,2
IN14A099,2
MNad56,2
IN23B067_a,2
IN05B072_b,2
IN21A047_b,2
IN01A080_c,2
IN12B044_b,2
IN08B051_e,2
IN14A022,2
IN00A052,2
IN16B075_a,2
IN17A075,2
IN14A030,2
IN19A060_b,2
IN16B100_b,2
IN17A107,2
IN12B083,2
IN04B052,2
IN01B023_b,2
INXXX374,2
IN21A047_c,2
IN03A090,2
MNad45,2
IN06A084,2
MNad43,2
IN20A.22A040,2
IN01A063_c,2
IN17A072,2
IN18B041,2
IN03A076,2
IN06A081,2
IN12B037_d,2
IN08B090,2
IN17A084,2
IN03A079,2
IN16B068_c,2
IN06A123,2
IN00A066,2
IN17A092,2
IN19B062,2
IN23B055,2
IN19A069_a,2
IN12A059_b,2
IN16B068_b,2
IN07B045,2
IN21A047_a,2
IN23B042,2
IN06A067_e,2
IN06A040,2
IN16B075_d,2
MNad57,2
IN16B119,2
INXXX391,2
IN17A077,2
IN12B037_e,2
IN23B067_d,2
EN00B011,2
IN13B039,2
IN20A.22A027,2
SNpp13,2
IN07B076_d,2
IN21A052,2
IN05B086,2
IN12B066_d,2
IN09A051,2
IN01B036,2
IN17A106_a,2
IN23B075,2
IN02A041,2
SNpp26,2
IN14A079,2
IN12A059_d,2
INXXX444,2
IN11B024_a,2
IN01B023_d,2
IN12B082,2
IN12A059_f,2
IN01B059_a,2
IN11A027_a,2
IN12B044_c,2
IN02A037,2
IN01B027_c,2
IN13B053,2
IN01B048_b,2
IN12A059_g,2
IN16B066,2
IN12B066_e,2
IN07B083_c,2
IN13A039,2
IN08A044,2
IN21A050,2
IN23B079,2
IN01B048_a,2
IN01A080_b,2
IN01A063_a,2
IN14A057,2
IN06A032,2
IN11A041,2
IN16B095,2
IN16B087,2
IN07B092_b,2
IN12A050_a,2
IN19B105,2
IN09A056,2
IN01B030,2
IN01B037_a,2
IN16B075_c,2
IN13B066,2
IN01B050_a,2
IN06A078,2
IN19A088_a,2
IN16B120,2
IN12B079_d,2
IN16B047,2
IN17A097,2
IN03A095,2
IN01B027_f,2
IN04B043_a,2
IN12A059_a,2
IN14A065,2
IN06A067_d,2
IN06A114,2
IN01B057,2
IN01B031_a,2
IN12A060_b,2
IN14A121_a,2
INXXX420,2
IN12B085,2
IN14A063,2
IN13B072,2
IN16B075_b,2
hiii2 MN,2
IN16B048,2
IN23B080,2
IN01B050_b,2
IN02A031,2
IN23B050,2
IN12A055,2
IN21A090,2
IN16B094,2
IN01B068,2
IN16B050,2
IN11A026,2
ENXXX286,2
IN03A049,2
IN12B066_f,2
IN09A059,2
IN17A095,2
IN14A121_b,2
IN01A072,2
IN23B094,2
IN14A085_a,2
IN16B117,2
IN11A032_b,2
IN08A042,2
IN13B084,2
SNpp36,2
IN20A.22A057,2
IN11A027_b,2
MNhl87,2
IN01B027_e,2
IN01A080_a,2
IN14A098,2
MNxm02,2
EN00B027,2
IN01B055,2
IN19A104,2
IN08A025,2
IN12B060,2
IN13A065,2
IN17A100,2
IN21A064,2
IN21A043,2
IN01A062_b,2
IN21A098,2
IN16B104,2
IN09A067,2
IN16B115,2
IN21A074,2
IN19B088,2
IN09A065,2
IN13A064,2
INXXX401,2
IN13B082,2
IN01B069_a,2
IN17A104,2
IN21A039,2
IN06A107,2
IN06A076_c,2
IN12A046_b,2
IN13B089,2
IN12B044_d,2
IN19A080,2
IN01B066,2
MNad55,2
INXXX456,2
IN21A066,2
IN14A103,2
IN06A127,2
IN04B115,2
IN19A091,2
IN01B044_a,2
IN02A053,2
IN21A060,2
IN12B064,2
IN21A081,2
IN19B097,2
IN06B062,2
"IN21A091, IN21A092",2
IN12B050,2
IN17A103,2
IN02A056_c,2
MNxm03,2
IN21A111,2
IN01B045,2
IN12B066_a,2
IN02A056_b,2
IN12A046_a,2
IN14A047,2
IN09A084,2
IN12B090,2
IN01B083_b,2
IN19B064,2
IN01B035,2
IN19A109_a,2
IN01B077_b,2
IN09A062,2
IN01B077_a,2
IN05B093,2
IN07B083_a,2
IN06A120_b,2
SNxx32,2
IN21A040,2
IN01A083_a,2
IN12A059_c,2
IN13B075,2
IN11B016_a,2
IN14A075,2
IN14A088,2
IN13B096_b,2
IN17A114,2
IN01A085,2
IN09A068,2
IN07B092_e,2
IN06A101,2
IN21A084,2
IN17A108,2
IN12B079_b,2
IN03B073,2
IN14A069,2
IN12B066_b,2
INXXX245,2
IN01B094,2
IN11B021_d,2
IN19A094,2
IN21A073,2
IN19A071,2
IN06A089,2
IN12A043_b,2
IN21A033,2
IN01B051_a,2
IN09A061,2
IN06A128,2
IN11B022_e,2
MNad29,2
IN02A051,2
IN09B052_b,2
IN12A063_d,2
IN04B072,2
IN14A064,2
SNpp27,2
IN11B022_b,2
IN13B102,2
IN09A075,2
IN14A116,2
IN01A087_a,2
IN09B052_a,2
IN02A065,2
IN18B056,2
IN03B086_c,2
IN21A109,2
"SNta21,SNta38",2
IN01A084,2
IN02A061,2
IN01B070,2
IN09B058,2
SNpp46,2
IN21A082,2
IN23B088,2
INXXX244,2
MNxm01,2
IN21A097,2
IN13B081,2
IN12B092,2
IN21A031,2
IN06A137,2
IN06A105,2
IN01A087_b,2
IN05B092,2
IN01B063,2
IN13A056,2
INXXX392,2
IN09B055,2
IN14A115,2
IN01B086,2
IN03B045,2
IN19A087,2
IN06A120_a,2
IN11B022_d,2
SApp07,2
IN19A083,2
IN06A120_c,2
SNpp22,2
IN12B091,2
MNml79,2
IN01B087,2
MNml77,2
IN01B093,2
IN21A072,2
IN01B085,2
SNpp54,2
INXXX053,2
IN14A101,2
IN14A117,2
INXXX219,2
INXXX023,2
INXXX340,2
INXXX238,2
INXXX240,2
IN21A047_e,2
IN16B113,2
IN12B037_f,2
IN02A011,2
IN21A075,2
IN02A014,2
IN14A016,2
IN21A055,2
AN05B036,2
IN13B015,2
IN14A070,2
IN04B019,2
IN21A047_f,2
INXXX317,2
IN06B088,2
IN04B042,2
IN01B044_b,2
IN06A002,2
IN16B075_h,2
IN13B068,2
INXXX119,2
IN01B023_a,2
IN03A025,2
IN16B075_i,2
TN1c_b,2
IN23B083,2
IN01B029,2
IN23B093,2
IN16B076,2
IN12A013,2
IN14A055,2
IN11A039,2
IN20A.22A083,2
IN02A028,2
IN14A033,2
IN11A027_c,2
IN00A060,2
IN19B092,2
IN16B124,2
IN01B047,2
INXXX292,2
IN19B055,2
IN07B076_a,2
IN21A057,2
IN19A112,2
IN21A070,2
IN06A074,2
IN19A069_c,2
IN21A095,2
IN21A059,2
EN00B025,2
IN13B040,2
MNhl60,2
SAD103,1
OA-VUMa8,1
GNG003,1
SAD096,1
AVLP606,1
AVLP083,1
GNG671,1
GNG001,1
GNG002,1
WED185,1
GNG323,1
VP2_adPN,1
GNG004,1
LoVP109,1
AVLP440,1
WED189,1
WED190,1
GNG299,1
SAD109,1
DNge149,1
DNge152,1
SAD091,1
GNG006,1
MeVP57,1
VES108,1
DNge150,1
AVLP030,1
GNG007,1
SAD092,1
PVLP046_unclear,1
GNG344,1
AVLP345_b,1
WED188,1
GNG545,1
AN05B007,1
DNg66,1
CB2086,1
GNG008,1
DNge151,1
AVLP607,1
CB0086,1
DNg55,1
GNG539,1
LoVP31,1
GNG347,1
AVLP605,1
GNG470,1
CB1920,1
GNG337,1
LPLC_unclear,1
EA00B007,1
CB4182,1
GNG340,1
GNG522,1
P1_2a/2b,1
CB4180,1
AN05B029,1
AN05B026,1
WED066,1
CB0154,1
CB3951,1
SIP090,1
CB2684,1
GNG528,1
CB2254,1
AN05B024,1
CB2549,1
CB2672,1
AVLP419,1
MeVP_unclear,1
CB0206,1
M_lvPNm27,1
MeVP64,1
SAD115,1
CB3679,1
GNG349,1
CB1698,1
Pm_unclear,1
CB1237,1
CB1193,1
PS247,1
GNG005,1
CB3951b,1
MeVC_unclear,1
CB4181,1
GNG297,1
AN06B015,1
AVLP427,1
GNG296,1
CB1125,1
GNG348,1
CB2036,1
PLP_TBD1,1
AVLP014,1
CB3071,1
CB0648,1
CB3933,1
CB3212,1
AN05B046,1
SLP459,1
SMP031,1
CB2439,1
KCg,1
AN08B099_i,1
CB2710,1
CB1348,1
LLPC_unclear,1
CB0927,1
CB2411,1
CB0738,1
CB2018,1
CB2802,1
CB2889,1
Y_unclear,1
CB2743,1
SMP526,1
GNG384,1
SLP173,1
Cm_unclear,1
SMP736,1
OLVp_unclear,1
GNG346,1
AN08B099_j,1
Tm3_unclear,1
LHAV2f2_a,1
CB3950b,1
PRW057,1
AN00A009,1
SIP020b,1
CB3638,1
CB1573,1
PS210,1
CB2577,1
AN05B067,1
CB0103,1
AN05B059,1
LAL004,1
FB3D,1
CB3789,1
CL12X,1
CB4040,1
TRN_VP3b,1
CB3008,1
ME_LOP_unclear,1
CB1650,1
CB2319,1
SA1_c,1
aMe_unclear,1
M_vPNml78,1
AN05B060,1
SLP307,1
CB4019,1
CB2328,1
CB0946,1
LopVC_unclear,1
CB2244,1
CB1274,1
CB3383,1
CB1926,1
CB3999,1
CL195,1
AN05B083,1
LHPV5a5,1
CB3984,1
CB2259,1
SMP522,1
T5a_unclear,1
AN08B035,1
CB1648,1
EA00B006,1
FB,1
AN00A002,1
CB1079,1
DNg01_unclear,1
AN07B097,1
CB3332,1
CB1607,1
CB3407,1
AN05B040,1
CB2660,1
AN05B017,1
AN05B027,1
LO_LOP_unclear,1
AN07B116,1
CB3162,1
CB0414,1
CB0813,1
AVLP603,1
FLA009m,1
CB2545,1
GNG298,1
CB1652,1
CB0987,1
GNG295,1
CB0683,1
CB1116,1
CB3084,1
WED013,1
CB3127,1
WED196,1
CB2202,1
CB2416,1
PRW004,1
AN05B010,1
IN06B001,1
IN03A021,1
EN00B001,1
IN13B105,1
INXXX257,1
INXXX034,1
IN06B021,1
IN00A003,1
EN00B002,1
IN00A005,1
IN23B027,1
EN00B018,1
EN00B020,1
IN23B082,1
IN04B093,1
IN00A008,1
IN19B037,1
IN21A036,1
IN11A009,1
IN08B039,1
IN00A055,1
INXXX376,1
IN23B051,1
mesVUM-MJ,1
IN00A013,1
IN05B072_c,1
IN04B021,1
INXXX383,1
IN00A037,1
EN00B012,1
IN05B082,1
IN00A044,1
IN05B077,1
IN07B093,1
IN19A060_e,1
IN00A064,1
IN12B021,1
IN04B109,1
IN16B096,1
IN17A106_b,1
IN03A061,1
IN23B096,1
IN16B123,1
IN17A109,1
IN14A084,1
EN00B019,1
IN17A087,1
IN19A079,1
IN14A054,1
IN17A113,1
IN01B101,1
IN10B034,1
EN00B017,1
IN03B094,1
IN17A091,1
IN17A119,1
IN08B105,1
IN07B073_f,1
IN13B071,1
IN13B100,1
IN17A102,1
IN14A041,1
IN19A101,1
IN13B094,1
IN21A071,1
IN01A089,1
EA00B022,1
IN17A105,1
IN19A126,1
IN17A115,1
IN21A065,1
IN17A096,1
IN06A133,1
IN03B068,1
IN19A076,1
SNch11,1
EN00B024,1
IN06A134,1
SNta24,1
IN19A118,1
IN01B102,1
IN19A115,1
MNml83,1
IN13B091,1
"SNta44,SNta45",1
IN21A103,1
"SNta28, SNta40",1
"SNta20,SNta29",1
"SNta28,SNta29",1
"SNta31,SNta34",1
SNch06,1
SNch07,1
IN14A123,1
IN17A055,1
IN03A056,1
IN03A062_g,1
IN16B065,1
INXXX299,1
IN17A045,1
IN00A070,1
IN14A061,1
IN04B082,1
MNad50,1
IN12B068_c,1
IN00A069,1
IN19A123,1
IN07B094_c,1
IN12B066_g,1
IN19A060,1
IN05B055,1
IN23B076,1
IN23B038,1
IN14A102,1
IN14A053,1
IN00A068,1
IN21A088,1
LB3,1
IN19A129,1
IN13A073,1
IN01B088,1
"SNch07,SNch09",1
