roi,neuron_count
Optic(R),55086
CentralBrain,54261
Optic(L),53690
CentralBrain-unspecified,48161
ME(L),43022
ME(R),42780
Optic-unspecified(L),38070
Optic-unspecified(R),36052
ME_R_layer_03,31924
ME_L_layer_03,30786
ME_L_layer_02,29346
ME_R_layer_01,28555
ME_R_layer_02,28486
ME_L_layer_01,27643
ME_L_layer_04,27332
LO(L),26908
LO(R),26555
ME_R_layer_04,26202
VNC,25635
ME_R_layer_08,24660
ME_R_layer_05,24328
ME_L_layer_08,23457
ME_L_layer_09,23244
ME_R_layer_09,22897
ME_R_layer_10,22381
ME_L_layer_06,20833
ME_L_layer_10,20789
ME_R_layer_06,20781
ME_L_layer_05,20412
LO_R_layer_2,20072
ME_L_layer_07,20048
LO_L_layer_2,18853
ME_R_layer_07,18442
LO_L_layer_3,17184
VNC-unspecified,16615
LO_R_layer_3,16385
LO_R_layer_4,15472
LOP(R),15193
LO_L_layer_4,15173
LO_R_layer_1,14784
LO_L_layer_1,14612
LOP(L),14476
LOP_R_layer_1,14355
LO_L_layer_5,14039
LO_R_layer_5,13890
LOP_L_layer_1,13255
LO_R_layer_6,12575
LO_L_layer_6,12461
GNG,11765
LOP_R_layer_2,11467
LOP_L_layer_2,11238
LO_L_layer_7,9614
LOP_L_layer_3,9471
LOP_R_layer_3,9324
LA(R),9131
PLP(R),9030
LO_R_layer_7,8860
ANm,8273
LOP_R_layer_4,8250
PLP(L),8162
LOP_L_layer_4,8044
IntTct,7473
SAD,7213
SLP(R),7152
SLP(L),7094
SCL(R),7056
SCL(L),6715
LA(L),6635
LTct,6618
SMP(R),6480
SMP(L),6393
PVLP(L),6070
PVLP(R),5946
LegNp(T3)(R),5895
AVLP(R),5742
AVLP(L),5706
SPS(R),5534
SPS(L),5519
LegNp(T1)(L),5442
LegNp(T1)(R),5401
ICL(L),5280
ICL(R),5184
SIP(L),5133
LegNp(T3)(L),5119
SIP(R),5025
WED(L),4879
WED(R),4800
IB,4715
LegNp(T2)(L),4565
LegNp(T2)(R),4527
CRE(R),4068
AL(R),4060
CRE(L),3934
AL(L),3863
LH(R),3827
LAL(L),3657
LH(L),3649
WTct(UTct-T2)(R),3560
VES(L),3501
VES(R),3461
Ov(R),3393
LAL(R),3376
WTct(UTct-T2)(L),3364
Ov(L),3352
CV,3282
CV-unspecified,3280
gL(R),3149
IPS(L),3027
AMMC(L),3022
PED(R),3020
IPS(R),3012
AMMC(R),3002
PED(L),2843
gL(L),2843
FB,2832
FLA(L),2802
HTct(UTct-T3)(R),2746
HTct(UTct-T3)(L),2718
CA(L),2583
FLA(R),2564
CA(R),2536
PRW,2422
aL(R),2401
GOR(L),2364
aL(L),2300
GOR(R),2175
bL(R),2108
NTct(UTct-T1)(L),2086
a'L(R),2003
EPA(L),1954
NTct(UTct-T1)(R),1945
AOTU(L),1899
AOTU(R),1865
EPA(R),1770
b'L(R),1759
mVAC(T2)(L),1562
mVAC(T2)(R),1406
a'L(L),1313
ATL(R),1272
bL(L),1263
ATL(L),1234
CAN(L),1221
mVAC(T1)(L),1202
mVAC(T1)(R),1184
CAN(R),1159
b'L(L),1094
ME_R_col_21_13,1024
ME_R_col_20_14,1022
ME_R_col_25_16,1020
ME_R_col_16_15,1006
ME_R_col_23_15,1002
ME_R_col_20_15,992
ME_R_col_24_14,992
ME_R_col_23_13,991
ME_R_col_23_14,989
ME_L_col_10_27,988
ME_L_col_24_13,986
ME_R_col_21_14,986
ME_R_col_21_12,985
ME_R_col_16_12,985
ME_L_col_19_16,982
ME_R_col_21_11,980
ME_R_col_24_17,979
ME_R_col_20_12,978
ME_L_col_23_14,978
ME_R_col_19_12,978
ME_L_col_18_33,977
ME_R_col_22_14,976
ME_R_col_23_19,976
ME_R_col_22_15,975
ME_L_col_20_09,974
ME_R_col_19_20,974
ME_R_col_16_20,973
ME_R_col_19_16,973
ME_R_col_23_20,972
ME_R_col_23_18,972
ME_R_col_24_16,972
ME_R_col_26_20,972
ME_R_col_25_15,972
ME_R_col_19_19,971
ME_R_col_16_16,970
ME_R_col_24_20,970
ME_R_col_24_18,970
ME_R_col_20_13,969
ME_L_col_22_12,969
ME_R_col_23_17,968
ME_R_col_19_17,968
ME_L_col_17_15,967
ME_R_col_19_14,967
ME_R_col_22_12,966
ME_L_col_27_17,966
ME_R_col_14_29,965
ME_R_col_21_15,964
ME_R_col_28_20,964
ME_R_col_18_12,963
ME_R_col_29_22,963
ME_R_col_24_15,963
ME_R_col_22_13,962
ME_R_col_19_13,962
ME_R_col_29_20,962
ME_R_col_18_19,961
ME_L_col_20_15,961
ME_R_col_16_19,961
ME_R_col_18_24,961
ME_R_col_22_19,961
ME_L_col_19_15,959
ME_L_col_23_13,959
ME_R_col_26_15,959
ME_R_col_23_12,959
ME_L_col_20_10,959
ME_R_col_22_18,959
ME_R_col_20_10,958
ME_L_col_25_15,958
ME_R_col_23_16,957
ME_R_col_18_23,957
ME_R_col_17_12,957
ME_R_col_20_18,957
ME_L_col_08_22,957
ME_L_col_28_22,957
ME_R_col_21_19,957
ME_R_col_22_22,956
ME_R_col_12_28,956
ME_R_col_20_11,956
ME_R_col_27_17,956
ME_L_col_19_11,956
ME_R_col_19_15,956
ME_R_col_21_16,955
ME_R_col_20_16,955
ME_R_col_21_17,954
ME_R_col_17_10,954
ME_L_col_13_10,954
ME_R_col_15_17,953
ME_R_col_15_15,953
ME_R_col_18_17,953
ME_R_col_17_15,953
ME_R_col_22_21,952
ME_R_col_26_17,952
ME_R_col_16_09,952
ME_L_col_24_14,952
ME_R_col_24_19,951
ME_R_col_16_14,951
ME_R_col_26_19,951
ME_R_col_22_11,951
ME_L_col_09_26,950
ME_R_col_25_20,950
ME_R_col_17_22,949
ME_R_col_16_22,948
ME_R_col_17_09,948
ME_R_col_17_18,948
ME_R_col_18_15,948
ME_R_col_24_12,948
ME_L_col_26_15,948
ME_R_col_18_14,947
ME_R_col_19_18,947
ME_L_col_18_18,947
ME_L_col_20_11,947
ME_R_col_24_13,947
ME_L_col_22_11,947
ME_L_col_21_11,946
ME_R_col_25_19,946
ME_R_col_19_08,946
ME_L_col_19_09,946
ME_L_col_23_15,946
ME_R_col_15_31,945
ME_R_col_16_17,945
ME_L_col_10_26,944
ME_R_col_25_17,943
ME_R_col_22_16,943
ME_R_col_13_14,943
ME_L_col_18_15,943
ME_L_col_26_14,943
ME_L_col_16_16,943
ME_L_col_21_10,943
ME_R_col_16_18,942
ME_R_col_17_11,942
ME_R_col_19_09,942
ME_L_col_18_13,942
ME_R_col_13_26,942
ME_R_col_21_20,942
ME_R_col_20_22,942
ME_L_col_20_13,941
ME_L_col_20_17,941
ME_R_col_21_18,941
ME_R_col_14_10,941
ME_R_col_20_19,941
ME_L_col_22_17,940
ME_R_col_30_22,940
ME_R_col_23_11,939
ME_R_col_25_14,939
ME_R_col_14_15,939
ME_R_col_30_32,939
ME_L_col_15_19,939
ME_L_col_08_23,939
ME_L_col_22_14,939
ME_R_col_18_10,939
ME_R_col_17_14,938
ME_L_col_18_16,938
ME_R_col_18_11,938
ME_R_col_20_09,938
ME_R_col_31_25,938
ME_R_col_22_17,938
ME_R_col_22_20,938
ME_L_col_15_17,938
ME_L_col_30_24,938
ME_R_col_27_25,937
ME_R_col_27_20,937
ME_R_col_21_10,936
ME_L_col_29_30,936
ME_L_col_18_19,936
ME_R_col_15_18,935
ME_L_col_17_22,935
ME_R_col_14_25,935
ME_R_col_16_24,935
ME_R_col_14_30,934
ME_L_col_26_17,934
ME_R_col_27_21,934
ME_L_col_17_18,934
ME_L_col_29_20,934
ME_R_col_17_16,934
ME_R_col_27_19,934
ME_R_col_15_24,933
ME_R_col_18_18,933
ME_R_col_17_13,933
ME_L_col_20_12,933
ME_R_col_27_15,933
ME_R_col_17_23,933
ME_L_col_22_13,933
ME_L_col_22_18,932
ME_R_col_19_21,932
ME_L_col_18_17,932
ME_L_col_20_14,932
ME_L_col_17_16,932
ME_R_col_24_21,932
ME_L_col_23_21,931
ME_R_col_17_27,930
ME_R_col_28_24,930
ME_L_col_20_08,930
ME_R_col_13_28,930
ME_R_col_13_15,929
ME_L_col_27_16,929
ME_L_col_19_08,929
ME_R_col_14_14,929
ME_L_col_17_10,928
ME_R_col_16_21,928
ME_L_col_17_11,928
ME_R_col_27_22,928
ME_L_col_27_15,928
ME_L_col_15_13,927
ME_R_col_20_20,927
ME_R_col_13_10,927
ME_R_col_18_20,927
ME_L_col_19_10,927
ME_L_col_19_12,927
ME_R_col_18_16,927
ME_R_col_27_18,927
ME_L_col_21_14,927
ME_L_col_16_19,927
ME_R_col_15_14,926
ME_R_col_13_29,926
ME_L_col_28_20,925
ME_L_col_23_19,925
ME_R_col_19_23,925
ME_L_col_27_27,924
ME_R_col_18_21,924
ME_R_col_22_10,924
ME_R_col_21_22,924
ME_R_col_17_24,924
ME_R_col_20_08,924
ME_R_col_23_21,924
ME_R_col_15_08,923
ME_R_col_31_24,923
ME_R_col_20_17,923
ME_R_col_19_22,923
ME_L_col_19_20,923
ME_R_col_16_13,923
ME_R_col_25_30,923
ME_R_col_21_21,923
ME_L_col_21_16,922
ME_L_col_19_13,922
ME_L_col_18_12,922
ME_L_col_15_18,921
ME_L_col_16_21,921
ME_L_col_21_15,921
ME_R_col_12_14,921
ME_L_col_23_11,921
ME_L_col_21_13,920
ME_R_col_26_18,920
ME_R_col_20_21,920
ME_L_col_23_10,920
ME_R_col_27_26,920
ME_R_col_28_16,920
ME_R_col_19_10,919
ME_L_col_26_18,919
ME_R_col_14_23,919
ME_R_col_28_34,919
ME_L_col_25_14,919
ME_R_col_24_30,919
ME_R_col_30_21,919
ME_R_col_15_06,918
ME_R_col_16_07,918
ME_L_col_19_19,918
ME_R_col_14_17,918
ME_R_col_21_09,917
ME_R_col_29_35,917
ME_L_col_27_29,917
ME_L_col_16_09,917
ME_R_col_13_08,916
ME_L_col_21_17,916
ME_R_col_17_21,916
ME_R_col_18_09,916
ME_L_col_25_16,916
ME_R_col_29_23,915
ME_L_col_23_22,915
ME_R_col_15_07,915
ME_R_col_15_12,915
ME_R_col_15_11,915
ME_L_col_24_21,915
ME_R_col_30_28,914
ME_L_col_21_12,914
ME_L_col_24_12,914
ME_R_col_26_16,914
ME_L_col_17_19,914
ME_R_col_17_08,914
ME_R_col_20_23,914
ME_R_col_14_20,913
ME_R_col_14_19,913
ME_R_col_30_26,913
ME_R_col_16_25,912
ME_L_col_28_17,912
ME_R_col_27_16,912
ME_R_col_14_24,912
ME_R_col_28_19,912
ME_R_col_19_24,912
ME_L_col_23_20,912
ME_R_col_25_13,911
ME_R_col_15_23,911
ME_R_col_12_21,910
ME_R_col_11_27,910
ME_R_col_13_13,910
ME_L_col_25_21,910
ME_R_col_14_11,910
ME_R_col_17_20,910
ME_R_col_25_21,910
ME_L_col_12_29,909
ME_R_col_14_18,909
ME_R_col_14_08,909
ME_R_col_09_24,909
ME_L_col_30_20,909
ME_L_col_19_21,909
ME_R_col_16_31,909
ME_R_col_15_13,909
ME_R_col_16_10,909
ME_R_col_25_33,909
ME_L_col_17_07,909
ME_R_col_29_32,909
ME_R_col_13_07,909
ME_R_col_30_23,909
ME_R_col_15_27,908
ME_L_col_11_25,908
ME_R_col_31_30,908
ME_L_col_23_12,908
ME_L_col_16_08,908
ME_R_col_28_18,908
ME_R_col_15_19,908
ME_R_col_19_11,908
ME_R_col_13_16,908
ME_L_col_19_17,908
ME_L_col_14_13,908
ME_R_col_18_08,908
ME_L_col_25_13,907
ME_R_col_12_09,907
ME_R_col_30_20,907
ME_R_col_17_17,907
MesoLN(R),907
ME_R_col_16_27,907
ME_R_col_25_34,907
ME_R_col_15_22,907
ME_R_col_27_24,907
ME_R_col_29_31,906
ME_L_col_30_22,906
ME_R_col_16_08,906
ME_R_col_27_34,906
ME_L_col_24_18,906
ME_R_col_11_25,906
ME_R_col_14_13,906
ME_R_col_16_06,906
ME_L_col_20_16,905
ME_R_col_15_25,905
ME_R_col_19_26,905
ME_R_col_14_22,905
ME_L_col_17_14,905
ME_L_col_18_09,905
ME_R_col_15_30,905
ME_R_col_15_16,904
ME_R_col_22_31,904
ME_R_col_25_25,904
ME_L_col_10_25,904
ME_R_col_28_21,904
ME_R_col_14_21,904
ME_R_col_21_31,903
ME_R_col_14_12,903
ME_L_col_31_24,903
ME_R_col_28_35,903
ME_L_col_26_25,903
ME_R_col_29_21,902
ME_L_col_14_18,902
ME_R_col_25_23,902
ME_L_col_10_28,902
ME_R_col_24_31,902
ME_L_col_22_16,902
ME_R_col_21_32,902
ME_R_col_31_26,901
ME_R_col_12_27,901
ME_L_col_25_17,901
ME_L_col_28_18,901
ME_R_col_12_24,901
ME_R_col_14_05,901
ME_R_col_18_13,901
ME_L_col_22_22,901
ME_R_col_25_18,901
ME_R_col_23_30,901
ME_R_col_16_11,901
ME_L_col_28_27,901
ME_R_col_28_23,900
ME_R_col_23_22,900
ME_R_col_31_22,900
ME_R_col_28_22,900
ME_L_col_14_29,900
ME_R_col_13_05,900
ME_L_col_16_12,900
ME_L_col_18_14,900
ME_R_col_25_31,899
ME_R_col_30_30,899
ME_L_col_16_17,899
ME_L_col_24_20,899
ME_L_col_25_27,899
ME_R_col_14_09,899
ME_L_col_31_31,899
ME_L_col_31_22,899
ME_L_col_17_13,899
ME_R_col_12_25,899
ME_L_col_13_09,899
ME_R_col_17_19,899
ME_L_col_18_20,899
ME_L_col_28_21,899
ME_L_col_20_21,899
ME_R_col_12_11,898
ME_R_col_11_12,898
ME_R_col_13_19,898
ME_L_col_13_13,898
ME_L_col_22_35,897
ME_L_col_23_23,897
ME_R_col_15_10,897
ME_R_col_18_22,897
ME_R_col_16_23,897
ME_R_col_30_27,897
ME_L_col_27_28,897
ME_R_col_26_21,897
ME_L_col_23_16,896
ME_L_col_11_29,896
ME_R_col_22_23,896
ME_L_col_17_12,896
ME_L_col_10_24,896
ME_L_col_23_24,896
ME_R_col_17_25,896
ME_R_col_13_20,896
ME_R_col_18_26,896
ME_L_col_12_12,895
ME_R_col_20_32,895
ME_R_col_12_18,895
ME_L_col_13_11,895
ME_R_col_12_26,895
ME_L_col_27_31,895
ME_R_col_17_07,895
ME_L_col_24_17,895
ME_L_col_09_23,895
ME_R_col_27_23,894
ME_R_col_10_24,894
ME_R_col_10_15,894
ME_L_col_23_17,894
ME_R_col_25_12,894
ME_L_col_26_19,894
ME_L_col_22_20,893
ME_R_col_24_23,893
ME_R_col_11_18,893
ME_L_col_13_14,893
ME_R_col_30_34,893
ME_L_col_26_16,893
ME_L_col_15_15,893
ME_L_col_24_19,893
ME_R_col_14_06,893
ME_R_col_12_16,892
ME_L_col_20_18,892
ME_R_col_13_17,892
ME_L_col_22_10,892
ME_L_col_09_22,892
ME_R_col_10_18,892
ME_R_col_13_25,892
ME_R_col_15_26,892
ME_R_col_17_26,892
ME_R_col_31_21,892
ME_L_col_14_08,892
ME_L_col_25_12,891
ME_R_col_29_25,891
ME_L_col_30_31,891
ME_L_col_22_24,891
ME_L_col_17_17,891
ME_L_col_17_23,891
ME_R_col_26_27,891
ME_L_col_27_23,890
ME_L_col_13_29,890
ME_L_col_21_22,890
ME_R_col_10_14,890
ME_R_col_14_16,890
ME_L_col_15_16,890
ME_L_col_27_26,890
ME_L_col_19_14,890
ME_R_col_29_24,889
ME_R_col_29_28,889
ME_L_col_18_08,889
ME_R_col_28_33,889
ME_R_col_20_24,889
ME_L_col_30_32,889
ME_L_col_16_15,889
ME_L_col_21_21,889
ME_R_col_29_19,889
ME_R_col_20_30,888
ME_R_col_10_09,888
ME_L_col_20_20,888
ME_R_col_19_31,888
ME_L_col_18_22,888
ME_R_col_19_30,888
ME_L_col_26_27,888
ME_R_col_11_24,888
ME_R_col_21_23,888
ME_R_col_18_27,888
ME_L_col_18_10,887
ME_R_col_28_25,887
ME_L_col_13_12,887
ME_L_col_13_15,887
ME_R_col_21_28,887
ME_L_col_15_14,887
ME_L_col_17_08,887
ME_L_col_14_14,887
ME_R_col_10_21,887
ME_R_col_23_33,887
ME_L_col_21_09,887
ME_R_col_12_12,887
ME_R_col_28_32,887
ME_L_col_21_18,887
ME_L_col_28_34,886
ME_R_col_13_11,886
ME_R_col_26_24,886
ME_R_col_18_25,886
ME_R_col_12_07,886
ME_L_col_18_07,885
ME_R_col_12_17,885
ME_L_col_18_21,885
ME_R_col_12_06,885
ME_L_col_22_23,885
ME_R_col_09_09,885
ME_L_col_15_31,885
ME_L_col_21_20,885
ME_L_col_27_18,885
ME_L_col_14_09,885
ME_R_col_26_30,884
ME_L_col_23_18,884
ME_R_col_08_23,884
ME_R_col_12_20,884
ME_R_col_11_10,884
ME_R_col_12_15,884
ME_R_col_12_22,884
ME_L_col_12_28,883
ME_R_col_25_26,883
ME_L_col_16_10,883
ME_L_col_24_10,883
ME_R_col_13_27,883
ME_R_col_26_22,883
ME_R_col_14_28,883
ME_R_col_18_30,883
ME_L_col_29_21,883
ME_R_col_11_06,883
ME_R_col_25_22,883
ME_R_col_22_34,883
ME_R_col_13_18,882
ME_R_col_27_32,882
ME_R_col_22_24,882
ME_L_col_15_09,882
ME_L_col_25_18,882
ME_R_col_13_24,882
ME_R_col_10_16,882
ME_L_col_21_19,882
ME_R_col_12_23,881
ME_L_col_17_09,881
ME_R_col_30_19,881
ME_R_col_25_28,881
ME_R_col_30_29,881
ME_R_col_17_06,881
ME_L_col_15_21,881
ME_R_col_09_14,881
ME_R_col_23_24,881
ME_L_col_24_15,881
ME_R_col_19_07,880
ME_R_col_32_24,880
ME_L_col_19_34,880
ME_L_col_17_32,880
ME_R_col_15_20,880
ME_R_col_30_25,880
ME_R_col_26_14,880
ME_R_col_14_27,880
ME_L_col_09_24,880
ME_R_col_12_19,880
ME_L_col_16_07,880
ME_R_col_25_32,880
ME_L_col_22_21,880
ME_L_col_17_20,880
ME_L_col_19_18,879
ME_R_col_32_26,879
ME_R_col_18_07,879
ME_L_col_12_21,879
ME_R_col_23_25,879
ME_R_col_13_12,879
ME_R_col_11_21,879
ME_R_col_24_11,879
ME_R_col_23_31,879
ME_L_col_24_16,879
ME_L_col_24_22,878
ME_L_col_26_22,878
ME_L_col_25_30,878
ME_R_col_09_13,878
ME_R_col_22_30,877
ME_L_col_28_23,877
ME_L_col_26_29,877
ME_R_col_24_22,877
ME_L_col_10_09,877
ME_R_col_28_31,877
ME_R_col_28_17,877
ME_R_col_11_26,877
ME_L_col_29_19,877
ME_R_col_16_26,876
ME_L_col_17_21,876
ME_R_col_13_21,876
ME_R_col_17_31,876
ME_R_col_21_33,876
ME_R_col_29_34,876
ME_R_col_10_20,876
ME_L_col_29_22,876
ME_L_col_11_10,876
ME_R_col_26_35,875
ME_L_col_20_23,875
ME_L_col_28_19,875
ME_L_col_11_27,875
ME_R_col_31_33,875
ME_R_col_15_21,875
ME_R_col_32_28,874
ME_L_col_19_06,874
ME_R_col_21_25,874
ME_R_col_15_09,874
ME_L_col_31_33,874
ME_L_col_17_06,874
ME_L_col_22_26,873
ME_L_col_30_23,873
ME_R_col_09_07,873
ME_L_col_30_19,873
ME_L_col_27_19,873
ME_L_col_15_10,873
ME_L_col_27_14,873
ME_R_col_14_31,873
ME_L_col_16_31,873
ME_R_col_11_22,873
ME_R_col_24_35,873
ME_R_col_19_32,873
ME_L_col_10_07,873
ME_R_col_15_28,873
ME_R_col_13_23,873
ME_L_col_15_30,872
ME_L_col_11_14,872
ME_R_col_32_27,872
ME_R_col_18_29,872
ME_L_col_14_05,872
ME_L_col_14_17,872
ME_L_col_22_09,872
ME_L_col_21_34,872
ME_R_col_31_27,872
ME_R_col_22_26,871
ME_L_col_15_12,871
ME_R_col_13_22,871
LO_R_col_25_21,871
ME_L_col_10_08,871
ME_R_col_19_29,871
ME_R_col_19_25,871
ME_L_col_14_19,871
ME_L_col_32_32,871
ME_R_col_26_13,871
ME_L_col_28_30,871
ME_L_col_25_20,871
ME_R_col_11_07,871
ME_R_col_29_18,871
ME_L_col_26_20,870
ME_L_col_16_32,870
ME_L_col_20_19,870
ME_L_col_12_11,870
ME_L_col_20_26,870
ME_R_col_22_33,870
ME_L_col_29_24,870
ME_L_col_25_33,870
ME_L_col_24_23,869
ME_R_col_11_14,869
ME_L_col_30_21,869
ME_R_col_08_09,869
ME_R_col_21_29,869
ME_L_col_28_31,869
ME_R_col_17_28,869
ME_L_col_19_33,869
ME_R_col_32_29,868
ME_R_col_12_10,868
ME_L_col_33_32,868
ME_R_col_26_23,868
ME_R_col_24_29,868
ME_L_col_12_27,868
ME_L_col_08_19,868
ME_L_col_30_28,868
ME_R_col_15_29,868
ME_R_col_16_05,868
ME_L_col_30_29,868
ME_R_col_11_11,868
ME_L_col_19_07,867
ME_R_col_13_09,867
ME_R_col_25_29,867
ME_L_col_30_25,867
ME_L_col_27_20,867
ME_R_col_22_25,867
ME_L_col_13_16,867
ME_R_col_20_07,867
ME_R_col_12_13,867
ME_R_col_23_10,866
ME_L_col_19_25,866
ME_R_col_24_32,866
ME_L_col_13_23,866
ME_R_col_12_08,866
ME_R_col_21_30,866
ME_R_col_33_29,866
ME_L_col_25_19,866
ME_R_col_21_24,866
ME_R_col_10_08,866
ME_L_col_14_15,866
PB,865
ME_R_col_22_29,865
ME_R_col_11_17,865
ME_L_col_13_28,865
ME_L_col_07_21,865
ME_R_col_32_33,865
ME_R_col_20_31,865
ME_R_col_26_31,865
ME_R_col_27_31,864
ME_L_col_12_07,864
ME_L_col_10_10,864
ME_R_col_30_18,864
ME_L_col_17_33,864
ME_R_col_10_05,864
ME_L_col_18_11,864
ME_R_col_28_28,864
ME_L_col_25_26,864
ME_R_col_23_34,864
ME_R_col_17_30,863
ME_R_col_19_28,863
ME_R_col_31_23,863
ME_R_col_09_08,863
ME_L_col_31_32,863
ME_R_col_30_31,863
ME_R_col_31_31,863
ME_L_col_20_24,863
ME_L_col_14_16,863
ME_R_col_10_22,863
ME_L_col_23_35,863
ME_R_col_09_15,863
ME_R_col_14_07,863
ME_R_col_18_28,863
ME_L_col_22_19,863
ME_L_col_33_33,863
ME_R_col_13_06,862
ME_R_col_22_28,862
ME_L_col_24_28,862
ME_R_col_32_34,862
ME_R_col_27_33,862
ME_R_col_17_32,862
ME_R_col_29_17,862
ME_R_col_29_33,862
ME_L_col_31_23,862
ME_R_col_11_05,862
ME_R_col_11_28,862
ME_L_col_29_34,862
ME_R_col_11_13,861
ME_R_col_31_32,861
ME_R_col_27_27,861
ME_R_col_14_26,861
ME_R_col_31_20,861
ME_R_col_32_25,860
ME_L_col_21_24,860
ME_R_col_29_30,860
ME_R_col_12_29,860
ME_L_col_14_06,860
ME_R_col_18_31,860
ME_L_col_20_30,859
ME_L_col_26_23,859
ME_L_col_27_24,859
ME_L_col_24_25,859
ME_R_col_10_07,859
ME_L_col_29_23,859
ME_R_col_29_29,859
ME_L_col_22_15,859
ME_R_col_22_09,859
ME_L_col_27_21,859
ME_L_col_08_24,858
ME_L_col_32_31,858
ME_R_col_29_26,858
ME_R_col_26_34,858
ME_L_col_22_27,858
ME_L_col_24_31,858
ME_R_col_09_10,858
ME_L_col_29_27,857
ME_L_col_16_20,857
ME_L_col_16_18,857
ME_L_col_25_23,857
ME_L_col_20_22,857
ME_L_col_26_21,857
ME_L_col_23_34,857
ME_R_col_28_36,857
ME_R_col_24_26,857
ME_R_col_11_23,857
ME_R_col_30_33,856
ME_L_col_25_22,856
ME_R_col_09_11,856
ME_L_col_33_28,856
ME_R_col_26_33,856
ME_R_col_27_35,856
ME_R_col_23_23,856
ME_L_col_26_13,856
ME_R_col_31_36,855
ME_L_col_09_07,855
ME_R_col_10_06,855
ME_R_col_18_33,855
ME_R_col_23_35,855
ME_L_col_18_25,855
ME_R_col_09_17,855
ME_L_col_24_11,855
ME_L_col_28_26,855
ME_R_col_16_28,855
ME_L_col_26_26,854
ME_R_col_32_31,854
ME_R_col_10_10,854
ME_R_col_30_35,854
ME_L_col_14_10,854
ME_L_col_22_25,854
ME_R_col_11_16,854
ME_R_col_26_32,854
ME_L_col_20_34,854
ME_L_col_25_29,854
ME_L_col_24_35,854
ME_R_col_10_17,854
ME_L_col_18_23,853
ME_R_col_16_30,853
ME_L_col_23_25,853
ME_R_col_27_29,853
ME_L_col_32_25,853
ME_R_col_22_27,853
ME_L_col_11_11,853
ME_R_col_23_32,853
ME_R_col_09_12,853
LO_R_col_20_17,853
ME_R_col_23_27,853
ME_L_col_13_22,852
ME_L_col_11_15,852
ME_L_col_20_07,852
ME_R_col_23_26,852
ME_R_col_26_25,852
ME_R_col_16_29,852
ME_R_col_17_29,852
ME_L_col_31_21,852
ME_L_col_15_07,852
ME_R_col_11_15,851
ME_L_col_12_05,851
ME_R_col_33_28,851
ME_R_col_07_08,851
ME_L_col_21_08,851
ME_R_col_20_34,851
ME_L_col_16_14,851
ME_R_col_22_32,850
ME_L_col_26_24,850
ME_L_col_27_34,850
ME_L_col_24_34,850
ME_R_col_15_05,850
ME_L_col_22_34,850
ME_R_col_21_34,850
ME_R_col_10_26,850
ME_L_col_13_06,850
ME_R_col_13_30,849
ME_R_col_20_26,849
ME_L_col_25_32,849
ME_R_col_22_35,849
ME_R_col_21_27,849
ME_R_col_27_30,849
ME_R_col_11_09,849
ME_R_col_10_27,849
ME_R_col_26_26,849
ME_L_col_25_36,849
ME_R_col_09_18,849
ME_L_col_16_27,848
ME_L_col_08_21,848
ME_R_col_24_33,848
ME_R_col_19_27,848
ME_R_col_11_08,848
ME_L_col_16_23,847
ME_R_col_31_34,847
ME_L_col_13_07,847
ME_R_col_18_06,847
LO_R_col_19_18,847
ME_L_col_16_25,847
ME_L_col_15_20,847
ME_R_col_09_23,846
ME_L_col_32_30,846
ME_L_col_13_05,846
ME_L_col_26_36,846
ME_L_col_27_22,846
ME_L_col_26_30,846
ME_R_col_20_29,846
ME_L_col_12_23,846
ME_R_col_26_36,846
ME_L_col_29_29,846
ME_R_col_10_12,846
ME_R_col_24_34,846
ME_L_col_17_24,846
ME_R_col_14_04,845
ME_L_col_17_25,845
ME_R_col_10_13,845
ME_L_col_09_11,845
ME_L_col_13_04,845
ME_L_col_31_29,845
ME_L_col_13_27,845
ME_L_col_15_29,845
ME_R_col_10_25,845
ME_R_col_24_27,845
ME_R_col_18_32,845
ME_L_col_28_28,845
ME_L_col_20_31,844
ME_L_col_23_29,844
ME_L_col_31_26,844
ME_R_col_24_28,844
ME_R_col_10_11,844
ME_R_col_07_12,844
ME_L_col_12_10,844
ME_L_col_11_28,844
ME_R_col_08_12,843
ME_L_col_19_22,843
ME_L_col_21_26,843
ME_L_col_29_33,843
ME_L_col_21_30,843
ME_L_col_11_24,843
ME_L_col_14_11,843
ME_L_col_14_07,843
ME_R_col_11_20,843
ME_R_col_28_26,842
ME_L_col_12_13,842
ME_R_col_33_27,842
ME_L_col_24_24,842
ME_R_col_24_25,842
ME_L_col_29_32,842
ME_L_col_09_12,842
ME_L_col_09_18,842
ME_L_col_28_24,842
ME_R_col_26_29,842
ME_L_col_26_28,842
ME_R_col_10_23,841
ME_L_col_09_09,841
ME_L_col_14_22,841
ME_R_col_19_33,841
ME_L_col_29_25,841
ME_L_col_12_15,841
ME_L_col_15_11,840
ME_L_col_25_35,840
ME_R_col_25_27,840
ME_R_col_06_13,840
ME_R_col_08_08,840
ME_L_col_25_28,840
ME_L_col_28_16,839
ME_L_col_15_22,839
ME_R_col_07_07,839
ME_L_col_18_32,839
ME_L_col_26_32,839
ME_L_col_11_18,839
ME_L_col_18_26,838
ME_L_col_21_31,838
ME_L_col_31_30,838
ME_R_col_26_28,838
ME_R_col_08_14,838
ME_L_col_11_09,838
ME_L_col_16_13,838
ME_L_col_16_11,838
ME_R_col_06_14,838
ME_L_col_18_06,838
ME_L_col_25_25,838
ME_R_col_21_26,837
ME_R_col_32_22,837
ME_L_col_32_28,837
ME_R_col_33_26,837
ME_R_col_33_25,837
ME_L_col_25_24,837
LO_R_col_24_17,837
ME_L_col_09_08,837
LO_R_col_19_14,837
ME_R_col_28_29,837
ME_R_col_09_16,836
ME_L_col_28_29,836
ME_R_col_32_32,836
ME_L_col_15_27,836
ME_R_col_32_23,836
ME_L_col_19_26,836
ME_R_col_17_05,836
ME_R_col_10_19,835
ME_L_col_32_29,835
ME_L_col_14_30,835
ME_R_col_28_15,835
ME_R_col_07_13,835
ME_L_col_12_08,835
ME_R_col_11_19,835
ME_L_col_31_27,834
ME_L_col_30_30,834
ME_L_col_12_20,834
ME_L_col_14_21,834
ME_L_col_19_23,834
ME_R_col_31_28,834
ME_R_col_31_35,834
ME_L_col_15_08,834
LO_R_col_20_19,834
ME_R_col_32_30,834
ME_L_col_24_26,834
ME_L_col_09_10,834
ME_L_col_15_24,833
ME_R_col_09_22,833
ME_L_col_16_06,833
ME_L_col_26_33,832
LO_R_col_16_14,832
ME_R_col_20_33,832
ME_R_col_06_07,832
ME_L_col_29_28,832
ME_L_col_15_25,832
ME_L_col_17_28,832
ME_L_col_29_17,832
ME_R_col_20_28,832
ME_R_col_08_15,832
ME_L_col_27_30,832
ME_L_col_32_33,832
ME_R_col_07_09,831
ME_R_col_07_11,831
ME_R_col_07_19,831
LO_R_col_16_13,831
ME_L_col_20_33,831
ME_R_col_24_24,831
ME_R_col_25_36,831
ME_R_col_25_35,831
LO_R_col_17_18,831
ME_L_col_23_26,831
ME_R_col_09_19,831
ME_L_col_16_22,831
ME_R_col_33_31,830
ME_R_col_09_25,830
ME_R_col_33_33,830
LO_R_col_22_13,830
ME_L_col_28_25,830
ME_R_col_08_18,830
ME_L_col_23_28,830
ME_L_col_28_32,830
LO_R_col_17_12,830
ME_L_col_19_24,830
ME_R_col_08_10,830
ME_R_col_28_27,829
ME_R_col_27_36,829
ME_L_col_16_30,829
ME_R_col_07_14,829
ME_L_col_07_12,829
ME_R_col_30_24,829
ME_L_col_31_28,829
ME_R_col_21_08,828
ME_L_col_30_27,828
ME_R_col_09_06,828
ME_L_col_23_27,828
ME_L_col_09_27,828
ME_L_col_12_26,828
ME_R_col_09_21,828
ME_R_col_15_32,828
ME_L_col_07_20,828
ME_R_col_32_35,828
ME_L_col_21_23,827
ME_L_col_24_29,827
ME_R_col_08_16,827
ME_R_col_33_30,827
ME_L_col_32_23,827
ME_L_col_11_23,827
ME_L_col_07_22,827
ME_L_col_14_12,827
ME_L_col_15_23,827
ME_L_col_15_05,826
ME_L_col_12_14,826
ME_L_col_13_18,826
ME_R_col_16_32,826
LO_R_col_17_13,826
ME_L_col_14_26,826
ME_R_col_20_25,825
ME_R_col_20_27,825
ME_L_col_12_22,825
ME_L_col_24_36,825
ME_L_col_29_31,825
ME_R_col_29_27,825
ME_R_col_27_28,825
ME_L_col_15_06,825
ME_L_col_30_34,825
ME_L_col_22_30,825
ME_R_col_34_28,824
ME_L_col_14_20,824
ME_R_col_23_29,824
ME_L_col_08_12,824
ME_R_col_08_17,824
ME_R_col_27_14,824
ME_L_col_27_35,824
ME_L_col_26_31,824
LO_R_col_21_16,824
LO_R_col_26_25,824
LO_R_col_21_21,824
ME_R_col_08_22,823
ME_R_col_08_13,823
LO_R_col_19_17,823
ME_R_col_28_30,823
ME_L_col_10_21,823
ME_R_col_24_10,823
ME_L_col_16_26,823
ME_R_col_25_24,823
ME_L_col_17_27,822
ME_R_col_31_29,822
ME_L_col_08_09,822
ME_R_col_23_28,822
ME_L_col_30_26,822
ME_L_col_29_18,822
ME_L_col_18_29,822
ME_L_col_09_21,822
ME_L_col_07_10,822
ME_L_col_11_07,821
ME_L_col_33_29,821
ME_R_col_12_05,821
ME_L_col_09_25,821
ME_L_col_21_27,821
ME_R_col_06_12,821
LO_R_col_20_20,820
ME_L_col_07_19,820
ME_R_col_19_06,820
ME_R_col_32_21,819
ME_L_col_11_13,819
ME_L_col_31_25,819
ME_L_col_19_30,819
ME_L_col_16_29,819
ME_R_col_06_10,819
ME_L_col_27_25,819
ME_L_col_18_24,818
LO_R_col_19_23,818
ME_R_col_09_26,818
ME_R_col_08_24,818
ME_L_col_20_25,818
LO_R_col_22_19,818
ME_R_col_07_18,818
ME_L_col_17_05,818
ME_L_col_07_18,818
LO_R_col_23_19,817
ME_L_col_21_35,817
ME_L_col_30_18,817
ME_L_col_10_11,817
ME_L_col_11_05,817
ME_L_col_08_13,817
ME_L_col_33_26,816
ME_L_col_30_36,816
ME_L_col_11_17,816
ME_L_col_32_27,816
LO_R_col_12_13,816
ME_L_col_16_05,816
ME_L_col_10_22,816
ME_L_col_14_25,816
ME_R_col_17_33,815
LO_R_col_25_15,815
ME_R_col_07_17,815
ME_R_col_33_35,815
ME_L_col_08_14,815
ME_L_col_16_24,815
ME_L_col_21_25,815
ME_L_col_13_08,815
ME_L_col_27_32,815
ME_L_col_15_28,815
ME_L_col_12_09,815
ME_L_col_21_28,814
ME_L_col_32_22,814
ME_L_col_18_28,814
LO_R_col_18_16,814
ME_L_col_16_28,814
ME_R_col_08_05,814
ME_L_col_09_06,814
ME_L_col_09_19,814
ME_R_col_09_05,813
ME_L_col_08_08,813
ME_L_col_19_32,813
ME_L_col_10_05,813
ME_L_col_29_35,813
ME_L_col_11_08,812
ME_L_col_10_12,812
ME_L_col_09_16,812
LO_R_col_23_17,812
ME_R_col_08_11,812
ME_L_col_22_28,812
ME_R_col_09_20,812
ME_R_col_33_24,812
ME_L_col_12_17,812
LO_R_col_20_22,812
ME_R_col_08_07,811
ME_L_col_08_25,811
ME_L_col_13_26,811
LO_R_col_26_24,811
ME_R_col_33_32,811
ME_L_col_30_33,810
LO_R_col_21_17,810
ME_L_col_20_27,810
ME_R_col_29_16,810
ME_R_col_12_04,810
ME_L_col_22_29,810
ME_L_col_08_17,809
ME_L_col_10_13,809
ME_R_col_06_11,809
ME_L_col_19_28,809
LO_R_col_15_12,809
ME_L_col_14_27,809
ME_L_col_32_24,808
ME_L_col_30_35,807
ME_L_col_33_31,807
ME_L_col_14_28,807
ME_L_col_12_04,807
ME_L_col_17_31,807
ME_L_col_09_17,806
LO_R_col_22_24,806
ME_L_col_08_11,806
ME_L_col_29_26,806
ME_L_col_13_19,806
ME_R_col_06_08,806
ME_L_col_34_33,805
ME_L_col_11_20,805
ME_L_col_12_06,805
ME_L_col_13_24,805
LO_R_col_13_15,805
ME_L_col_10_15,805
ME_R_col_06_09,805
ME_L_col_10_06,805
ME_R_col_08_06,805
LO_R_col_20_12,805
ME_L_col_11_06,804
ME_L_col_10_23,804
ME_L_col_11_26,804
ME_R_col_07_10,804
LO_R_col_20_13,804
ME_L_col_21_33,803
LO_R_col_22_17,803
ME_L_col_20_29,803
ME_L_col_24_27,803
ME_L_col_14_04,803
ME_R_col_05_11,803
ME_R_col_15_04,803
ME_R_col_34_30,803
ME_L_col_12_25,803
ME_R_col_34_32,803
LO_R_col_23_22,802
LO_R_col_22_21,802
ME_L_col_06_07,802
LO_R_col_18_17,802
LO_R_col_18_13,802
ME_R_col_33_23,802
ME_R_col_08_21,802
ME_L_col_25_34,801
ME_L_col_12_16,801
ME_R_col_05_12,800
ME_L_col_19_31,800
ME_L_col_22_32,800
ME_L_col_19_27,800
ME_R_col_27_37,800
ME_L_col_28_15,800
LO_R_col_20_16,800
ME_L_col_13_21,800
LO_R_col_21_19,799
ME_L_col_13_17,799
ME_R_col_16_04,799
ME_L_col_08_10,799
LO_R_col_23_13,799
LO_R_col_24_18,799
LO_R_col_27_25,799
LO_R_col_24_19,799
LO_R_col_26_21,798
LO_R_col_19_22,798
ME_L_col_33_25,798
ME_R_col_09_04,798
ME_L_col_19_29,798
ME_L_col_08_18,798
ME_L_col_20_32,798
ME_L_col_17_26,797
ME_L_col_10_04,797
ME_R_col_13_04,797
ME_L_col_11_21,797
ME_L_col_31_35,797
ME_L_col_31_34,797
ME_R_col_34_34,797
ME_L_col_11_12,797
ME_R_col_34_27,797
ME_L_col_22_33,797
ME_L_col_26_35,796
ME_L_col_13_25,796
ME_R_col_29_37,796
ME_L_col_21_32,796
ME_L_col_06_19,796
ME_L_col_34_27,795
LO_R_col_18_14,795
ME_L_col_20_28,795
LO_L_col_18_14,795
ME_L_col_10_14,795
LO_R_col_24_15,795
LO_R_col_23_24,795
ME_L_col_12_24,795
ME_L_col_12_19,795
ME_L_col_06_18,794
LO_R_col_27_20,794
ME_L_col_25_11,794
ME_L_col_24_33,794
ME_L_col_25_31,794
ME_R_col_19_34,794
ME_R_col_29_36,794
ME_R_col_11_29,793
ME_R_col_30_36,793
LO_R_col_13_09,793
ME_R_col_25_11,793
ME_L_col_23_31,793
ME_L_col_11_19,793
ME_R_col_07_06,792
ME_L_col_33_27,792
LO_L_col_23_22,792
ME_L_col_10_20,792
ME_R_col_07_16,792
ME_L_col_23_32,792
LO_R_col_14_11,791
ME_L_col_15_26,791
ME_L_col_10_17,790
ME_L_col_10_16,790
ME_R_col_24_36,790
ME_L_col_07_23,790
ME_L_col_06_14,790
ME_L_col_33_30,790
LO_R_col_18_15,790
ME_R_col_08_19,790
ME_R_col_11_04,790
LO_R_col_19_16,790
ME_L_col_07_15,789
ME_L_col_29_16,789
ME_L_col_28_35,789
ME_L_col_06_08,789
LO_R_col_16_07,789
ME_L_col_24_30,789
ME_L_col_18_27,788
LO_R_col_16_12,788
ME_R_col_32_36,788
ME_R_col_28_37,788
ME_L_col_10_19,788
ME_L_col_09_05,788
ME_L_col_07_09,788
LO_R_col_15_16,788
LO_R_col_13_11,787
ME_L_col_34_28,787
LO_R_col_24_26,787
ME_R_col_05_08,787
ME_L_col_28_33,786
LO_R_col_24_22,786
LO_R_col_14_09,786
LO_R_col_22_18,786
ME_L_col_21_29,786
ME_L_col_23_30,785
LO_R_col_24_16,785
LO_R_col_22_20,785
ME_L_col_22_31,785
ME_R_col_06_16,785
ADMN(L),785
LO_R_col_16_11,785
ME_L_col_29_36,785
ME_L_col_34_31,785
ME_R_col_08_20,785
ME_R_col_05_10,785
ME_L_col_06_06,784
LO_R_col_23_18,784
LO_R_col_19_11,784
LO_R_col_20_21,784
ME_L_col_14_31,784
LO_L_col_22_18,783
ME_R_col_34_31,783
ME_L_col_13_20,783
LO_R_col_23_16,783
LO_R_col_13_12,783
LO_R_col_20_18,783
ME_L_col_15_04,782
LO_R_col_18_11,782
ME_R_col_34_29,782
ME_L_col_26_34,782
LO_L_col_24_17,782
ME_L_col_09_15,782
LO_L_col_19_18,782
ME_R_col_06_17,782
ME_R_col_10_04,782
LO_R_col_20_15,782
ME_L_col_07_11,782
LO_R_col_20_14,781
LO_L_col_28_25,781
ME_R_col_05_13,781
ME_L_col_08_06,781
ME_L_col_11_04,781
LO_R_col_21_20,781
LO_R_col_17_16,781
LO_R_col_21_12,780
ME_L_col_14_03,780
ME_L_col_14_23,780
LO_R_col_21_11,780
LO_R_col_28_20,779
ME_L_col_14_24,779
LO_R_col_25_22,779
ME_L_col_06_09,779
ME_L_col_27_37,779
ME_R_col_06_15,779
LO_R_col_28_24,779
ME_L_col_33_24,779
LO_L_col_17_11,778
ME_R_col_07_20,778
ME_L_col_05_14,778
ME_L_col_07_05,778
ME_L_col_13_30,777
LO_R_col_27_19,777
ME_R_col_21_35,777
LO_R_col_15_09,777
LO_R_col_19_12,777
ME_R_col_26_37,777
ME_R_col_06_06,776
ME_R_col_31_19,776
ME_L_col_27_33,776
ME_L_col_32_26,776
ME_R_col_33_34,775
LO_R_col_22_12,775
ME_R_col_30_37,775
LO_R_col_24_14,775
LO_R_col_19_13,775
LO_L_col_18_15,774
LO_R_col_25_23,774
LO_R_col_12_08,774
LO_L_col_23_21,774
ME_L_col_31_19,774
LO_L_col_25_16,774
ME_L_col_27_36,774
LO_R_col_14_12,773
LO_R_col_15_14,773
LO_R_col_16_20,773
ME_L_col_17_29,773
ME_R_col_34_33,773
LO_L_col_22_21,773
LO_R_col_29_22,773
ME_L_col_08_15,773
ME_R_col_07_05,773
ME_L_col_11_22,773
LO_R_col_21_18,773
ME_L_col_18_30,772
ME_R_col_11_03,772
LO_R_col_18_12,772
LO_R_col_25_14,772
ME_L_col_08_16,772
LO_R_col_13_13,772
LO_R_col_14_14,772
ME_L_col_06_11,772
LO_L_col_21_16,772
LO_L_col_23_18,771
LO_R_col_23_14,771
LO_R_col_19_20,771
ME_R_col_08_04,771
ME_L_col_07_07,771
LO_L_col_22_19,771
LO_R_col_18_24,771
LO_L_col_18_16,770
LO_L_col_20_20,770
ME_L_col_08_05,770
LO_R_col_23_12,770
ME_L_col_18_05,770
LO_R_col_12_10,770
ME_L_col_10_18,770
LO_R_col_18_08,770
ME_R_col_12_03,769
LO_R_col_16_15,769
DMetaN(R),769
LO_R_col_12_09,769
MetaLN(R),769
ME_L_col_06_16,768
ME_R_col_23_09,768
LO_R_col_21_15,768
LO_R_col_17_09,768
ME_R_col_07_15,768
ME_L_col_09_13,768
LO_R_col_13_18,768
LO_R_col_17_08,767
LO_R_col_25_16,767
ME_L_col_07_06,767
LO_R_col_22_22,767
ME_L_col_20_06,767
ME_R_col_07_21,766
LO_R_col_22_16,766
LO_R_col_29_28,766
LO_R_col_19_10,766
ME_R_col_04_09,766
LO_R_col_16_17,766
ME_R_col_05_09,766
ME_L_col_07_13,766
LO_R_col_24_23,765
LO_L_col_18_12,765
ME_L_col_18_31,765
LO_L_col_19_12,764
LO_R_col_22_25,764
LO_L_col_23_19,764
ME_R_col_31_37,764
LO_L_col_18_20,764
LO_R_col_23_25,764
LO_L_col_15_10,764
ME_L_col_12_18,764
LO_R_col_12_07,764
LO_R_col_09_10,764
ME_R_col_10_28,764
ME_L_col_23_33,764
LO_R_col_18_18,764
LO_R_col_25_17,763
ME_L_col_05_07,763
LO_R_col_19_21,763
ME_L_col_28_36,763
LO_R_col_17_17,763
LO_R_col_27_22,763
LO_R_col_21_22,763
ME_L_col_31_20,763
LO_L_col_20_17,762
ME_L_col_06_17,762
ME_L_col_09_20,762
LO_R_col_19_24,762
LO_R_col_16_08,762
LO_R_col_13_08,762
LO_R_col_22_23,762
ME_L_col_34_29,761
ME_L_col_07_08,761
LO_L_col_17_12,761
LO_R_col_23_20,760
LO_R_col_26_19,760
ME_L_col_05_12,760
ME_L_col_06_12,760
LO_R_col_13_10,760
ME_R_col_04_08,760
ME_R_col_22_08,760
LO_R_col_17_11,760
ME_L_col_08_07,760
LO_L_col_16_12,759
LO_L_col_18_19,759
ME_R_col_07_22,759
ME_L_col_32_21,759
LO_L_col_20_15,759
ME_L_col_06_15,759
ME_L_col_11_16,759
ME_L_col_17_04,759
LO_R_col_20_09,759
ME_L_col_15_32,759
LO_R_col_18_23,759
ME_R_col_08_25,758
LO_R_col_25_20,758
ME_L_col_07_04,758
LO_R_col_26_26,758
LO_L_col_22_26,758
LO_R_col_16_09,758
LO_R_col_21_24,758
LO_R_col_25_19,757
ME_R_col_05_14,757
LO_L_col_20_21,757
ME_L_col_22_08,757
LO_L_col_17_14,757
LO_R_col_27_24,756
LO_R_col_27_23,756
LO_R_col_28_19,756
ME_R_col_14_03,756
ME_L_col_09_14,756
LO_L_col_21_19,756
ME_R_col_25_37,755
LO_L_col_18_11,755
ME_R_col_23_36,755
ME_L_col_17_30,755
LO_R_col_15_11,755
LO_R_col_18_22,755
ME_R_col_05_07,755
ME_R_col_34_25,755
ME_R_col_26_12,754
ME_L_col_31_36,754
LO_L_col_16_10,754
LO_R_col_28_21,754
LO_R_col_21_13,753
LO_R_col_24_27,753
LO_R_col_22_10,753
LO_R_col_15_06,753
LO_R_col_17_14,753
LO_L_col_15_18,753
LO_R_col_15_13,752
ME_L_col_09_04,752
LO_L_col_25_22,752
ME_L_col_34_30,752
ME_L_col_08_03,751
LO_R_col_21_26,751
ME_L_col_07_16,751
LO_L_col_24_24,751
LO_R_col_10_11,751
LO_R_col_14_08,751
ME_R_col_06_19,751
LO_L_col_19_14,751
ME_R_col_30_17,751
LO_R_col_18_21,751
ME_L_col_34_32,750
LO_R_col_11_12,750
LO_R_col_27_26,750
ME_L_col_07_17,749
LO_R_col_23_15,749
LO_L_col_16_15,749
LO_R_col_15_18,749
LO_R_col_18_20,749
LO_R_col_26_16,749
LO_L_col_13_10,749
LO_R_col_25_24,749
ME_R_col_33_36,749
ME_L_col_07_14,749
LO_R_col_24_13,748
LO_L_col_16_11,748
LO_R_col_25_26,748
ME_R_col_27_13,748
LO_R_col_21_14,747
LO_L_col_17_17,747
ME_L_col_26_12,747
LO_R_col_14_10,747
LO_L_col_14_07,747
ME_L_col_15_03,746
LO_L_col_22_22,746
LO_R_col_22_15,746
DMetaN(L),746
ME_L_col_06_10,746
ME_L_col_24_32,745
LO_R_col_16_19,745
LO_R_col_17_20,745
LO_L_col_19_15,745
LO_R_col_25_25,745
LO_R_col_10_10,745
LO_R_col_11_13,744
ME_L_col_05_08,744
LO_R_col_22_11,744
LO_L_col_29_25,744
LO_L_col_27_22,744
LO_R_col_22_14,744
LO_R_col_23_27,744
LO_L_col_23_24,744
ME_L_col_08_20,744
ME_R_col_12_30,744
LO_L_col_21_21,743
LO_L_col_21_15,743
LO_R_col_19_15,743
LO_R_col_18_09,743
LO_R_col_12_12,743
LO_R_col_13_14,743
ME_R_col_07_23,743
LO_L_col_20_16,743
ME_R_col_06_20,742
ME_L_col_05_11,742
ME_L_col_09_03,742
LO_L_col_14_10,742
ME_R_col_06_18,742
LO_L_col_19_13,742
LO_R_col_26_20,742
LO_R_col_15_10,741
ME_R_col_34_26,741
LO_R_col_21_25,741
LO_L_col_24_13,741
LO_R_col_14_19,741
LO_R_col_15_17,740
LO_L_col_18_13,740
LO_R_col_15_08,740
LO_L_col_24_23,740
ME_L_col_05_09,739
ME_R_col_05_06,739
ME_L_col_33_34,739
ME_R_col_07_04,739
LO_L_col_25_24,739
LO_L_col_25_18,739
LO_R_col_23_23,739
LO_R_col_20_10,738
LO_R_col_19_27,738
LO_L_col_18_10,738
LO_L_col_24_25,738
ME_R_col_04_10,738
ME_L_col_05_15,738
LO_R_col_26_23,738
ADMN(R),738
ME_R_col_05_16,737
LO_R_col_24_25,737
LO_L_col_13_13,737
LO_R_col_28_25,737
LO_R_col_17_19,737
LO_R_col_22_27,737
LO_L_col_28_22,737
LO_L_col_14_08,737
ME_L_col_23_09,737
LO_R_col_15_20,737
LO_R_col_11_11,736
LO_R_col_19_25,736
LO_L_col_22_20,736
LO_R_col_24_24,736
LO_L_col_23_20,736
LO_L_col_25_25,736
LO_L_col_25_23,736
LO_R_col_25_27,736
LO_L_col_24_19,735
LO_L_col_13_26,735
LO_R_col_12_19,735
ME_L_col_31_18,735
LO_R_col_20_11,734
LO_L_col_17_10,734
LO_R_col_16_18,734
LO_L_col_21_17,734
LO_L_col_15_15,733
LO_L_col_21_20,733
LO_R_col_13_16,733
LO_L_col_14_12,733
ME_L_col_05_16,733
LO_R_col_17_15,732
ME_L_col_08_04,732
ME_R_col_32_37,732
LO_R_col_10_12,732
LO_R_col_27_18,732
LO_L_col_27_18,732
LO_L_col_19_11,731
ME_R_col_10_03,731
LO_R_col_16_06,731
LO_R_col_26_17,730
LO_L_col_17_09,730
LO_R_col_12_11,730
LO_L_col_15_09,730
LO_L_col_27_27,730
LO_R_col_26_28,730
ME_R_col_04_13,729
LO_R_col_15_07,729
ME_R_col_32_20,729
ME_R_col_22_36,729
LO_R_col_15_19,729
LO_R_col_10_13,729
LO_L_col_26_23,728
LO_L_col_18_08,728
LO_L_col_28_26,728
LO_R_col_13_07,728
LO_R_col_11_08,728
LO_R_col_15_22,728
LO_R_col_19_09,727
LO_R_col_26_18,727
ME_R_col_04_11,727
LO_L_col_24_21,727
ME_R_col_35_31,727
ME_R_col_35_28,726
LO_R_col_26_15,726
ME_L_col_29_37,726
LO_R_col_12_14,726
LO_R_col_12_18,726
LO_R_col_12_16,726
LO_R_col_19_19,726
ME_R_col_06_05,726
LO_L_col_18_21,726
ME_L_col_13_03,725
LO_L_col_21_18,725
ME_R_col_05_05,725
ME_R_col_04_07,724
ME_L_col_34_26,724
LO_L_col_17_18,723
LO_R_col_14_16,723
LO_L_col_21_11,723
LO_R_col_20_27,723
LO_R_col_23_26,723
LO_R_col_13_17,723
LO_R_col_20_23,722
LO_L_col_23_23,722
ME_R_col_13_03,722
LO_R_col_14_13,721
LO_L_col_24_20,721
LO_L_col_23_25,721
LO_L_col_19_20,721
ME_L_col_11_03,721
LO_R_col_14_17,720
ME_R_col_34_35,720
LO_R_col_21_28,720
ME_R_col_08_03,720
LO_R_col_25_18,720
ME_R_col_20_06,720
LO_R_col_15_21,720
LO_R_col_25_28,720
LO_R_col_27_30,720
LO_R_col_18_10,719
LO_R_col_14_05,719
LO_L_col_26_16,719
ME_R_col_21_07,719
LO_L_col_24_16,719
ME_L_col_26_37,719
LO_R_col_12_23,718
ME_L_col_04_10,718
LO_L_col_14_26,718
LO_L_col_23_17,718
LO_L_col_12_17,718
LO_R_col_28_22,717
LO_R_col_26_27,717
LO_L_col_26_20,717
LO_L_col_15_11,717
ME_R_col_35_32,717
LO_R_col_30_23,717
ME_L_col_06_13,716
ME_R_col_35_29,716
LO_L_col_27_19,716
ME_L_col_28_37,716
LO_R_col_16_16,716
LO_L_col_11_12,716
LO_L_col_22_14,715
LO_R_col_18_25,715
LO_R_col_13_05,715
LO_L_col_19_22,715
LO_R_col_28_23,715
LO_L_col_25_17,715
LO_L_col_20_18,715
LO_R_col_18_19,714
ME_R_col_29_38,714
LO_L_col_17_07,714
LO_L_col_24_22,714
LO_R_col_16_10,714
LO_L_col_26_24,714
LO_L_col_13_15,714
LO_L_col_14_09,714
ME_L_col_10_03,714
ME_L_col_04_11,714
LO_L_col_18_18,714
LO_L_col_19_10,714
ME_R_col_35_30,714
LO_L_col_18_17,713
LO_R_col_27_27,713
ME_L_col_12_03,713
LO_L_col_16_16,713
LO_L_col_23_14,713
ME_R_col_35_33,713
ME_R_col_06_04,713
LO_R_col_13_20,713
LO_R_col_11_07,713
ME_R_col_31_18,712
LO_R_col_17_22,712
LO_L_col_24_18,712
LO_L_col_15_19,712
ME_L_col_32_35,712
ME_L_col_35_30,712
LO_R_col_16_21,712
AME(R),712
LO_L_col_22_23,711
LO_R_col_11_09,711
LO_R_col_11_14,711
LO_L_col_25_15,711
LO_L_col_18_09,711
LO_R_col_08_04,711
ME_L_col_05_10,710
LO_L_col_18_23,710
LO_L_col_20_22,710
LO_L_col_22_17,710
LO_R_col_17_10,710
ME_R_col_09_27,710
LO_R_col_17_07,709
LO_L_col_17_15,709
LO_R_col_29_24,709
LO_L_col_16_14,709
LO_L_col_19_19,709
LO_L_col_29_21,709
LO_L_col_21_23,708
ME_L_col_05_13,708
LO_L_col_12_18,708
LO_L_col_19_17,708
ME_L_col_27_13,708
ME_R_col_04_06,708
EB,707
LO_L_col_21_14,707
ME_R_col_04_14,707
LO_R_col_30_28,707
LO_L_col_22_27,707
LO_R_col_14_06,707
LO_R_col_28_29,707
ME_L_col_07_03,707
LO_L_col_12_15,707
LO_R_col_27_21,707
LO_L_col_14_11,706
LO_R_col_11_10,706
ME_R_col_18_05,706
LO_R_col_14_20,706
LO_L_col_16_17,706
ME_R_col_09_03,706
LO_R_col_13_04,706
LO_R_col_12_15,706
LO_L_col_26_22,706
LO_R_col_09_11,706
ME_R_col_33_22,706
LO_L_col_12_16,706
ME_R_col_18_34,705
LO_R_col_08_08,705
LO_L_col_16_21,705
LO_L_col_13_14,705
ME_R_col_04_12,705
LO_L_col_16_09,705
LO_R_col_26_22,704
LO_R_col_14_18,704
LO_R_col_24_21,704
LO_L_col_17_13,704
LO_R_col_19_26,704
LO_R_col_17_21,703
ME_R_col_05_17,703
LO_R_col_16_22,703
LO_R_col_12_06,703
LO_L_col_17_19,703
ME_L_col_16_04,703
LO_R_col_30_21,703
LO_R_col_11_17,703
LO_L_col_14_16,703
LO_R_col_24_20,703
LO_L_col_26_15,703
LO_R_col_11_18,703
LO_R_col_20_25,702
LO_L_col_09_10,702
LO_L_col_15_16,702
LO_L_col_13_05,702
ME_L_col_06_05,702
LO_R_col_14_15,702
LO_R_col_23_21,702
LO_L_col_26_18,701
LO_L_col_23_15,701
LO_L_col_22_16,701
LO_R_col_22_26,701
ME_L_col_12_30,701
LO_R_col_31_27,701
LO_R_col_15_15,701
LO_L_col_14_20,701
LO_R_col_13_19,701
LO_L_col_17_22,700
ME_R_col_05_15,700
ME_L_col_34_34,700
ME_R_col_19_05,700
LO_R_col_13_06,700
LO_L_col_29_24,700
LO_R_col_29_25,700
LO_L_col_20_11,700
LO_R_col_26_29,700
LO_L_col_21_22,700
LO_R_col_10_16,699
LO_L_col_12_13,699
LO_R_col_09_08,699
LO_L_col_22_13,699
LO_L_col_13_16,699
LO_L_col_16_18,699
LO_L_col_17_08,699
ME_L_col_32_36,698
LO_L_col_15_12,698
LO_L_col_14_18,698
ME_R_col_20_35,698
LO_L_col_11_19,698
LO_L_col_12_12,698
LO_R_col_27_28,698
LO_L_col_13_09,698
LO_L_col_15_20,697
LO_L_col_15_06,697
ME_R_col_16_33,697
LO_L_col_11_13,697
ME_L_col_35_29,696
LO_R_col_28_28,696
LO_R_col_16_23,696
LO_R_col_14_21,696
LO_R_col_20_26,696
LO_L_col_20_10,696
LO_R_col_09_07,695
ME_L_col_04_09,695
ME_R_col_03_08,695
LO_R_col_18_29,695
LO_L_col_26_30,695
LO_L_col_15_13,695
LO_L_col_19_08,694
LO_R_col_09_14,694
LO_R_col_28_27,694
LO_L_col_13_12,694
LO_L_col_27_26,694
LO_L_col_14_17,694
ME_L_col_21_07,694
LO_L_col_25_28,694
LO_L_col_21_10,694
ME_L_col_19_05,694
ME_L_col_04_12,693
ME_R_col_05_04,693
LO_L_col_21_12,693
LO_L_col_17_23,693
LO_L_col_21_26,693
ME_R_col_14_32,693
LO_R_col_07_09,693
ME_L_col_23_36,693
LO_R_col_20_24,692
LO_L_col_20_26,692
ME_L_col_05_06,692
ME_L_col_06_04,692
LO_L_col_09_21,692
LO_R_col_17_24,692
ME_L_col_33_35,692
LO_L_col_15_14,691
LO_R_col_11_16,691
LO_L_col_21_24,691
LO_L_col_11_11,691
LO_L_col_27_17,691
LO_L_col_12_10,691
LO_L_col_18_07,691
LO_R_col_29_27,691
ME_R_col_17_04,690
ME_R_col_30_38,690
LO_R_col_29_21,690
LO_L_col_24_29,690
LO_L_col_25_19,690
LO_L_col_25_21,690
LO_L_col_25_29,690
LO_L_col_17_16,690
LO_R_col_21_23,690
LO_R_col_28_26,690
LO_L_col_28_21,690
ME_R_col_28_38,690
ME_L_col_30_17,690
LO_L_col_20_12,690
LO_L_col_21_09,689
LO_L_col_23_13,689
LO_L_col_14_13,689
LO_R_col_17_06,689
LO_L_col_22_11,689
LO_R_col_27_17,689
LO_R_col_26_30,689
LO_L_col_13_20,689
ME_L_col_04_07,689
ME_L_col_30_37,689
LO_L_col_17_20,689
LO_R_col_18_27,688
LO_R_col_29_23,688
LO_L_col_22_12,688
ME_R_col_07_03,688
LO_L_col_24_28,688
LO_R_col_07_07,688
LO_L_col_28_28,688
LO_R_col_18_26,687
LO_R_col_30_24,686
LO_L_col_11_17,686
LO_R_col_10_06,686
LO_L_col_13_11,685
LO_R_col_31_26,685
LO_L_col_28_27,685
LO_R_col_12_17,685
LO_R_col_23_11,685
LO_L_col_16_13,685
LO_L_col_16_20,685
LO_L_col_26_25,684
LO_L_col_11_09,684
LO_R_col_24_28,684
LO_L_col_20_23,684
LO_R_col_19_29,684
LO_L_col_12_11,684
LO_R_col_23_29,684
LO_L_col_22_15,683
LO_L_col_19_21,683
LO_R_col_29_20,683
LO_R_col_11_05,683
LO_L_col_12_19,683
LO_R_col_21_27,683
LO_R_col_09_05,683
LO_R_col_11_06,683
LO_R_col_09_15,683
LO_R_col_27_16,683
LO_R_col_08_11,682
LO_R_col_23_28,682
LO_L_col_14_05,682
LO_R_col_21_10,682
LO_L_col_20_13,682
LO_L_col_14_19,682
LO_L_col_11_16,682
ME_L_col_32_34,682
LO_L_col_22_25,682
LO_L_col_18_22,682
LO_L_col_16_06,681
LO_L_col_30_24,681
ME_L_col_04_06,681
LO_L_col_25_20,681
LO_L_col_28_20,680
LO_R_col_21_29,680
LO_L_col_31_23,680
LO_L_col_19_09,679
LO_L_col_10_11,679
LO_R_col_10_07,679
LO_R_col_14_07,679
LO_R_col_29_18,679
LO_L_col_26_27,679
LO_R_col_17_25,679
LO_R_col_13_21,679
LO_R_col_22_29,679
LO_L_col_26_19,679
LO_L_col_13_21,679
ME_R_col_28_14,679
ME_R_col_13_31,678
LO_R_col_17_27,678
ME_L_col_04_14,678
LO_L_col_23_26,678
LO_L_col_16_19,678
LO_L_col_27_23,678
LO_R_col_28_18,678
LO_R_col_09_16,677
LO_R_col_21_30,677
LO_L_col_26_17,677
LO_L_col_27_29,677
LO_L_col_27_14,677
LO_R_col_06_10,677
LO_R_col_09_09,677
ME_R_col_34_36,676
LO_R_col_18_30,676
LO_R_col_12_05,676
LO_L_col_14_15,676
ME_R_col_03_07,676
ME_R_col_03_09,676
LO_R_col_15_30,676
LO_L_col_19_16,676
LO_L_col_25_26,675
LO_R_col_25_30,675
LO_L_col_13_18,675
ME_R_col_27_38,675
LO_L_col_20_09,675
ME_L_col_33_23,674
LO_R_col_18_28,674
LO_R_col_27_29,674
ME_L_col_05_17,674
LO_L_col_13_25,674
ME_R_col_24_37,674
LO_L_col_24_15,674
LO_R_col_20_31,673
ME_L_col_13_31,673
LO_R_col_20_29,673
ME_L_col_25_10,673
LO_L_col_20_25,673
LO_L_col_14_06,673
LO_L_col_13_19,673
LO_R_col_09_19,673
LO_L_col_14_14,673
LO_R_col_09_12,673
LO_L_col_30_25,673
LO_R_col_09_06,673
LO_R_col_29_29,673
LO_L_col_14_22,673
LO_R_col_13_22,673
LO_L_col_24_14,673
LO_R_col_17_28,673
ME_R_col_35_34,672
LO_R_col_26_14,672
LO_R_col_22_30,672
ME_R_col_06_03,671
LO_R_col_09_13,671
LO_R_col_06_07,671
LO_R_col_10_09,670
LO_R_col_14_25,670
LO_L_col_15_08,670
LO_R_col_17_26,670
LO_R_col_25_29,670
LO_R_col_24_12,670
LO_L_col_15_07,669
LO_R_col_08_13,669
LO_L_col_15_24,669
LO_R_col_16_25,669
LO_R_col_29_31,669
LO_R_col_10_23,669
LO_R_col_29_26,669
ME_L_col_11_02,669
LO_R_col_12_22,669
ME_L_col_16_03,669
LO_L_col_17_21,669
LO_R_col_12_20,668
ME_L_col_05_05,668
LO_R_col_07_05,668
LO_L_col_13_17,668
LO_L_col_26_21,668
LO_L_col_24_26,668
LO_L_col_29_30,668
ME_L_col_35_32,668
LO_R_col_10_05,668
LO_L_col_12_09,668
LO_R_col_19_28,668
ME_L_col_04_08,667
LO_R_col_31_28,667
LO_L_col_12_07,667
LO_R_col_16_26,667
LO_R_col_24_30,667
LO_R_col_17_23,667
LO_R_col_22_28,667
LO_R_col_13_23,667
LO_R_col_13_24,667
LO_R_col_18_06,666
LO_L_col_26_14,666
ME_L_col_14_02,666
ME_R_col_29_15,666
ME_L_col_04_13,666
LO_L_col_27_25,666
LO_L_col_23_28,666
LO_R_col_08_09,666
LO_L_col_16_08,666
LO_R_col_29_19,666
LO_R_col_10_22,666
LO_L_col_11_18,666
LO_R_col_19_30,666
LO_R_col_30_31,665
LO_L_col_12_14,665
ME_R_col_11_02,665
LO_R_col_08_12,664
LO_L_col_20_24,664
LO_R_col_30_27,664
LO_L_col_26_29,664
LO_R_col_07_08,664
LO_L_col_27_30,664
LO_L_col_19_23,664
LO_L_col_16_07,664
LO_L_col_12_08,663
LO_L_col_30_23,663
LO_L_col_28_19,663
ME_L_col_06_20,663
ME_R_col_15_03,663
LO_L_col_20_28,663
LO_L_col_15_17,663
LO_L_col_11_08,663
LO_R_col_11_15,662
LO_L_col_10_06,662
ME_L_col_13_02,662
LO_L_col_29_26,662
ME_R_col_34_24,662
LO_L_col_21_25,662
LO_R_col_07_13,662
LO_L_col_13_23,662
LO_R_col_18_07,661
LO_L_col_11_25,661
ME_R_col_10_02,661
LO_R_col_10_15,661
LO_L_col_22_28,660
LO_L_col_12_06,660
LO_L_col_10_09,660
LO_R_col_08_07,660
ME_R_col_03_10,660
LO_R_col_28_30,660
LO_R_col_11_22,660
LO_L_col_20_27,660
LO_L_col_14_23,659
LO_R_col_11_19,659
ME_L_col_03_08,659
LO_R_col_09_04,659
LO_L_col_29_31,659
LO_L_col_10_13,659
LO_L_col_15_22,659
LO_L_col_12_22,659
LO_R_col_08_06,659
ME_L_col_25_37,659
LO_L_col_15_21,659
LO_R_col_26_32,658
LO_R_col_15_25,658
LO_L_col_11_14,658
LO_R_col_10_14,658
LO_R_col_11_25,658
LO_L_col_11_06,658
ME_R_col_03_12,658
LO_L_col_30_26,657
LO_L_col_11_20,657
LO_L_col_26_26,657
LO_R_col_31_29,657
LO_L_col_23_29,657
LO_L_col_16_26,657
LO_L_col_13_08,657
LO_R_col_07_06,657
LO_R_col_14_26,656
LO_L_col_25_30,656
ME_L_col_35_31,656
LO_L_col_14_25,656
LO_L_col_27_16,656
LO_R_col_30_29,655
LO_L_col_29_22,655
LO_R_col_10_18,655
LO_R_col_13_27,655
LO_L_col_23_27,655
LO_R_col_30_25,655
LO_R_col_30_26,654
LO_L_col_13_27,654
LO_R_col_23_30,654
LO_L_col_09_06,654
ME_L_col_05_04,653
LO_L_col_23_12,653
LO_L_col_15_27,653
LO_R_col_24_29,653
LO_R_col_07_12,653
LO_R_col_08_05,653
LO_R_col_14_23,653
LO_L_col_17_29,653
LO_R_col_10_17,652
LO_L_col_13_22,652
LO_L_col_10_17,652
LO_L_col_10_14,652
LO_R_col_08_16,652
LO_R_col_32_27,652
LO_R_col_31_25,652
LO_L_col_09_22,651
ME_L_col_03_09,651
LO_R_col_26_31,651
LO_R_col_14_30,651
ME_R_col_04_15,651
LO_L_col_16_28,651
ME_R_col_09_02,651
LO_L_col_11_07,651
LO_L_col_22_10,651
LO_R_col_19_31,651
LO_R_col_10_24,650
LO_L_col_16_29,650
LO_R_col_14_04,650
LO_R_col_22_09,650
LO_L_col_14_27,650
LO_R_col_14_22,650
LO_L_col_27_20,649
mVAC(T3)(R),649
LO_L_col_09_07,649
LO_R_col_11_04,649
LO_R_col_16_28,649
LO_L_col_10_18,648
LO_R_col_30_32,648
ME_L_col_18_04,648
LO_R_col_16_29,647
LO_L_col_13_06,647
LO_L_col_16_23,647
LO_R_col_12_04,647
LO_R_col_10_04,647
LO_R_col_24_31,647
LO_R_col_14_27,647
LO_L_col_20_19,646
ME_L_col_09_02,646
LO_R_col_19_08,646
LO_R_col_08_14,646
LO_L_col_16_22,646
LO_L_col_21_13,645
LO_R_col_10_03,645
LO_R_col_09_20,645
LO_R_col_12_26,645
LO_L_col_09_08,645
LO_L_col_08_07,645
LO_L_col_10_23,645
LO_R_col_16_05,645
LO_R_col_07_15,645
LO_R_col_18_31,644
LO_L_col_28_31,644
LO_L_col_12_05,644
ME_R_col_03_11,644
LO_L_col_08_09,644
LO_R_col_11_23,644
LO_R_col_09_17,644
LO_L_col_09_13,643
LO_R_col_31_22,643
LO_R_col_11_21,643
LO_L_col_20_14,643
LO_L_col_19_27,643
LO_L_col_30_22,643
LO_R_col_21_09,643
LO_R_col_12_24,643
LO_L_col_09_11,643
LO_R_col_11_24,643
LO_R_col_11_20,642
LO_L_col_31_24,642
LO_L_col_25_13,642
LO_L_col_11_10,642
LO_R_col_17_29,642
LO_L_col_19_25,642
ME_L_col_03_10,642
ME_L_col_28_14,642
LO_R_col_27_15,641
LO_R_col_28_31,641
LO_R_col_09_23,641
LO_R_col_07_10,641
LO_L_col_28_17,641
LO_L_col_18_30,641
LO_L_col_22_29,641
LO_L_col_18_24,640
LO_R_col_15_23,640
LO_L_col_27_28,640
LO_L_col_10_22,640
LO_L_col_10_20,640
LO_R_col_25_32,639
LO_L_col_24_12,639
LO_R_col_15_26,639
LO_L_col_08_08,639
LO_L_col_10_07,639
LO_L_col_10_12,638
LO_R_col_31_31,638
LO_L_col_21_27,638
LO_L_col_21_30,638
LO_R_col_27_31,638
LO_R_col_12_25,637
LO_L_col_19_26,637
LO_R_col_21_32,637
LO_L_col_09_14,637
LO_R_col_13_25,637
LO_R_col_06_05,637
LO_L_col_10_21,637
LO_L_col_14_21,637
LO_L_col_18_27,636
ME_R_col_04_05,636
LO_R_col_20_30,636
LO_R_col_06_06,635
LO_L_col_22_24,635
LO_L_col_16_25,635
LO_L_col_29_20,634
LO_R_col_25_13,634
LO_R_col_25_31,634
LO_R_col_09_22,634
ME_R_col_32_19,634
ME_L_col_08_02,634
LO_R_col_07_11,634
LO_L_col_12_26,634
LO_L_col_10_19,634
LO_R_col_09_03,634
LO_R_col_17_30,633
LO_R_col_15_05,633
LO_L_col_26_28,633
LO_R_col_07_14,633
LO_R_col_29_30,633
LO_L_col_28_18,633
LO_R_col_10_19,633
LO_L_col_11_24,633
LO_R_col_06_11,633
LO_R_col_06_13,633
ME_R_col_30_16,632
LO_L_col_15_26,632
LO_L_col_23_30,632
LO_L_col_19_31,632
LO_R_col_16_24,632
LO_L_col_28_23,631
ME_R_col_35_27,631
LO_R_col_10_08,631
LO_L_col_22_30,631
ME_L_col_06_21,631
LO_L_col_10_10,630
LO_L_col_27_24,630
LO_R_col_16_27,630
LO_R_col_32_28,630
ME_L_col_34_35,630
LO_L_col_21_28,630
LO_L_col_12_23,630
LO_R_col_28_32,630
LO_R_col_13_26,630
LO_R_col_15_24,630
LO_L_col_30_31,630
LO_R_col_31_24,630
LO_L_col_10_05,629
LO_R_col_08_10,629
LO_L_col_20_30,629
LO_L_col_11_15,629
LO_L_col_29_28,629
LO_L_col_12_20,629
LO_L_col_25_27,628
ME_R_col_03_13,628
LO_L_col_14_02,627
LO_L_col_18_25,627
LO_L_col_13_02,627
LO_R_col_10_21,627
LO_L_col_10_16,626
LO_L_col_10_15,626
LO_L_col_27_21,626
LO_R_col_20_28,626
LO_L_col_12_21,626
LO_L_col_10_08,626
LO_L_col_29_27,626
ME_R_col_33_37,625
LO_L_col_08_10,625
LO_L_col_20_08,625
LO_L_col_12_04,625
LO_L_col_18_06,625
LO_L_col_22_09,625
LO_R_col_10_20,625
LO_L_col_23_11,625
LO_L_col_28_24,624
LO_L_col_16_27,624
LO_L_col_09_09,624
LO_L_col_31_27,624
LO_L_col_12_24,624
LO_L_col_25_31,624
ME_R_col_05_18,624
ME_R_col_05_20,624
LO_R_col_12_27,623
LO_R_col_27_32,623
LO_R_col_14_24,623
LO_L_col_11_23,623
LO_L_col_27_15,623
NO,623
LO_R_col_09_21,623
LO_R_col_11_26,623
LO_L_col_16_05,622
LO_R_col_10_25,622
ME_L_col_35_28,622
LO_R_col_06_15,622
LO_L_col_17_24,622
LO_L_col_19_07,622
LO_R_col_09_18,621
LO_L_col_26_31,621
ME_L_col_03_11,621
LO_L_col_17_28,621
ME_R_col_34_23,621
LO_R_col_27_33,621
LO_R_col_14_29,621
LO_R_col_18_05,620
LO_R_col_06_09,620
LO_L_col_12_27,620
LO_L_col_19_24,620
ME_L_col_12_02,620
LO_R_col_29_32,620
ME_R_col_33_21,620
LO_L_col_11_05,619
ME_R_col_10_29,619
LO_R_col_31_32,619
ME_L_col_24_09,619
LO_R_col_22_33,619
ME_R_col_31_38,619
LO_R_col_32_26,619
LO_L_col_07_18,619
ME_L_col_20_35,618
LO_L_col_17_06,618
LO_R_col_08_17,618
LO_R_col_23_33,618
ME_R_col_08_02,618
LO_L_col_11_22,618
LO_R_col_31_21,617
LO_R_col_32_30,617
LO_R_col_11_03,617
LO_L_col_12_25,617
LO_L_col_25_14,616
LO_L_col_30_20,616
LO_L_col_17_26,616
LO_R_col_22_32,616
LO_L_col_09_16,616
LO_L_col_19_28,615
LO_L_col_08_06,615
LO_R_col_31_23,615
LO_R_col_08_21,614
ME_L_col_10_02,614
ME_R_col_03_06,614
LO_R_col_10_26,614
LO_R_col_32_29,614
ME_L_col_31_37,614
LO_R_col_15_27,614
LO_R_col_23_31,614
LO_L_col_25_11,614
LO_L_col_31_28,614
ME_R_col_12_02,614
LO_R_col_14_28,614
LO_R_col_05_08,613
LO_L_col_24_11,613
LO_L_col_09_23,613
LO_L_col_13_28,613
LO_L_col_24_31,613
LO_L_col_18_04,613
ME_R_col_05_19,613
LO_R_col_19_07,613
LO_R_col_08_20,612
LO_L_col_17_27,612
LO_R_col_08_15,612
LO_R_col_24_32,612
LO_L_col_19_32,611
LO_L_col_29_23,611
LO_R_col_28_17,611
LO_L_col_18_31,611
LO_L_col_23_16,611
LO_L_col_21_08,610
ME_L_col_35_33,610
LO_R_col_23_10,610
LO_L_col_15_05,610
LO_R_col_24_11,610
LO_L_col_18_28,610
ME_R_col_26_38,609
LO_L_col_07_07,609
LO_L_col_20_07,609
LO_L_col_22_08,609
LO_R_col_27_14,608
LO_R_col_30_30,608
LO_R_col_17_31,608
ME_L_col_32_20,608
LO_L_col_14_04,608
ME_R_col_04_16,607
LO_L_col_17_25,607
LO_R_col_13_28,607
LO_L_col_15_23,607
LO_R_col_32_31,606
LO_L_col_11_26,606
LO_L_col_21_29,606
LO_R_col_26_34,606
LO_L_col_30_21,605
LO_L_col_08_13,605
LO_R_col_31_30,605
LO_L_col_16_24,604
LO_R_col_26_33,604
LO_L_col_31_25,604
LO_L_col_14_28,604
ME_L_col_06_03,604
ME_L_col_14_32,603
LO_L_col_07_06,603
LO_R_col_13_03,603
ME_L_col_35_27,603
LO_R_col_12_21,603
LO_R_col_05_07,602
ME_L_col_16_33,602
LO_L_col_17_30,602
LO_R_col_09_24,601
LO_R_col_07_16,600
LO_L_col_07_09,600
LO_R_col_15_29,600
LO_R_col_30_22,600
LO_R_col_15_31,599
LO_L_col_07_08,599
LO_R_col_30_20,599
LO_L_col_09_05,598
LO_L_col_31_31,598
LO_R_col_28_33,598
LO_R_col_17_05,598
LO_L_col_13_04,597
LO_L_col_29_29,597
LO_R_col_07_17,597
LO_L_col_09_04,597
LO_L_col_19_29,597
ME_L_col_04_15,597
LO_L_col_27_32,597
LO_L_col_28_30,597
ME_R_col_31_17,597
LO_R_col_14_03,596
LO_R_col_05_09,596
LO_L_col_20_29,596
LO_R_col_08_18,596
LO_L_col_24_27,596
LO_L_col_09_12,596
LO_L_col_08_15,596
LO_R_col_28_34,596
LO_R_col_05_10,596
LO_L_col_27_13,595
ME_L_col_33_36,595
LO_L_col_16_30,595
LO_L_col_07_14,595
LO_R_col_08_22,595
LO_R_col_29_34,595
ME_R_col_07_24,595
LO_L_col_31_29,595
ME_L_col_29_15,594
ME_R_col_13_02,594
LO_R_col_05_06,594
LO_R_col_07_04,594
LO_R_col_21_31,594
LO_L_col_08_14,594
LO_L_col_23_10,594
LO_L_col_09_19,594
LO_L_col_18_26,594
LO_L_col_19_06,594
LO_R_col_06_14,593
LO_R_col_32_25,593
LO_L_col_08_12,593
ME_R_col_04_04,593
ME_R_col_35_35,593
LO_L_col_14_24,592
LO_L_col_13_24,592
LO_L_col_32_29,592
LO_R_col_21_08,592
LO_R_col_20_32,592
LO_L_col_29_19,592
LO_R_col_30_33,592
LO_L_col_28_29,591
LO_R_col_11_27,591
LO_L_col_31_30,591
LO_R_col_20_08,591
LO_R_col_06_08,590
LO_L_col_26_34,590
LO_L_col_18_29,590
LO_L_col_12_03,590
LO_R_col_11_28,590
LO_L_col_11_04,589
LO_R_col_08_19,589
LO_L_col_07_12,589
LO_L_col_25_35,589
LO_R_col_08_03,588
LO_L_col_13_29,588
ME_R_col_35_26,588
LO_R_col_25_34,587
LO_L_col_24_30,587
ME_L_col_18_34,587
LO_L_col_17_05,586
ME_R_col_27_12,586
LO_L_col_15_28,586
LO_R_col_24_33,586
LO_L_col_32_24,586
LO_L_col_11_21,586
ME_L_col_03_07,586
AbN4(R),586
LO_R_col_07_20,586
LO_R_col_12_28,586
LO_R_col_32_24,586
LO_L_col_31_26,585
LO_R_col_16_30,585
LO_R_col_33_29,585
ME_R_col_18_04,585
ME_R_col_07_02,585
LO_R_col_13_29,585
LO_R_col_06_04,585
LO_L_col_30_27,585
LO_R_col_15_28,584
LO_L_col_08_16,584
LO_L_col_06_10,584
LO_L_col_08_05,584
LO_L_col_25_12,584
LO_R_col_22_31,583
LO_L_col_07_19,583
LO_L_col_10_24,583
ME_R_col_16_03,583
LO_R_col_33_30,583
ME_L_col_33_22,583
LO_L_col_22_31,582
LO_L_col_06_07,582
LO_L_col_07_15,582
LO_L_col_09_17,582
LO_R_col_27_34,581
LO_L_col_30_32,581
LO_R_col_04_08,581
LO_L_col_15_25,580
LO_L_col_07_11,580
LO_R_col_05_04,579
LO_L_col_08_04,579
LO_R_col_32_23,579
LO_R_col_23_09,579
LO_L_col_28_32,579
ME_L_col_34_25,578
LO_L_col_08_21,578
LO_L_col_09_15,578
LO_L_col_08_17,578
LO_L_col_27_33,578
LO_L_col_17_32,578
LO_L_col_29_32,578
LO_R_col_06_12,577
LO_L_col_08_19,577
LO_L_col_28_33,577
LO_L_col_09_20,577
LO_L_col_21_34,576
ME_R_col_25_10,576
LO_L_col_14_29,576
LO_L_col_16_31,575
LO_L_col_19_30,575
LO_L_col_17_31,575
LO_L_col_13_03,575
ME_R_col_06_21,574
LO_R_col_11_02,574
LO_L_col_15_04,574
LO_L_col_23_31,574
LO_L_col_15_30,574
LO_L_col_32_28,573
LO_L_col_27_31,572
LO_L_col_21_31,572
LO_L_col_24_32,572
LO_L_col_07_10,572
LO_L_col_22_33,571
LO_L_col_09_03,571
LO_R_col_29_17,571
LO_R_col_31_33,571
LO_R_col_05_11,571
LO_L_col_25_34,571
LO_R_col_16_31,571
LO_R_col_25_12,570
LO_R_col_21_33,570
LO_R_col_25_33,570
LO_L_col_15_29,570
ME_L_col_03_12,570
LO_L_col_08_11,570
LO_L_col_32_30,570
LO_R_col_26_13,569
LO_L_col_26_35,569
LO_L_col_30_30,569
LO_L_col_13_07,569
ME_L_col_07_02,569
ME_L_col_04_05,569
LO_L_col_15_31,568
ME_R_col_23_08,568
LO_R_col_23_32,568
LO_R_col_07_03,568
LO_R_col_06_18,568
LO_R_col_33_28,568
LO_L_col_29_18,568
LO_L_col_06_09,568
LO_R_col_05_05,567
LO_L_col_05_07,567
LO_L_col_30_28,567
LO_R_col_19_32,567
LO_L_col_14_03,566
LO_L_col_06_08,566
LO_L_col_10_26,566
ME_R_col_02_08,566
LO_L_col_29_17,566
LO_L_col_33_30,566
LO_L_col_07_16,565
LO_R_col_30_18,565
ME_L_col_08_26,565
LO_L_col_29_33,565
LO_L_col_15_02,565
LO_R_col_09_25,565
LO_L_col_18_32,565
LO_R_col_29_33,565
LO_L_col_08_18,564
LO_L_col_20_31,563
LO_L_col_11_03,563
LO_L_col_32_25,563
LO_R_col_06_16,563
LO_R_col_27_35,563
LO_R_col_10_02,563
LO_L_col_10_03,563
LO_L_col_06_13,563
LO_R_col_27_13,562
LO_R_col_20_33,562
ME_R_col_26_11,562
LO_L_col_08_20,562
LO_L_col_22_35,562
LO_L_col_25_10,562
LO_R_col_33_31,561
LO_R_col_07_18,561
LO_L_col_07_05,561
ME_L_col_05_18,561
LO_R_col_05_15,560
LO_R_col_19_06,560
LO_L_col_23_33,560
LO_L_col_05_09,560
LO_R_col_30_34,560
LO_L_col_09_18,558
LO_R_col_12_03,558
LO_L_col_04_07,558
ME_R_col_05_03,557
LO_R_col_29_35,557
LO_L_col_07_17,557
LO_R_col_15_04,557
LO_R_col_28_16,557
LO_L_col_08_23,557
LO_L_col_20_32,557
ME_R_col_08_26,557
LO_L_col_32_26,556
LO_L_col_14_30,556
LO_L_col_11_27,555
LO_L_col_07_04,555
LO_R_col_28_35,555
LO_L_col_06_11,555
LO_L_col_30_29,555
LO_R_col_04_09,555
ME_R_col_24_09,554
LO_L_col_27_34,554
ME_R_col_14_02,554
LO_L_col_32_27,554
LO_R_col_07_21,554
LO_L_col_28_16,554
LO_L_col_22_32,554
LO_R_col_16_04,553
LO_L_col_06_18,553
LO_R_col_23_34,553
ME_R_col_02_09,553
LO_L_col_12_28,553
LO_R_col_26_35,552
LO_L_col_26_32,551
LO_R_col_19_33,551
LO_L_col_21_32,550
LO_R_col_25_11,550
LO_L_col_06_16,550
LO_L_col_17_03,550
LO_L_col_06_12,549
LO_R_col_18_32,549
ME_R_col_36_32,549
ME_L_col_05_03,548
LO_L_col_18_05,548
LO_L_col_06_17,548
LO_L_col_22_34,547
LO_R_col_08_23,546
LO_L_col_27_35,546
LO_R_col_25_35,546
LO_R_col_20_07,546
LO_L_col_07_13,546
LO_L_col_11_28,546
LO_L_col_16_32,546
LO_L_col_24_10,545
LO_L_col_06_06,545
LO_R_col_17_32,545
LO_L_col_05_08,545
mVAC(T3)(L),544
ME_L_col_03_06,544
LO_L_col_25_32,544
LO_R_col_09_02,543
ME_L_col_32_37,543
LO_L_col_05_06,543
LO_L_col_29_34,543
LO_R_col_06_19,543
LO_L_col_08_22,542
LO_L_col_24_34,542
LO_L_col_05_05,542
LO_L_col_16_04,542
LO_R_col_32_32,541
LO_R_col_33_27,541
LO_L_col_26_12,541
LO_R_col_14_31,540
LO_R_col_24_34,540
LO_L_col_10_25,540
LO_R_col_05_13,540
LO_L_col_10_04,539
LO_R_col_28_14,539
LO_R_col_04_07,539
LO_L_col_06_05,539
LO_R_col_34_30,539
LO_L_col_28_34,538
LO_R_col_31_20,538
LO_L_col_30_19,538
LO_L_col_17_33,538
LO_R_col_05_14,538
LO_R_col_24_35,537
ME_R_col_36_31,537
LO_R_col_12_29,536
LO_L_col_05_10,536
LO_L_col_26_33,536
ME_R_col_21_36,535
LO_R_col_06_03,535
LO_R_col_30_19,535
LO_L_col_18_33,535
LO_R_col_04_10,535
LO_R_col_22_34,534
LO_L_col_30_33,534
ME_R_col_06_02,534
LO_L_col_23_32,534
LO_L_col_25_33,534
LO_L_col_23_34,534
LO_R_col_18_33,534
LO_R_col_04_06,533
LO_L_col_04_06,533
LO_R_col_07_19,532
ME_L_col_27_38,532
LO_L_col_05_04,532
LO_R_col_13_02,532
LO_L_col_21_07,532
LO_R_col_12_02,531
LO_R_col_05_12,531
LO_L_col_20_06,531
LO_L_col_32_33,530
ME_R_col_22_07,530
ME_R_col_23_37,530
LO_L_col_19_05,528
ME_R_col_11_30,528
LO_L_col_15_03,527
LO_L_col_24_33,527
LO_R_col_04_12,527
LO_L_col_19_33,527
ME_L_col_02_09,525
LO_L_col_07_20,525
LO_L_col_07_03,525
LO_L_col_27_12,525
LO_R_col_32_33,521
LO_R_col_21_07,521
LO_R_col_14_02,520
ME_R_col_17_34,520
LO_L_col_12_02,520
LO_L_col_30_18,520
LO_R_col_23_35,520
ME_L_col_29_38,519
ME_R_col_03_05,519
ME_R_col_03_14,519
LO_L_col_26_36,518
ME_R_col_21_06,518
LO_R_col_21_34,518
ME_R_col_15_33,518
LO_L_col_06_04,517
LO_L_col_32_31,516
LO_L_col_09_24,516
LO_R_col_30_17,516
LO_L_col_21_33,515
LO_L_col_31_22,515
ME_L_col_11_30,515
LO_L_col_11_29,514
LO_L_col_20_34,514
LO_R_col_04_11,514
LO_L_col_28_15,514
LO_L_col_05_11,513
LO_L_col_17_04,513
LO_L_col_20_05,512
ME_L_col_30_16,512
ME_L_col_02_08,512
ME_R_col_09_28,511
ME_R_col_02_07,511
LO_R_col_03_08,510
ME_L_col_15_02,510
LO_L_col_30_34,510
LO_R_col_11_01,510
LO_L_col_13_01,510
ME_L_col_34_36,510
LO_L_col_31_32,510
ME_L_col_03_13,510
LO_L_col_06_15,510
LO_L_col_32_32,510
ME_L_col_35_34,509
LO_R_col_33_25,509
LO_L_col_08_03,509
LO_L_col_11_02,509
ME_R_col_04_17,509
LO_R_col_24_10,509
LO_L_col_15_32,509
ME_R_col_36_33,508
LO_R_col_30_35,508
LO_L_col_16_03,508
LO_L_col_20_33,508
LO_L_col_07_21,507
LO_R_col_28_15,507
ME_R_col_35_25,507
LO_L_col_31_21,507
LO_L_col_12_29,507
LO_R_col_31_34,507
ME_L_col_28_38,507
LO_R_col_08_24,506
LO_L_col_05_17,506
LO_L_col_18_34,506
ME_R_col_32_38,505
LO_L_col_06_14,505
LO_R_col_33_26,505
LO_R_col_06_17,505
LO_R_col_15_03,505
LO_L_col_09_25,505
LO_L_col_28_35,505
LO_R_col_07_02,505
LO_R_col_04_13,504
LO_R_col_22_08,503
LO_R_col_17_04,503
LO_L_col_05_15,502
LO_R_col_27_36,501
LO_R_col_34_29,501
LO_L_col_25_36,501
ME_R_col_02_10,501
LO_L_col_04_08,500
LO_L_col_33_31,500
LO_L_col_27_36,500
LO_L_col_10_02,500
LO_L_col_33_29,500
LO_R_col_04_14,500
LO_R_col_26_36,499
LO_L_col_34_30,499
LO_L_col_28_14,499
LO_L_col_33_26,498
LO_R_col_13_30,498
LO_R_col_06_02,497
LO_R_col_32_34,497
LO_R_col_29_36,496
LO_R_col_16_32,496
LO_R_col_04_04,496
LO_R_col_10_27,496
ME_R_col_19_35,496
LO_L_col_33_22,495
LO_L_col_26_13,495
LO_R_col_06_20,494
LO_L_col_07_02,494
LO_R_col_26_12,494
LO_R_col_18_04,494
LO_R_col_04_05,494
LO_R_col_15_32,493
LO_R_col_33_32,493
LO_L_col_23_09,493
LO_L_col_33_27,493
LO_L_col_24_35,493
LO_R_col_05_16,492
ME_L_col_04_16,492
ME_L_col_24_37,492
ME_R_col_02_11,492
ME_R_col_12_31,491
LO_R_col_33_23,490
LO_R_col_31_19,490
LO_L_col_21_35,489
ME_R_col_36_34,489
LO_L_col_09_02,488
LO_R_col_22_35,488
LO_L_col_33_25,488
LO_R_col_31_35,486
LO_L_col_05_13,486
LO_R_col_24_36,486
LO_L_col_05_12,486
ME_R_col_20_05,485
LO_R_col_28_36,485
ME_R_col_28_13,485
LO_L_col_19_34,485
LO_R_col_32_20,484
LO_R_col_03_07,483
LO_L_col_04_12,483
LO_R_col_25_36,483
LO_R_col_08_02,482
LO_R_col_32_22,482
LO_R_col_34_31,482
LO_R_col_34_28,481
ME_L_col_32_19,481
LO_L_col_05_14,481
LO_L_col_30_17,480
LO_L_col_12_30,480
ME_R_col_10_01,480
ME_L_col_22_36,480
LO_L_col_31_33,480
LO_L_col_34_26,479
LO_R_col_09_26,477
LO_L_col_08_02,476
LO_L_col_31_20,476
LO_L_col_28_36,476
ME_R_col_33_20,474
ME_R_col_34_22,474
LO_L_col_05_16,473
ME_R_col_36_30,473
LO_L_col_29_35,473
LO_L_col_29_16,472
LO_R_col_33_24,472
LO_L_col_10_27,472
LO_R_col_32_21,472
LO_R_col_03_09,471
LO_L_col_33_23,471
LO_L_col_06_03,471
ME_L_col_34_24,470
ME_R_col_13_32,470
LO_L_col_33_32,469
LO_L_col_34_28,469
ME_R_col_09_01,469
ME_R_col_06_22,469
LO_L_col_13_31,469
LO_R_col_20_34,469
LO_R_col_15_02,468
LO_L_col_07_22,468
ME_L_col_10_29,467
LO_R_col_33_33,467
LO_L_col_14_31,466
LO_L_col_32_23,466
ME_R_col_32_18,465
ME_L_col_02_10,465
LO_L_col_30_35,465
LO_L_col_13_30,465
LO_L_col_23_35,464
LO_L_col_26_11,463
LO_L_col_04_13,463
LO_R_col_03_10,463
LO_L_col_24_36,462
LO_L_col_21_06,461
LO_L_col_04_11,458
LO_R_col_16_03,458
ME_R_col_29_39,457
LO_R_col_34_27,456
LO_R_col_19_34,456
LO_L_col_35_28,456
ME_R_col_30_15,455
LO_L_col_30_36,455
LO_L_col_33_24,455
ME_L_col_30_38,453
ME_R_col_29_14,453
LO_L_col_31_34,453
LO_R_col_22_07,452
LO_L_col_35_27,452
ME_L_col_26_11,452
LO_L_col_16_33,452
LO_R_col_20_06,451
LO_L_col_04_05,450
LO_L_col_27_37,450
ME_R_col_11_01,450
LO_L_col_04_10,450
LO_L_col_31_19,449
ME_R_col_25_38,448
LO_L_col_08_24,448
LO_R_col_17_33,447
LO_L_col_31_36,447
LO_L_col_33_33,447
ME_L_col_35_35,447
ME_R_col_12_01,446
LO_R_col_34_33,446
LO_L_col_04_09,444
ME_L_col_31_17,444
ME_R_col_30_39,444
LO_R_col_17_03,444
LO_R_col_29_16,444
LO_L_col_32_34,443
LO_R_col_33_22,443
LO_R_col_25_10,443
ME_R_col_36_29,443
LO_L_col_32_22,442
ME_R_col_34_37,442
LO_R_col_05_03,441
LO_L_col_03_08,441
ME_R_col_35_36,440
LO_L_col_34_27,440
LO_R_col_34_26,440
LO_L_col_32_21,439
ME_L_col_17_03,438
LO_R_col_13_31,437
LO_L_col_23_37,437
LO_L_col_04_14,436
LO_L_col_12_01,436
LO_R_col_34_32,436
LO_R_col_23_36,436
LO_R_col_29_37,435
LO_L_col_26_37,435
LO_R_col_20_05,435
LO_L_col_17_34,435
MetaLN(L),434
LO_L_col_34_31,433
LO_R_col_24_09,433
LO_L_col_31_35,433
ME_L_col_06_02,433
LO_L_col_29_37,433
LO_R_col_05_18,433
LO_R_col_31_18,433
LO_R_col_32_35,433
LO_L_col_09_26,432
LO_L_col_30_16,432
LO_L_col_06_19,432
ME_R_col_17_03,432
LO_R_col_26_37,431
LOP_R_col_17_19,431
LO_L_col_23_08,431
LO_R_col_13_01,430
LO_R_col_28_13,430
LO_L_col_23_36,429
LO_R_col_35_30,429
LO_L_col_25_37,429
LO_R_col_27_37,428
LO_L_col_03_06,428
LO_R_col_19_05,428
LO_L_col_32_35,427
LO_L_col_19_35,427
LO_R_col_28_37,427
ME_L_col_33_21,427
LO_R_col_35_29,426
LO_L_col_34_25,426
LO_R_col_03_11,425
LO_L_col_35_29,425
ME_R_col_04_18,425
LO_L_col_22_07,424
LO_R_col_21_35,424
ME_L_col_13_01,424
LO_R_col_07_22,424
LO_L_col_29_36,423
LO_R_col_30_36,422
LO_R_col_31_17,420
LO_R_col_07_01,420
ME_L_col_07_24,420
LO_R_col_12_01,418
LO_L_col_06_20,418
LO_L_col_34_32,417
ME_L_col_33_37,416
LO_R_col_10_01,416
ME_L_col_09_28,416
LO_L_col_28_37,416
LOP_R_col_17_16,416
LO_R_col_09_01,415
LO_R_col_12_30,415
ME_L_col_36_30,415
LO_R_col_33_34,414
ME_R_col_03_15,414
LO_R_col_11_29,414
LO_R_col_31_36,413
LO_L_col_33_34,413
LO_R_col_23_08,413
LO_R_col_33_35,413
LOP_L_col_13_06,411
ME_R_col_36_35,411
LOP_R_col_22_16,411
LO_L_col_03_10,410
LO_L_col_33_35,410
LO_L_col_33_28,410
LO_L_col_20_35,409
LO_R_col_30_37,409
LO_L_col_03_07,409
LO_L_col_03_11,407
LOP_R_col_13_15,406
LO_L_col_05_03,406
LOP_R_col_18_10,406
LO_R_col_03_06,406
ME_R_col_35_24,406
ME_L_col_23_08,406
ME_L_col_20_05,406
LOP_R_col_16_11,405
LO_L_col_24_09,405
LO_L_col_31_18,404
LO_R_col_35_33,403
ME_L_col_36_31,403
LO_R_col_03_12,402
LO_L_col_09_27,402
ME_R_col_04_03,402
LO_L_col_08_26,402
LO_L_col_34_29,401
LO_R_col_34_25,401
ME_R_col_28_39,400
LO_R_col_10_28,400
ME_R_col_36_28,400
ME_R_col_33_38,398
LO_R_col_25_37,397
AbNT(L),397
LO_L_col_22_36,396
LO_L_col_04_15,395
ME_L_col_36_29,395
LO_L_col_04_04,395
LOP_R_col_25_24,395
BU(R),394
LO_L_col_32_20,394
LO_R_col_35_28,394
LOP_R_col_16_12,394
LOP_R_col_13_26,393
LOP_L_col_17_09,393
ME_R_col_02_06,392
LO_L_col_10_28,391
ME_R_col_27_39,391
LO_R_col_35_27,391
LO_L_col_03_05,390
LOP_R_col_14_06,390
LO_L_col_03_12,390
ME_L_col_36_32,389
ME_R_col_08_01,389
LOP_L_col_21_10,388
LO_R_col_34_34,388
LO_R_col_26_11,388
LO_L_col_06_02,387
ME_L_col_04_04,387
ME_L_col_11_01,386
LO_R_col_04_15,386
LO_L_col_15_33,385
LOP_R_col_11_05,384
LOP_R_col_26_18,384
LOP_L_col_21_11,384
LO_L_col_11_01,384
ME_L_col_19_04,384
LOP_R_col_13_12,384
LOP_L_col_14_12,384
LOP_R_col_14_07,383
LOP_L_col_19_14,382
LO_L_col_05_18,382
LOP_R_col_13_14,381
ME_R_col_05_02,381
LOP_R_col_17_11,380
LOP_L_col_15_06,380
LO_L_col_24_37,380
ME_L_col_28_13,380
LOP_R_col_14_09,380
LOP_R_col_20_15,380
ME_L_col_27_12,380
LOP_L_col_21_14,379
ME_R_col_33_19,379
LOP_R_col_16_07,378
ME_R_col_07_01,378
ME_R_col_15_02,378
LOP_R_col_19_08,378
LO_R_col_02_08,377
LOP_R_col_19_14,377
LOP_R_col_20_14,377
LOP_L_col_18_09,377
ME_L_col_05_02,377
LOP_R_col_30_29,377
LOP_L_col_18_10,376
LO_R_col_32_36,376
PDMN(R),376
LO_L_col_27_38,376
LOP_R_col_15_12,376
ME_L_col_32_18,376
LOP_R_col_22_12,376
LOP_R_col_17_10,375
LOP_L_col_15_08,375
LOP_R_col_15_09,375
LOP_R_col_16_20,375
LO_R_col_05_19,375
ME_L_col_33_19,375
LO_L_col_32_36,375
LO_L_col_03_09,375
LO_L_col_35_30,374
LO_L_col_33_21,373
LOP_R_col_16_18,373
ME_R_col_36_27,373
LO_R_col_29_15,373
LOP_L_col_16_10,373
LO_R_col_05_17,373
LOP_R_col_14_08,372
LOP_R_col_19_07,372
LOP_L_col_17_10,372
LOP_R_col_20_26,372
LOP_R_col_21_16,371
LOP_R_col_12_14,371
LOP_R_col_26_23,371
LO_L_col_32_19,371
ME_R_col_02_12,370
LOP_R_col_16_19,370
LO_R_col_31_37,370
LOP_R_col_16_15,370
LOP_R_col_15_19,370
LOP_R_col_23_19,369
LOP_R_col_12_15,369
LOP_R_col_23_11,369
LO_L_col_14_32,369
LOP_R_col_11_07,368
LOP_L_col_17_18,368
LOP_R_col_08_08,368
LO_L_col_30_37,368
LOP_R_col_23_12,367
LOP_R_col_25_15,367
LOP_L_col_11_07,367
ME_L_col_10_01,367
LOP_R_col_11_08,367
ME_L_col_06_22,367
LOP_R_col_20_23,367
LOP_R_col_28_26,366
LO_R_col_08_25,366
LOP_R_col_05_12,366
LOP_R_col_08_05,366
ME_L_col_03_05,366
ME_R_col_31_16,366
LOP_R_col_18_17,366
LO_L_col_04_03,365
LO_R_col_03_05,365
LO_L_col_34_24,365
ME_R_col_03_04,365
ME_L_col_21_06,365
LO_R_col_22_36,364
LOP_R_col_26_22,364
LO_L_col_29_38,364
LO_R_col_29_38,364
LO_L_col_31_37,364
LOP_R_col_26_15,364
ME_L_col_02_07,364
LO_R_col_34_22,364
LOP_L_col_18_15,363
LO_R_col_18_34,363
LO_L_col_05_02,363
AbNT(R),363
LOP_R_col_28_20,362
LOP_L_col_17_11,362
ME_R_col_31_39,362
LOP_R_col_17_09,362
LOP_R_col_24_18,361
ME_R_col_01_07,361
LO_R_col_30_16,361
LOP_R_col_21_12,361
LO_R_col_14_32,360
LO_L_col_35_24,359
LOP_R_col_24_24,359
LOP_R_col_15_18,359
LO_R_col_06_21,359
LO_R_col_21_06,359
LOP_R_col_21_13,359
LOP_L_col_15_11,359
LOP_L_col_14_10,359
LOP_R_col_12_19,359
LO_L_col_03_13,359
LOP_R_col_25_25,359
LO_R_col_08_01,358
LOP_L_col_20_14,358
LO_L_col_10_01,358
LO_R_col_32_19,358
LOP_L_col_17_14,358
LOP_R_col_19_20,358
LOP_L_col_15_17,358
LOP_R_col_17_23,357
LOP_R_col_20_13,357
LOP_L_col_25_19,357
LO_R_col_33_20,357
LOP_L_col_13_07,356
LOP_R_col_18_14,356
LO_L_col_34_33,356
LO_R_col_34_35,356
LOP_R_col_17_22,356
LOP_L_col_20_15,356
LOP_R_col_24_16,356
LOP_L_col_18_11,356
LOP_R_col_23_18,356
LOP_R_col_22_18,355
LO_L_col_34_23,355
ME_R_col_13_01,355
LO_L_col_02_10,355
LO_R_col_33_36,355
LOP_R_col_19_13,355
LOP_R_col_20_10,355
LOP_R_col_20_16,354
LO_L_col_35_31,354
LOP_R_col_14_10,354
LO_L_col_31_17,354
LOP_L_col_16_23,353
LOP_R_col_14_27,353
LOP_L_col_29_22,353
LOP_R_col_29_20,353
LOP_R_col_20_12,353
LOP_L_col_29_19,352
LOP_R_col_20_11,352
LOP_R_col_13_18,352
LO_R_col_07_23,352
LO_R_col_34_24,352
LOP_R_col_15_07,351
LOP_L_col_18_16,351
LOP_R_col_21_09,351
LOP_L_col_24_15,351
LO_L_col_07_24,351
LOP_L_col_30_18,351
LO_R_col_33_21,350
ME_R_col_06_01,350
LOP_R_col_10_09,350
LOP_R_col_13_10,350
LOP_L_col_25_15,350
ME_L_col_36_33,350
LOP_R_col_12_10,349
LO_R_col_32_37,349
LOP_R_col_23_16,349
LOP_R_col_23_14,349
LO_R_col_35_32,349
LOP_L_col_20_11,349
LOP_L_col_12_07,349
LOP_R_col_18_08,348
LOP_R_col_18_18,348
LOP_L_col_15_05,348
LOP_L_col_23_13,348
LO_R_col_04_16,347
LOP_L_col_22_12,347
LOP_R_col_13_11,347
LO_L_col_35_32,347
LOP_R_col_15_10,347
LOP_R_col_22_11,347
LOP_R_col_24_25,346
LOP_R_col_14_11,346
LO_R_col_24_37,346
LOP_R_col_19_12,346
LOP_L_col_15_09,346
LOP_R_col_13_22,346
LOP_R_col_17_06,346
LOP_R_col_12_27,346
LOP_R_col_17_26,345
LOP_L_col_20_16,345
LOP_R_col_16_17,345
LOP_R_col_14_05,345
LO_R_col_31_16,345
LOP_R_col_17_31,345
LOP_L_col_23_12,345
LOP_L_col_24_14,345
LOP_R_col_14_23,344
ME_R_col_27_11,344
LO_L_col_06_21,344
LOP_L_col_10_10,344
ME_R_col_02_05,344
LOP_R_col_16_26,344
LOP_L_col_11_10,344
LOP_R_col_29_24,343
LOP_R_col_07_15,343
LOP_L_col_23_18,343
LOP_L_col_19_09,343
LOP_R_col_22_19,343
LOP_R_col_30_23,343
LO_L_col_29_15,343
LOP_L_col_21_16,343
LOP_R_col_20_17,342
LOP_L_col_16_16,342
LO_R_col_35_31,342
LOP_R_col_11_20,342
LOP_L_col_22_16,342
LOP_L_col_09_04,342
ME_L_col_22_07,342
LOP_R_col_18_15,342
LOP_R_col_05_08,342
LOP_R_col_10_24,341
ME_L_col_03_14,341
LOP_R_col_23_32,341
LOP_R_col_22_21,341
LOP_R_col_15_08,341
LOP_L_col_19_17,341
LOP_L_col_27_19,341
LOP_R_col_15_16,341
LO_L_col_09_01,340
LO_L_col_28_38,340
LO_R_col_35_26,340
LOP_R_col_12_07,340
LOP_R_col_28_24,340
LOP_L_col_26_17,340
LOP_R_col_17_17,340
LOP_L_col_12_12,339
LOP_L_col_12_19,339
LOP_R_col_22_15,338
LOP_R_col_20_18,338
LO_R_col_31_38,338
LOP_L_col_15_12,338
LOP_R_col_14_13,338
LO_R_col_27_38,338
LOP_L_col_16_15,338
LOP_L_col_15_16,338
LOP_R_col_08_16,338
LOP_L_col_26_16,338
LOP_R_col_24_19,338
LOP_R_col_18_12,338
LOP_L_col_23_16,337
LOP_R_col_11_14,337
LOP_R_col_26_28,337
LOP_L_col_21_13,337
LOP_L_col_18_22,337
LOP_L_col_20_09,336
LOP_L_col_17_17,336
LO_R_col_02_07,336
LOP_R_col_25_20,336
LOP_R_col_08_03,336
LOP_R_col_21_18,336
LOP_R_col_19_11,336
LOP_R_col_22_17,336
LOP_R_col_18_06,336
LOP_R_col_20_09,336
LOP_R_col_26_21,336
LOP_R_col_21_14,335
LOP_L_col_13_08,335
LOP_R_col_12_11,335
LOP_R_col_27_16,335
LOP_R_col_07_08,335
LO_R_col_02_09,335
LOP_R_col_18_11,335
LOP_R_col_20_19,335
LOP_R_col_05_09,334
LOP_R_col_28_18,334
LOP_R_col_13_09,334
LOP_R_col_10_22,334
LOP_L_col_23_20,334
LOP_R_col_11_23,334
LO_L_col_02_08,334
LOP_R_col_07_07,334
LO_L_col_13_32,334
LOP_R_col_23_21,334
LOP_R_col_16_23,334
LOP_R_col_16_25,334
LOP_L_col_18_18,334
LOP_R_col_16_21,334
LOP_R_col_23_20,334
LOP_L_col_15_28,334
ME_R_col_34_21,334
LOP_L_col_31_25,334
LOP_R_col_07_06,333
LOP_R_col_28_23,333
LOP_R_col_15_17,333
LO_L_col_36_28,333
LOP_L_col_27_17,332
LOP_L_col_28_24,332
LOP_R_col_10_07,332
LOP_R_col_19_30,332
LOP_R_col_28_19,332
LOP_R_col_22_24,332
LOP_L_col_15_27,332
LO_R_col_28_38,332
LOP_R_col_19_10,332
LOP_R_col_17_15,332
LOP_L_col_17_12,332
LOP_L_col_31_24,332
LOP_R_col_24_20,332
LOP_L_col_20_13,332
LOP_R_col_23_15,332
LOP_L_col_16_09,331
LOP_L_col_22_13,331
LOP_R_col_16_10,331
LOP_R_col_23_10,331
LOP_L_col_06_11,331
LOP_R_col_15_24,331
LOP_R_col_14_16,331
LOP_L_col_12_22,331
LOP_R_col_21_32,331
ME_L_col_15_33,330
LOP_R_col_14_12,330
LOP_L_col_17_20,330
LO_R_col_16_33,330
LO_R_col_03_13,330
LOP_R_col_14_22,330
LO_L_col_21_36,330
LOP_L_col_18_07,330
LO_R_col_34_23,330
LOP_R_col_11_15,330
LOP_R_col_25_16,330
LOP_R_col_21_24,330
LOP_R_col_21_15,329
LOP_R_col_25_23,329
LOP_R_col_11_10,329
LOP_L_col_16_17,329
LOP_L_col_21_22,329
LOP_L_col_24_16,329
LOP_R_col_22_26,329
LOP_R_col_15_23,329
LOP_L_col_19_16,329
LOP_L_col_24_20,329
LOP_R_col_30_30,329
LOP_L_col_12_14,329
LOP_R_col_16_14,329
LO_L_col_33_36,329
LOP_L_col_26_18,329
LOP_R_col_22_32,328
LOP_R_col_24_11,328
LOP_L_col_19_13,328
LOP_R_col_09_16,328
LOP_R_col_11_11,328
ME_L_col_02_11,328
LOP_R_col_23_26,328
LOP_L_col_28_25,328
LOP_L_col_30_29,327
LOP_L_col_16_14,327
ME_L_col_35_26,327
LOP_R_col_09_08,327
LOP_L_col_26_13,327
LOP_R_col_25_17,327
LO_L_col_02_09,327
LOP_L_col_25_16,327
LOP_L_col_19_06,327
LOP_R_col_16_22,327
LOP_R_col_14_18,327
ME_L_col_31_38,326
LOP_R_col_14_25,326
LOP_L_col_23_23,326
LOP_R_col_23_13,326
LOP_L_col_22_18,326
LOP_L_col_18_14,326
LOP_L_col_12_18,326
LOP_R_col_15_06,326
LOP_R_col_31_23,325
LOP_R_col_31_27,325
LOP_R_col_12_12,325
LOP_R_col_27_23,325
LOP_R_col_17_14,325
ME_R_col_19_04,325
LOP_R_col_16_27,325
LOP_R_col_17_08,325
LOP_L_col_11_21,325
LOP_R_col_18_13,325
LOP_R_col_12_24,325
LOP_R_col_21_23,325
LOP_L_col_29_24,324
LOP_R_col_05_14,324
LOP_L_col_30_24,324
LOP_R_col_25_19,324
LOP_L_col_23_11,324
LOP_R_col_19_09,324
LOP_R_col_19_17,324
ME_R_col_35_23,324
LOP_R_col_13_06,323
LO_R_col_35_34,323
LOP_R_col_30_27,323
ME_R_col_34_38,323
ME_L_col_35_36,323
LOP_L_col_13_05,323
LOP_R_col_29_23,323
LOP_L_col_14_13,323
LOP_L_col_08_06,322
LOP_R_col_09_07,322
LOP_L_col_16_11,322
LOP_L_col_22_14,322
LOP_L_col_17_16,322
LOP_L_col_18_08,322
LOP_R_col_24_17,322
LOP_L_col_07_08,322
LOP_R_col_22_20,321
LOP_R_col_09_12,321
LOP_L_col_26_21,321
LOP_L_col_17_13,321
LOP_R_col_11_04,321
LOP_R_col_15_26,321
LOP_R_col_25_28,321
LOP_L_col_11_20,321
LOP_R_col_10_08,320
LOP_L_col_14_11,320
LOP_R_col_17_13,320
LOP_R_col_17_07,320
LOP_R_col_13_05,320
LOP_R_col_12_04,320
LOP_R_col_26_24,320
LOP_R_col_06_17,320
LOP_R_col_26_13,320
LOP_L_col_11_09,320
LO_L_col_26_38,320
LOP_L_col_14_05,319
LOP_L_col_14_06,319
LOP_R_col_08_23,319
LOP_R_col_16_09,319
LO_L_col_12_31,319
LO_R_col_20_35,319
LO_L_col_32_37,319
LOP_L_col_25_22,319
LOP_R_col_08_06,318
LOP_R_col_31_26,318
LOP_R_col_26_16,318
LOP_R_col_08_22,318
LOP_L_col_26_23,318
LOP_R_col_22_13,318
LOP_R_col_07_13,318
LOP_R_col_27_33,318
LOP_R_col_31_22,318
ME_R_col_02_13,318
LOP_R_col_18_29,318
LOP_L_col_06_06,318
LOP_R_col_15_14,318
LOP_R_col_23_17,318
LOP_R_col_06_12,317
LOP_R_col_21_26,317
LOP_R_col_11_24,317
LOP_L_col_16_12,317
ME_L_col_12_01,317
LOP_L_col_21_26,317
LOP_R_col_12_30,317
LOP_R_col_10_10,317
LOP_L_col_11_04,317
LO_L_col_28_13,317
LOP_R_col_17_28,317
LOP_R_col_30_25,316
LO_L_col_34_22,316
LOP_R_col_28_22,316
LOP_R_col_12_09,316
LO_L_col_30_38,316
LOP_R_col_14_20,316
LOP_R_col_12_16,316
LOP_L_col_17_08,316
LOP_L_col_23_19,316
LOP_L_col_09_03,316
LOP_L_col_25_20,316
LOP_R_col_08_18,316
LO_R_col_35_25,316
LOP_R_col_26_17,316
LOP_L_col_12_08,316
LOP_L_col_20_08,316
LOP_L_col_13_14,316
LOP_R_col_09_23,315
LOP_R_col_09_20,315
LOP_L_col_08_07,315
LOP_R_col_10_05,315
LOP_R_col_21_19,315
LOP_R_col_06_13,315
LOP_L_col_10_11,315
ME_L_col_04_03,315
ME_R_col_36_26,315
LOP_R_col_24_21,315
LOP_R_col_15_21,315
BU(L),314
LOP_R_col_11_22,314
LOP_R_col_14_26,314
LOP_R_col_12_20,314
LOP_R_col_29_18,314
LOP_R_col_14_19,314
LOP_L_col_13_09,314
LOP_L_col_15_18,314
LOP_R_col_08_07,314
LOP_R_col_27_21,314
LOP_R_col_23_30,314
LOP_L_col_16_18,313
LOP_R_col_24_23,313
LOP_R_col_31_30,313
LOP_R_col_10_12,313
LOP_L_col_13_15,313
LOP_L_col_16_07,313
LOP_L_col_03_12,313
LOP_L_col_14_28,313
LOP_R_col_08_15,312
LOP_R_col_08_09,312
LOP_L_col_17_15,312
LOP_R_col_22_09,312
LOP_R_col_21_11,312
LOP_R_col_32_22,312
LOP_R_col_32_23,312
LOP_R_col_21_25,312
LOP_L_col_07_07,312
LOP_R_col_27_22,312
LOP_L_col_22_09,312
ME_L_col_09_01,312
LOP_R_col_11_09,312
LOP_L_col_17_05,312
LOP_R_col_12_05,312
LOP_R_col_13_13,312
LOP_R_col_16_13,312
LOP_R_col_17_18,312
LOP_R_col_09_03,311
LOP_R_col_18_22,311
LOP_L_col_05_17,311
LOP_R_col_29_19,311
LOP_L_col_11_24,311
LOP_R_col_27_27,311
LOP_R_col_21_29,311
LOP_L_col_20_12,311
LOP_L_col_13_23,310
LOP_L_col_14_19,310
LO_R_col_27_12,310
LOP_L_col_27_23,310
LOP_R_col_16_06,310
LOP_R_col_28_21,310
LOP_R_col_24_14,310
LOP_R_col_21_10,310
LOP_R_col_31_21,310
LOP_L_col_10_19,310
LOP_L_col_29_26,310
LOP_L_col_13_16,310
LOP_R_col_29_28,310
ME_L_col_30_15,309
LO_L_col_32_18,309
LOP_L_col_26_19,309
LOP_R_col_22_14,309
LOP_R_col_23_23,309
LOP_L_col_10_20,309
LOP_R_col_24_22,309
LOP_R_col_04_08,309
LOP_R_col_14_29,309
LOP_L_col_23_22,309
LOP_R_col_05_13,309
LOP_R_col_19_15,309
LOP_R_col_19_19,309
LOP_L_col_07_17,308
LOP_L_col_21_19,308
LOP_R_col_13_08,308
ME_L_col_12_31,308
LOP_R_col_24_29,308
LO_L_col_07_23,308
LOP_L_col_22_21,308
LOP_R_col_14_14,308
LOP_L_col_29_29,308
LOP_L_col_11_08,308
ME_R_col_01_08,308
LOP_R_col_21_17,307
LOP_R_col_25_18,307
LOP_L_col_24_17,307
LOP_R_col_15_28,307
LOP_R_col_06_07,307
LOP_L_col_22_20,307
ME_L_col_26_38,307
LOP_R_col_25_35,307
LOP_L_col_14_09,307
LOP_R_col_11_17,307
LOP_L_col_10_22,307
LOP_R_col_27_28,306
LOP_R_col_17_12,306
LOP_L_col_06_19,306
LO_L_col_08_25,306
LOP_R_col_03_11,306
LOP_L_col_27_13,306
LOP_R_col_15_25,306
LOP_R_col_24_28,306
LOP_L_col_15_07,306
LOP_R_col_26_14,306
LOP_L_col_09_02,306
LOP_L_col_18_17,306
LOP_R_col_30_22,305
LOP_L_col_29_18,305
LOP_R_col_19_21,305
LOP_L_col_24_19,305
LOP_R_col_29_29,305
LOP_L_col_16_30,305
LOP_L_col_17_07,305
LOP_L_col_10_13,305
LO_R_col_30_38,305
LOP_L_col_20_26,305
LO_R_col_12_31,304
LOP_L_col_31_23,304
LOP_L_col_14_18,304
LO_R_col_33_19,304
LOP_L_col_22_08,304
LOP_R_col_20_22,304
LOP_L_col_16_08,304
LOP_L_col_20_10,304
LOP_L_col_13_18,304
LOP_L_col_09_15,304
LOP_R_col_22_23,304
LO_L_col_33_19,304
LOP_L_col_19_21,304
LOP_L_col_08_18,304
LOP_L_col_18_19,304
LOP_R_col_26_31,304
LOP_R_col_06_09,304
LOP_R_col_25_21,304
LOP_R_col_18_20,304
LOP_L_col_06_10,303
LOP_L_col_27_16,303
LOP_L_col_13_17,303
LOP_R_col_19_23,303
LOP_R_col_11_13,303
LOP_R_col_18_31,303
LOP_R_col_10_23,303
LOP_R_col_19_18,303
LOP_R_col_12_13,303
LOP_L_col_20_19,303
LOP_L_col_25_12,303
LOP_R_col_09_04,303
LOP_L_col_26_24,303
LOP_L_col_08_08,303
LOP_L_col_07_10,303
LOP_L_col_28_26,303
LOP_R_col_16_16,303
LOP_R_col_15_05,302
LOP_R_col_16_08,302
LOP_L_col_07_18,302
LOP_L_col_12_11,302
LOP_L_col_12_15,302
LOP_R_col_23_24,302
LOP_L_col_18_12,302
LOP_L_col_27_27,302
LO_R_col_34_21,302
LOP_L_col_06_08,302
LOP_L_col_10_06,302
LOP_R_col_18_28,302
LOP_R_col_27_24,301
LO_L_col_25_38,301
LOP_R_col_10_20,301
LOP_L_col_13_10,301
LOP_L_col_10_07,301
LOP_R_col_04_11,301
LOP_L_col_09_11,301
LOP_R_col_23_29,300
LOP_R_col_32_29,300
LO_R_col_32_38,300
LOP_R_col_07_16,300
LOP_L_col_23_21,300
LOP_L_col_27_20,300
LOP_R_col_25_29,300
LOP_L_col_29_25,300
LOP_L_col_30_20,300
LOP_L_col_20_20,300
LOP_R_col_10_06,299
LOP_R_col_23_22,299
LOP_R_col_25_12,299
LOP_L_col_29_17,299
LOP_R_col_21_08,299
LOP_R_col_28_17,299
LOP_L_col_15_31,299
LOP_L_col_12_05,299
LOP_L_col_30_25,299
LOP_L_col_21_12,299
LOP_L_col_15_20,298
LOP_R_col_09_05,298
LOP_R_col_21_33,298
ME_L_col_34_23,298
LOP_L_col_21_18,298
LOP_R_col_13_07,298
LOP_L_col_19_12,298
LOP_R_col_21_20,298
LOP_L_col_08_17,298
LOP_L_col_30_21,298
LOP_R_col_15_20,298
LOP_R_col_24_15,298
LOP_L_col_27_15,298
LOP_R_col_25_31,297
LO_L_col_30_39,297
LOP_L_col_30_19,297
LOP_L_col_09_14,297
LO_L_col_28_39,297
LOP_L_col_28_23,297
LOP_L_col_24_28,297
LO_R_col_33_37,297
LOP_L_col_19_10,297
LOP_L_col_07_16,297
LOP_L_col_14_25,297
LOP_L_col_09_08,296
LOP_L_col_10_03,296
LOP_R_col_07_03,296
LOP_R_col_17_29,296
LOP_R_col_14_28,296
LOP_L_col_07_09,296
LOP_R_col_06_05,296
LOP_L_col_32_31,296
LOP_R_col_24_26,296
LOP_R_col_29_31,296
LOP_L_col_06_04,296
LOP_R_col_27_17,296
LOP_L_col_26_20,296
LOP_L_col_16_25,295
LOP_R_col_09_17,295
LOP_R_col_18_19,295
LOP_R_col_10_16,295
LOP_L_col_25_17,295
LOP_R_col_27_19,295
LOP_L_col_08_09,295
LOP_R_col_04_04,295
LOP_L_col_16_20,295
LOP_R_col_13_29,295
LOP_L_col_16_05,295
LOP_L_col_29_28,295
LOP_L_col_12_17,295
LOP_R_col_15_30,294
LOP_R_col_26_27,294
LOP_R_col_03_10,294
LOP_L_col_24_23,294
LO_R_col_34_36,294
LOP_R_col_30_17,294
LO_R_col_26_38,294
LOP_L_col_20_27,294
LOP_R_col_11_25,294
LOP_R_col_25_14,294
LOP_R_col_21_34,294
LOP_L_col_23_10,293
LO_L_col_34_34,293
LOP_R_col_13_20,293
LOP_L_col_14_17,293
LOP_L_col_10_08,293
LOP_R_col_18_26,293
LOP_L_col_08_11,293
LOP_R_col_18_16,293
LOP_R_col_21_27,293
LOP_L_col_13_11,293
LO_R_col_19_35,293
LOP_L_col_23_24,293
LOP_L_col_19_08,293
LO_R_col_01_07,293
ME_L_col_04_17,293
LOP_L_col_21_15,293
LOP_L_col_20_25,292
LOP_R_col_15_15,292
LOP_R_col_04_10,292
LOP_R_col_26_26,292
LOP_R_col_24_30,292
LOP_R_col_30_18,292
LOP_R_col_16_24,292
LOP_L_col_29_23,292
LOP_R_col_20_20,292
LOP_L_col_19_15,292
LOP_L_col_17_06,292
LOP_R_col_19_29,292
ME_L_col_36_28,292
LOP_R_col_29_25,292
LOP_R_col_26_20,292
LOP_L_col_08_10,292
LOP_L_col_11_14,292
LO_L_col_02_11,292
LOP_R_col_16_28,292
LOP_R_col_27_14,291
LOP_L_col_33_28,291
LOP_R_col_33_25,291
LOP_R_col_24_27,291
LOP_L_col_30_28,291
LOP_R_col_13_16,291
LOP_R_col_15_11,291
LOP_L_col_26_22,291
LOP_R_col_27_20,291
ME_L_col_01_08,291
LOP_R_col_10_17,291
LOP_R_col_28_15,291
LOP_L_col_21_09,290
LOP_R_col_12_03,290
LOP_R_col_11_06,290
LOP_L_col_16_06,290
LOP_L_col_10_14,290
LOP_L_col_21_17,290
LOP_R_col_03_07,290
LOP_R_col_20_30,290
LOP_L_col_14_08,290
LOP_R_col_08_14,290
LOP_L_col_11_15,290
LOP_L_col_11_11,290
LOP_L_col_06_13,290
LOP_L_col_17_22,290
LOP_R_col_20_21,290
LOP_R_col_10_15,290
LOP_R_col_28_28,289
LOP_L_col_03_10,289
LOP_L_col_20_22,289
LOP_R_col_12_22,289
LOP_L_col_09_12,289
LOP_L_col_09_19,289
LOP_R_col_11_21,289
LOP_L_col_23_14,289
LOP_L_col_13_13,289
LOP_R_col_19_22,289
LOP_R_col_13_04,289
LOP_L_col_07_11,289
LOP_L_col_18_32,289
LOP_R_col_26_19,289
LOP_R_col_32_30,289
LOP_R_col_08_20,289
LOP_L_col_29_20,289
LOP_R_col_08_11,289
LOP_L_col_15_10,289
LOP_L_col_27_24,289
LOP_L_col_28_20,289
LOP_L_col_34_28,289
LOP_R_col_07_12,288
LOP_R_col_33_27,288
LOP_R_col_21_22,288
LOP_L_col_23_28,288
LOP_R_col_19_26,288
LOP_R_col_19_24,288
LOP_R_col_28_33,288
LOP_R_col_23_31,288
LOP_R_col_18_21,288
LOP_R_col_17_05,288
LOP_R_col_05_05,288
LO_L_col_03_14,288
LOP_L_col_04_09,288
LOP_L_col_21_24,287
LO_L_col_06_22,287
LOP_L_col_04_18,287
LOP_L_col_25_27,287
LOP_R_col_30_19,287
LOP_R_col_18_07,287
LOP_L_col_13_28,287
LOP_R_col_04_15,287
LO_L_col_09_28,287
LOP_L_col_13_12,286
LOP_R_col_14_15,286
LOP_R_col_33_31,286
LOP_L_col_10_04,286
LOP_R_col_15_13,286
LOP_L_col_16_26,286
LOP_L_col_16_28,286
LOP_L_col_13_22,286
LOP_R_col_25_30,285
LOP_R_col_22_31,285
LOP_L_col_13_24,285
LOP_L_col_14_24,285
LOP_L_col_22_19,285
LOP_L_col_21_25,285
LOP_L_col_08_14,285
LOP_R_col_09_06,285
LOP_R_col_27_35,285
LOP_R_col_10_13,285
LOP_R_col_21_07,284
LOP_R_col_31_32,284
LOP_R_col_22_22,284
LOP_R_col_05_06,284
LOP_L_col_24_24,284
LOP_R_col_34_27,284
LOP_R_col_24_31,284
LOP_R_col_14_21,284
LO_L_col_31_16,284
LOP_R_col_12_21,284
LOP_L_col_08_22,284
LOP_R_col_14_17,284
LOP_R_col_03_08,284
LOP_L_col_09_27,283
LOP_R_col_12_25,283
LO_R_col_03_14,283
LOP_R_col_24_32,283
LOP_L_col_11_18,283
LOP_L_col_31_28,283
LOP_R_col_09_13,283
ME_L_col_01_07,283
LOP_L_col_29_21,283
LOP_L_col_14_15,283
LOP_L_col_15_14,283
LOP_L_col_31_21,283
LOP_L_col_15_22,283
LOP_R_col_17_30,283
LOP_R_col_21_28,282
LOP_L_col_18_21,282
LOP_L_col_25_21,282
LOP_R_col_08_04,282
LOP_L_col_08_15,282
LOP_L_col_22_10,282
LOP_R_col_09_09,282
LOP_R_col_29_30,282
LOP_R_col_07_04,282
LO_R_col_02_11,282
LOP_L_col_16_21,282
LOP_L_col_15_13,282
LOP_R_col_19_27,282
LOP_R_col_06_18,282
LOP_L_col_13_20,282
AME(L),282
LOP_R_col_26_12,281
LO_L_col_02_07,281
LOP_R_col_17_20,281
LOP_R_col_22_25,281
LOP_R_col_11_19,281
LOP_R_col_27_31,281
LOP_R_col_31_25,281
LOP_L_col_12_04,281
LOP_L_col_20_17,281
LOP_L_col_20_23,281
LOP_L_col_27_18,281
LOP_L_col_11_19,281
LOP_R_col_11_03,281
LOP_R_col_26_34,281
LOP_L_col_07_06,281
LOP_R_col_09_11,281
LOP_R_col_34_24,281
LOP_R_col_32_24,280
LOP_L_col_23_29,280
LOP_L_col_30_26,280
LOP_R_col_28_25,280
LOP_L_col_22_17,280
LOP_L_col_18_05,280
LOP_R_col_22_27,280
LOP_R_col_24_12,280
LOP_L_col_23_17,280
LOP_R_col_08_10,280
LOP_L_col_21_31,280
LOP_R_col_32_35,280
LOP_R_col_13_27,280
LOP_L_col_21_21,280
LOP_R_col_28_27,280
LOP_L_col_05_07,280
LOP_R_col_09_14,279
LO_L_col_34_35,279
LOP_R_col_10_21,279
LOP_R_col_09_10,279
LOP_L_col_22_11,279
LOP_R_col_28_29,279
LOP_L_col_18_24,279
LOP_R_col_15_31,279
LOP_L_col_14_20,279
LOP_R_col_18_24,279
LOP_R_col_30_20,279
LOP_L_col_22_28,279
LOP_R_col_20_25,279
LOP_R_col_22_10,279
LOP_L_col_16_13,278
LOP_R_col_18_09,278
LOP_R_col_32_26,278
LOP_L_col_13_27,278
LOP_R_col_19_31,278
LOP_R_col_18_30,278
LOP_R_col_31_28,278
LOP_L_col_17_28,278
LOP_R_col_05_18,278
LOP_R_col_31_31,278
LOP_L_col_12_16,278
LOP_R_col_28_34,278
LOP_L_col_18_20,278
LOP_L_col_05_15,278
LOP_L_col_06_09,278
LOP_R_col_09_15,278
LO_R_col_02_10,278
LOP_R_col_09_02,278
LOP_L_col_25_23,277
LOP_R_col_34_28,277
LOP_L_col_26_15,277
LOP_L_col_12_10,277
LOP_L_col_16_32,277
LOP_R_col_10_14,277
LOP_R_col_05_15,277
LOP_R_col_33_34,277
LOP_R_col_32_32,277
LOP_R_col_27_15,277
LOP_R_col_32_33,277
LOP_R_col_14_24,277
LOP_L_col_19_32,277
LOP_L_col_07_13,277
LOP_L_col_31_20,276
LOP_R_col_27_26,276
LOP_L_col_09_07,276
LOP_L_col_23_31,276
LOP_R_col_09_22,276
LOP_R_col_07_14,276
LO_R_col_36_31,276
LOP_L_col_09_20,276
LOP_L_col_11_05,276
LOP_R_col_08_17,276
LOP_R_col_10_04,276
LOP_R_col_26_29,275
LOP_L_col_32_24,275
LOP_L_col_26_25,275
LOP_R_col_19_28,275
LOP_R_col_07_11,275
LOP_R_col_31_33,275
LOP_R_col_20_24,275
LOP_R_col_12_08,275
LOP_L_col_29_30,275
LOP_L_col_09_16,275
LOP_L_col_31_34,275
LOP_L_col_09_05,275
LOP_R_col_10_18,274
LOP_R_col_30_26,274
LO_R_col_36_28,274
LOP_L_col_08_20,274
LOP_L_col_25_13,274
LOP_L_col_23_15,274
LOP_L_col_26_14,274
LOP_L_col_12_24,274
LOP_R_col_10_11,274
LOP_L_col_16_29,274
LOP_R_col_10_03,274
LOP_R_col_30_28,274
LOP_R_col_06_03,273
LOP_R_col_27_25,273
LOP_L_col_12_13,273
LO_L_col_29_39,273
LOP_L_col_12_25,273
LOP_R_col_04_09,273
LOP_L_col_13_29,273
LO_R_col_23_37,273
LOP_L_col_12_03,273
LOP_L_col_21_34,273
LOP_L_col_12_06,273
LOP_L_col_21_20,272
LOP_L_col_06_21,272
LOP_L_col_19_28,272
LOP_L_col_06_15,272
LOP_R_col_27_34,272
LOP_L_col_24_25,272
LOP_R_col_03_15,272
LOP_L_col_22_24,272
LO_L_col_35_33,272
LOP_L_col_24_22,272
LO_R_col_30_15,272
LOP_L_col_27_26,272
LOP_L_col_18_31,272
LOP_R_col_17_21,272
LOP_L_col_14_23,272
LOP_L_col_19_24,271
LOP_R_col_17_25,271
LOP_R_col_15_33,271
LOP_R_col_20_27,271
LO_R_col_04_17,271
LOP_R_col_31_34,271
LO_L_col_30_15,271
LOP_L_col_28_21,271
LOP_L_col_10_09,271
LOP_R_col_14_30,271
LOP_R_col_24_13,271
LOP_L_col_08_13,270
LOP_R_col_13_28,270
LOP_L_col_23_09,270
LOP_R_col_04_07,270
LOP_R_col_20_31,270
LOP_L_col_30_23,270
LOP_L_col_22_31,270
LOP_R_col_33_28,269
LOP_L_col_05_11,269
LOP_R_col_29_17,269
LOP_L_col_07_20,269
LOP_R_col_32_21,269
LOP_L_col_11_03,269
LOP_R_col_33_26,269
LOP_L_col_32_23,269
LOP_R_col_33_23,269
LOP_L_col_12_23,269
LOP_R_col_17_32,269
LOP_R_col_06_14,269
LOP_R_col_26_35,268
LOP_L_col_28_17,268
LOP_L_col_27_25,268
LOP_L_col_33_24,268
LOP_L_col_15_15,268
LOP_R_col_16_05,268
LOP_R_col_24_33,268
LOP_L_col_22_26,268
LOP_R_col_20_33,268
LOP_L_col_15_19,268
LOP_L_col_15_21,268
LOP_R_col_20_29,268
ME_R_col_01_10,268
LOP_R_col_32_25,268
LOP_R_col_20_06,268
LOP_L_col_30_27,268
LOP_R_col_29_22,268
LO_R_col_35_24,268
LOP_L_col_21_28,268
LOP_L_col_10_15,268
LOP_L_col_32_32,268
LOP_L_col_05_04,267
LOP_R_col_12_23,267
MesoAN(R),267
LOP_L_col_31_29,267
ME_L_col_36_27,267
LOP_L_col_09_18,267
LOP_R_col_13_23,267
LOP_L_col_19_07,267
LOP_L_col_07_21,267
LOP_L_col_04_07,267
PDMN(L),266
LOP_L_col_27_14,266
LOP_R_col_34_30,266
LOP_R_col_15_04,266
LOP_R_col_22_08,266
LO_R_col_13_32,266
LOP_R_col_13_17,266
LOP_R_col_29_16,266
LOP_L_col_08_04,266
LOP_L_col_20_07,266
LOP_R_col_25_26,266
LOP_L_col_09_06,266
LOP_L_col_33_29,266
LOP_R_col_24_35,266
LOP_R_col_07_05,266
LOP_R_col_35_31,266
LOP_L_col_23_26,265
LOP_L_col_14_22,265
LOP_L_col_10_18,265
ME_L_col_02_06,265
LOP_L_col_25_11,265
ME_L_col_29_39,265
LOP_R_col_19_06,265
LOP_R_col_11_02,265
LOP_R_col_10_26,265
LOP_R_col_09_24,265
LO_R_col_02_06,265
LOP_L_col_21_27,265
LOP_R_col_30_34,265
LOP_R_col_33_30,265
LOP_L_col_27_21,264
LOP_R_col_29_36,264
LOP_L_col_24_29,264
LOP_L_col_05_06,264
ME_L_col_32_38,264
LOP_R_col_35_28,264
LOP_R_col_11_18,264
LOP_L_col_19_18,263
LOP_L_col_18_26,263
LOP_L_col_04_06,263
LOP_R_col_06_04,263
LO_L_col_05_19,263
LOP_L_col_24_18,263
LOP_R_col_27_18,263
LO_R_col_36_29,263
LOP_L_col_10_12,263
LOP_R_col_23_27,263
ME_L_col_36_34,263
LOP_R_col_06_19,263
LO_L_col_29_14,262
LOP_R_col_07_21,262
LOP_L_col_11_12,262
LO_R_col_09_27,262
LOP_L_col_22_22,262
LOP_R_col_30_31,262
LOP_L_col_25_33,262
LOP_L_col_08_19,262
ME_L_col_30_39,262
LOP_L_col_32_28,262
LOP_L_col_19_31,262
LOP_L_col_09_13,262
LOP_L_col_16_19,262
LOP_R_col_35_32,262
LOP_L_col_25_25,261
LOP_L_col_13_21,261
LOP_L_col_21_29,261
MesoLN(L),261
LO_R_col_36_30,261
LOP_R_col_25_33,261
LOP_L_col_10_02,261
LOP_R_col_05_10,261
LOP_L_col_13_03,261
LOP_L_col_25_24,260
LOP_L_col_24_13,260
LOP_L_col_04_15,260
LOP_L_col_25_26,260
LOP_R_col_34_25,260
LOP_L_col_13_26,260
LOP_L_col_17_19,260
LOP_R_col_06_11,260
LOP_R_col_05_17,260
LOP_L_col_19_26,260
LOP_L_col_07_03,260
LOP_L_col_07_15,260
LOP_L_col_08_01,260
LOP_L_col_20_28,260
LOP_L_col_32_30,260
LOP_L_col_07_12,260
LOP_R_col_08_24,260
LOP_L_col_13_19,260
LOP_L_col_14_04,260
LOP_R_col_26_30,260
LOP_L_col_28_30,259
LO_R_col_35_35,259
LOP_L_col_16_04,259
LOP_R_col_07_09,259
LOP_L_col_19_11,259
LOP_L_col_25_31,259
LOP_R_col_29_27,259
LOP_L_col_03_09,258
LOP_L_col_18_23,258
LO_L_col_02_06,258
ME_L_col_08_01,258
LOP_R_col_27_36,258
LOP_R_col_27_30,258
LOP_R_col_18_25,258
LO_R_col_15_33,258
LOP_R_col_34_26,258
LOP_L_col_19_22,258
LOP_L_col_09_09,258
LOP_L_col_19_27,258
ME_L_col_01_10,258
LOP_L_col_03_06,258
LOP_R_col_30_21,257
LOP_R_col_12_26,257
LOP_R_col_06_22,257
LOP_L_col_27_30,257
LOP_R_col_11_12,257
LOP_R_col_11_16,257
LOP_L_col_07_05,257
LOP_L_col_14_03,257
LO_R_col_36_32,257
LO_R_col_21_36,256
LOP_L_col_16_24,256
LOP_L_col_19_20,256
LOP_L_col_14_21,256
LOP_L_col_12_21,256
ME_L_col_05_19,256
LO_R_col_27_39,256
LOP_R_col_28_16,256
LOP_L_col_07_04,256
LOP_L_col_10_16,256
LOP_L_col_32_21,256
LOP_L_col_24_30,256
LOP_L_col_05_16,255
LOP_L_col_32_25,255
ME_L_col_03_15,255
LOP_R_col_22_30,255
LOP_R_col_05_11,255
LOP_R_col_27_29,255
LOP_R_col_29_21,255
LOP_L_col_28_28,255
LOP_L_col_09_10,255
LOP_L_col_35_28,254
LOP_R_col_29_15,254
LOP_R_col_28_37,254
LOP_L_col_28_16,254
LOP_R_col_16_30,254
LOP_R_col_16_33,254
LOP_R_col_17_27,254
LOP_R_col_10_25,254
LOP_R_col_20_08,254
LOP_R_col_16_31,254
LOP_L_col_20_21,253
LOP_L_col_20_32,253
ME_L_col_21_36,253
LOP_R_col_31_35,253
LOP_L_col_23_30,253
LOP_R_col_22_34,253
LOP_L_col_30_33,253
LOP_R_col_35_29,253
LOP_L_col_15_25,253
LOP_L_col_10_23,253
LOP_L_col_08_16,253
LOP_L_col_24_26,253
LOP_R_col_34_29,252
LOP_L_col_29_33,252
LOP_L_col_14_16,252
LOP_L_col_28_19,252
LOP_L_col_11_26,251
LOP_L_col_13_30,251
LOP_R_col_25_34,251
LOP_L_col_12_01,251
LOP_L_col_23_35,251
LOP_L_col_04_14,251
LOP_R_col_02_08,251
LOP_L_col_09_17,251
LOP_L_col_15_29,251
LOP_R_col_16_04,251
LOP_R_col_21_31,251
LOP_R_col_26_25,251
LOP_R_col_08_21,251
LOP_L_col_30_34,250
LOP_L_col_10_05,250
LOP_L_col_24_21,250
LOP_L_col_33_27,250
LOP_L_col_25_28,250
LOP_L_col_11_02,250
LO_R_col_29_14,250
LOP_R_col_23_09,250
LOP_R_col_33_35,250
LOP_L_col_05_02,250
LOP_L_col_31_26,249
LOP_L_col_32_26,249
LOP_L_col_24_27,249
LOP_L_col_26_27,249
LOP_R_col_18_27,249
LOP_L_col_35_31,249
LOP_L_col_28_27,249
LOP_L_col_17_27,249
LOP_L_col_12_09,249
LOP_R_col_31_29,249
LOP_L_col_34_29,249
LOP_L_col_15_24,249
LOP_L_col_34_27,249
LO_L_col_02_12,248
LOP_L_col_04_13,248
LOP_L_col_24_35,248
LOP_L_col_18_27,248
LOP_L_col_19_23,248
LOP_L_col_05_09,248
LOP_L_col_19_29,248
LOP_R_col_14_04,248
LO_R_col_06_22,248
LOP_R_col_06_10,248
LOP_R_col_06_08,248
LOP_R_col_31_24,248
LOP_L_col_22_30,248
LOP_L_col_12_26,248
LOP_R_col_22_35,248
LO_R_col_02_12,248
ProLN(L),247
LOP_L_col_04_08,247
LOP_L_col_10_25,247
LOP_L_col_32_33,247
ME_L_col_31_16,247
LOP_L_col_22_29,247
LOP_L_col_15_04,247
LOP_L_col_28_32,247
LOP_L_col_11_22,247
LOP_L_col_09_26,247
LOP_L_col_31_30,247
LOP_L_col_16_31,246
LOP_R_col_12_18,246
LOP_R_col_10_27,246
ME_L_col_02_13,246
LOP_L_col_31_22,246
LOP_L_col_23_34,246
ROB(L),246
LOP_R_col_23_35,246
LOP_R_col_18_23,246
LOP_R_col_22_28,246
LOP_L_col_29_31,246
LOP_R_col_32_27,246
LOP_L_col_13_25,246
GA(R),245
LOP_L_col_31_33,245
LOP_R_col_34_34,245
LOP_L_col_06_18,245
LOP_R_col_25_22,245
LOP_L_col_33_34,245
LOP_R_col_23_33,245
LOP_L_col_13_04,245
LOP_L_col_28_33,245
LOP_R_col_12_28,245
LOP_L_col_19_30,245
LOP_L_col_10_17,244
LOP_R_col_13_03,244
LOP_R_col_35_27,244
LOP_R_col_34_31,244
LOP_L_col_21_07,244
LOP_R_col_36_32,244
LOP_R_col_28_30,244
LOP_R_col_30_33,244
LOP_R_col_08_02,244
LOP_R_col_33_32,244
LOP_L_col_16_22,244
LOP_L_col_29_34,244
LOP_R_col_33_22,244
LOP_R_col_06_15,244
LOP_L_col_26_30,244
LOP_L_col_19_25,244
LOP_L_col_24_11,244
ROB(R),244
LOP_L_col_03_14,244
LOP_L_col_17_21,243
LOP_L_col_05_08,243
LOP_L_col_29_16,243
LOP_L_col_31_27,243
LOP_L_col_29_36,243
LOP_L_col_25_14,243
LOP_L_col_34_26,243
LOP_L_col_04_11,243
LOP_L_col_04_04,243
LOP_R_col_19_25,243
LOP_L_col_08_03,242
LOP_L_col_20_30,242
LOP_L_col_06_20,242
LOP_R_col_04_06,242
LOP_L_col_22_23,242
LOP_R_col_26_32,242
LOP_R_col_12_17,242
LOP_R_col_24_36,242
ME_L_col_29_14,241
LOP_R_col_16_29,241
LOP_L_col_24_31,241
LOP_L_col_11_17,241
LOP_L_col_32_27,241
LOP_L_col_11_06,241
LOP_L_col_28_22,241
LOP_R_col_15_27,241
LOP_L_col_26_32,241
LOP_R_col_19_32,241
LOP_L_col_09_22,241
LOP_L_col_19_19,241
LOP_L_col_29_27,241
LOP_R_col_31_19,241
LOP_R_col_25_13,241
LO_R_col_36_33,241
LOP_R_col_25_27,241
LOP_L_col_33_32,241
LOP_L_col_06_07,240
LOP_L_col_17_24,240
LOP_L_col_21_32,240
LOP_R_col_04_05,240
LOP_R_col_27_32,240
LOP_L_col_23_25,240
ME_L_col_35_25,239
LOP_R_col_32_31,239
LOP_R_col_05_07,239
LOP_L_col_11_16,239
ME_L_col_02_12,239
ME_L_col_28_39,239
LOP_R_col_05_16,239
LOP_L_col_06_14,239
LOP_R_col_34_32,239
ME_L_col_13_32,239
LOP_R_col_35_33,239
LOP_R_col_28_13,239
LOP_L_col_26_34,239
LOP_L_col_14_07,238
LOP_R_col_24_34,238
LOP_R_col_02_10,238
LOP_L_col_18_28,238
LOP_L_col_04_10,238
LOP_L_col_26_12,238
LOP_L_col_30_31,238
LOP_R_col_20_35,238
LOP_R_col_22_29,238
LOP_L_col_12_20,238
LOP_L_col_34_31,238
LOP_R_col_31_36,238
AbN4(L),238
LOP_R_col_07_19,238
LOP_R_col_26_36,238
LOP_L_col_25_18,238
LOP_R_col_30_36,237
LOP_L_col_05_19,237
LOP_R_col_35_30,237
LOP_R_col_23_28,237
LOP_R_col_33_24,237
LOP_R_col_28_32,237
LOP_L_col_17_33,237
LOP_L_col_03_11,236
LOP_R_col_18_32,236
LOP_L_col_33_31,236
LOP_L_col_20_18,236
LOP_L_col_26_28,236
LOP_R_col_20_28,236
LOP_R_col_31_20,236
LOP_R_col_32_34,235
LO_R_col_07_24,235
LOP_L_col_20_29,235
LOP_L_col_15_23,235
LO_R_col_36_34,235
LOP_L_col_13_02,235
LOP_R_col_20_34,235
LOP_R_col_33_21,235
LOP_L_col_24_10,235
ME_L_col_34_22,234
LOP_L_col_21_23,234
LOP_L_col_08_24,234
LOP_L_col_14_27,234
LOP_L_col_18_25,234
LOP_L_col_27_33,234
LOP_R_col_08_12,234
LOP_L_col_27_32,234
LOP_R_col_32_28,234
LOP_R_col_07_10,234
LOP_L_col_11_28,234
LO_R_col_30_39,234
LOP_L_col_03_08,234
LOP_L_col_14_14,233
LOP_L_col_34_35,233
LOP_R_col_07_18,233
LOP_R_col_33_33,233
LOP_R_col_31_18,233
LOP_R_col_29_34,233
AB(R),233
LO_R_col_09_28,233
LOP_L_col_06_17,233
LOP_L_col_21_30,233
LOP_R_col_30_24,233
LOP_L_col_29_32,233
LOP_L_col_19_34,233
LOP_R_col_14_03,233
LOP_L_col_27_22,232
LOP_L_col_30_36,232
LO_R_col_08_26,232
LOP_L_col_18_06,232
LOP_L_col_27_31,232
LOP_R_col_34_33,232
LOP_L_col_36_32,232
LOP_R_col_18_05,232
LOP_L_col_06_01,232
LOP_L_col_24_12,231
LOP_R_col_16_32,231
LOP_R_col_10_01,231
LOP_R_col_25_32,231
LOP_R_col_28_31,231
LOP_R_col_10_02,231
LOP_R_col_06_06,231
LOP_L_col_30_22,231
LOP_L_col_23_27,230
LOP_R_col_19_34,230
LOP_L_col_29_15,230
LOP_L_col_28_18,230
LOP_L_col_27_28,230
LOP_L_col_33_35,230
LOP_R_col_13_31,230
LOP_R_col_29_37,230
LOP_R_col_36_30,230
LOP_R_col_21_30,230
LOP_L_col_10_24,230
LOP_R_col_09_25,230
LOP_L_col_30_30,230
LOP_R_col_03_04,230
LOP_L_col_14_31,229
LOP_L_col_06_03,229
LOP_R_col_33_29,229
LOP_L_col_34_25,229
LO_R_col_35_23,229
LO_R_col_25_38,229
LOP_R_col_12_06,229
LOP_L_col_07_19,228
LOP_R_col_07_23,228
LOP_R_col_07_01,228
LO_L_col_36_32,228
LOP_R_col_19_16,228
LO_L_col_31_38,228
LOP_L_col_35_30,228
LOP_R_col_25_11,228
LOP_L_col_35_35,228
LO_L_col_36_29,227
LOP_R_col_21_35,227
LOP_L_col_08_21,227
LOP_L_col_17_32,227
LOP_R_col_14_31,227
LOP_R_col_13_19,227
LOP_L_col_16_27,226
LOP_R_col_13_25,226
LOP_L_col_12_28,226
LOP_L_col_20_33,226
LOP_L_col_17_23,226
LOP_L_col_24_32,226
LOP_R_col_07_20,226
LO_L_col_05_20,225
LOP_L_col_31_37,225
LOP_R_col_34_23,225
LOP_R_col_09_18,225
LOP_R_col_04_16,225
LOP_L_col_35_29,224
LOP_L_col_22_25,224
LOP_R_col_21_21,223
LOP_L_col_26_31,223
LOP_L_col_32_29,223
LOP_R_col_10_19,223
LOP_L_col_05_14,223
LOP_R_col_28_35,223
LOP_L_col_18_29,223
LOP_L_col_08_05,223
LOP_R_col_34_35,222
LOP_L_col_06_05,222
LOP_L_col_18_30,222
LOP_L_col_20_31,222
LOP_R_col_13_24,222
LOP_L_col_32_20,222
LO_L_col_33_20,222
LOP_L_col_33_25,222
LOP_R_col_17_33,222
LOP_L_col_26_33,222
LOP_R_col_15_32,222
LOP_L_col_26_26,221
LOP_L_col_30_32,221
LOP_L_col_30_17,221
LOP_L_col_22_27,221
LOP_L_col_23_32,220
LOP_L_col_11_23,220
LOP_L_col_02_10,220
LOP_L_col_10_29,220
LOP_L_col_18_13,220
LOP_L_col_05_13,220
LOP_L_col_20_34,220
LOP_L_col_34_30,219
LOP_L_col_28_15,219
LOP_L_col_17_29,219
LOP_L_col_28_29,219
LOP_R_col_15_29,219
LOP_R_col_12_29,219
LOP_R_col_06_16,218
LOP_R_col_32_37,218
LOP_L_col_27_29,218
LOP_L_col_28_35,218
LOP_L_col_05_12,218
LOP_L_col_09_24,218
LO_R_col_03_15,217
LOP_L_col_21_35,217
LOP_L_col_11_13,217
LOP_R_col_33_38,217
LOP_R_col_09_19,217
LOP_R_col_08_13,217
LOP_R_col_20_32,217
LOP_L_col_06_12,217
LOP_L_col_22_33,216
ME_L_col_27_39,216
LOP_R_col_03_09,216
LOP_R_col_12_31,215
LOP_R_col_28_14,215
ME_L_col_07_01,215
LOP_L_col_25_37,215
LOP_L_col_22_32,215
LOP_L_col_25_29,215
LOP_L_col_33_26,215
LOP_L_col_17_04,215
LOP_L_col_27_34,215
LOP_L_col_17_25,214
LOP_R_col_29_26,214
LOP_L_col_25_32,214
LOP_L_col_12_29,214
LOP_R_col_29_33,214
LOP_L_col_27_35,214
LOP_R_col_11_26,214
LOP_L_col_22_15,213
LOP_L_col_09_23,213
LOP_L_col_15_32,213
LOP_L_col_07_14,213
LO_L_col_01_08,212
LOP_L_col_25_34,212
LOP_R_col_11_01,212
LOP_R_col_07_17,211
LOP_L_col_03_07,211
LOP_L_col_17_30,211
LOP_L_col_02_07,211
LOP_L_col_18_34,211
LOP_L_col_08_12,211
LOP_R_col_19_05,211
LOP_L_col_17_26,211
LOP_L_col_18_33,211
LOP_L_col_22_34,211
LOP_L_col_29_37,211
LOP_R_col_13_02,211
LOP_L_col_12_27,210
LOP_L_col_06_16,210
LOP_L_col_07_01,210
LOP_R_col_30_32,210
LO_R_col_35_36,210
ME_L_col_35_24,210
LOP_L_col_35_24,210
LOP_L_col_22_35,209
LOP_R_col_32_19,209
LOP_R_col_04_03,209
LOP_L_col_30_16,209
LOP_R_col_32_20,209
LOP_R_col_24_10,209
LOP_R_col_31_39,208
LOP_L_col_31_19,208
LOP_L_col_31_35,208
LO_L_col_32_38,208
LOP_L_col_24_33,208
LOP_L_col_20_24,208
LOP_L_col_33_36,208
LO_L_col_36_30,208
LOP_L_col_14_29,207
LOP_R_col_04_13,207
LOP_L_col_16_03,207
ME_L_col_06_01,207
LOP_L_col_28_31,207
LOP_R_col_20_07,207
LOP_R_col_31_37,207
LO_L_col_33_37,206
LOP_R_col_28_39,206
LO_R_col_33_38,206
LOP_L_col_30_35,206
LOP_R_col_06_02,206
LOP_L_col_08_23,206
LOP_R_col_23_36,205
LOP_L_col_34_24,205
LOP_L_col_35_32,205
LOP_L_col_24_34,205
LOP_L_col_28_36,205
LOP_R_col_34_37,205
LOP_L_col_14_30,204
LOP_L_col_33_23,204
LOP_L_col_05_05,204
LOP_R_col_17_24,204
LOP_R_col_04_14,204
LOP_L_col_24_36,204
LOP_L_col_31_32,204
LOP_R_col_26_33,204
LOP_L_col_17_31,204
LOP_L_col_34_32,204
LOP_L_col_33_33,203
LOP_L_col_35_36,203
LOP_R_col_13_30,203
LOP_L_col_34_33,202
LOP_L_col_33_21,202
LOP_R_col_30_35,202
ME_L_col_04_18,201
LOP_R_col_23_34,201
LOP_L_col_05_18,201
LOP_R_col_15_22,201
LOP_R_col_22_36,201
GA(L),200
LOP_L_col_03_05,199
LOP_L_col_11_25,199
LOP_L_col_29_39,199
LOP_L_col_11_27,199
LOP_R_col_26_38,199
LOP_R_col_02_09,198
LOP_R_col_15_03,198
LO_R_col_10_29,198
ME_L_col_23_37,198
LOP_L_col_25_36,198
LOP_R_col_25_38,198
LOP_R_col_05_03,198
LOP_L_col_32_37,197
LOP_R_col_30_37,197
LOP_R_col_27_13,197
LO_R_col_28_39,197
LOP_R_col_34_38,197
LOP_L_col_26_35,196
LOP_L_col_04_03,196
LOP_L_col_36_29,196
LOP_R_col_07_02,196
LOP_R_col_04_12,196
LOP_R_col_09_01,196
LOP_L_col_26_29,195
ME_L_col_05_20,195
LOP_L_col_10_28,194
LOP_L_col_14_26,194
LO_R_col_11_30,194
LOP_R_col_33_37,194
LOP_R_col_28_36,194
LO_L_col_36_31,193
LOP_R_col_05_04,193
LOP_L_col_09_25,193
LOP_L_col_36_34,192
LOP_L_col_28_34,192
LOP_R_col_23_37,191
LOP_L_col_23_33,191
LOP_R_col_36_35,191
LOP_R_col_34_36,191
LOP_L_col_32_35,191
LOP_R_col_33_36,191
LOP_L_col_15_26,191
LOP_L_col_25_35,191
LOP_L_col_34_34,189
LOP_L_col_25_30,189
LOP_L_col_35_34,189
LOP_R_col_35_36,189
LOP_L_col_17_34,189
ME_L_col_34_37,188
LOP_L_col_05_10,188
LOP_L_col_21_08,188
LOP_L_col_20_35,188
LOP_L_col_35_33,188
LOP_R_col_23_25,187
LOP_L_col_08_02,187
LOP_L_col_33_30,187
LO_L_col_35_34,187
LOP_L_col_10_21,186
LOP_L_col_10_27,186
LOP_L_col_33_22,186
LOP_L_col_07_22,186
LO_R_col_29_39,186
LOP_R_col_25_37,186
LOP_L_col_30_38,185
LOP_L_col_28_38,185
LOP_R_col_25_10,185
LOP_L_col_32_22,182
LOP_L_col_34_23,182
LOP_R_col_30_38,182
LOP_R_col_30_39,182
LOP_L_col_28_39,182
LOP_L_col_04_05,182
LO_L_col_03_15,182
LOP_R_col_08_26,182
LOP_L_col_21_36,181
LOP_L_col_11_01,181
LOP_L_col_15_30,181
LOP_L_col_33_37,181
LOP_L_col_28_14,181
LOP_R_col_35_34,180
LOP_L_col_32_36,179
LOP_L_col_31_36,179
LO_R_col_17_34,179
LOP_R_col_31_38,179
LO_L_col_35_36,178
LOP_L_col_29_35,178
LOP_R_col_35_35,178
LOP_R_col_27_39,178
LOP_L_col_23_36,177
LOP_R_col_31_17,177
LOP_R_col_13_21,177
LOP_L_col_30_37,177
LOP_L_col_15_03,177
LOP_L_col_20_06,176
LOP_R_col_36_27,176
LOP_L_col_36_33,176
LOP_R_col_29_35,175
LO_L_col_34_36,175
LOP_R_col_26_37,175
LOP_R_col_04_17,175
LOP_R_col_35_23,175
LOP_L_col_02_08,175
LOP_L_col_31_31,174
LOP_R_col_32_18,174
LOP_R_col_06_20,174
LOP_L_col_05_03,173
LOP_L_col_11_29,173
LOP_R_col_29_38,173
LOP_L_col_12_02,171
LOP_R_col_09_21,171
LOP_L_col_36_28,171
LOP_L_col_29_38,170
LOP_L_col_27_36,170
LOP_R_col_07_24,169
LOP_L_col_32_38,168
LOP_L_col_24_37,168
LO_L_col_01_10,168
LOP_L_col_26_36,168
LOP_L_col_04_12,168
LOP_R_col_36_34,168
LOP_R_col_29_32,167
LOP_R_col_32_38,167
LOP_L_col_10_26,166
LOP_L_col_19_33,166
LOP_R_col_32_36,166
LOP_R_col_08_25,165
LOP_R_col_28_38,164
LOP_L_col_31_38,164
LOP_R_col_03_06,164
ME_L_col_33_20,163
LOP_R_col_19_33,162
LOP_L_col_26_37,162
LOP_L_col_22_07,161
LOP_L_col_19_05,161
LOP_L_col_04_16,161
LO_R_col_34_37,161
LOP_L_col_20_05,160
LOP_R_col_22_33,160
LOP_R_col_33_20,160
LOP_R_col_10_28,160
LOP_R_col_08_19,158
LOP_L_col_27_37,158
LOP_L_col_28_37,157
LOP_R_col_18_33,157
LOP_R_col_11_27,157
LOP_L_col_02_09,156
LO_L_col_36_33,156
LOP_L_col_31_18,155
LOP_R_col_14_02,155
LOP_L_col_21_33,154
LOP_L_col_04_17,154
LOP_R_col_25_36,154
LOP_L_col_26_38,153
RUB(R),152
LOP_L_col_02_11,152
LO_L_col_35_35,152
LOP_R_col_16_03,151
LOP_L_col_34_36,151
LOP_L_col_27_38,151
LOP_R_col_03_12,150
LOP_R_col_09_26,150
LOP_R_col_12_02,149
LOP_L_col_32_34,149
RUB(L),148
LOP_R_col_18_04,148
LOP_R_col_02_06,146
LOP_R_col_01_07,146
LOP_L_col_09_21,144
LOP_L_col_01_08,142
LOP_R_col_29_39,142
LOP_L_col_06_02,140
LOP_R_col_03_05,140
LOP_L_col_21_06,139
LO_L_col_34_37,137
LOP_R_col_01_10,137
AB(L),137
LOP_R_col_02_07,136
LOP_R_col_36_31,136
LOP_L_col_18_04,135
LOP_R_col_08_01,135
LO_R_col_36_35,135
ME_L_col_25_38,134
LOP_R_col_27_37,133
LOP_L_col_07_02,132
LOP_L_col_01_07,130
LOP_R_col_05_19,129
LOP_L_col_33_20,125
LOP_R_col_36_33,125
LOP_R_col_17_04,123
LOP_R_col_19_04,121
LOP_L_col_01_10,119
AbN3(L),119
LOP_R_col_12_01,116
LOP_R_col_02_12,114
LOP_R_col_06_21,113
LOP_R_col_27_38,111
LOP_L_col_25_10,110
LOP_R_col_11_28,109
LOP_L_col_34_22,108
LOP_L_col_03_13,107
LO_L_col_36_34,106
LOP_L_col_28_13,105
LOP_R_col_23_08,104
LOP_L_col_03_15,103
LOP_R_col_21_06,102
ProLN(R),102
LOP_L_col_07_23,101
MesoAN(L),98
LOP_L_col_02_06,94
LOP_R_col_21_36,91
LOP_L_col_31_17,91
LOP_L_col_31_16,89
LOP_R_col_06_01,88
LOP_R_col_24_37,85
LOP_R_col_27_12,82
LOP_R_col_02_11,74
AbN3(R),64
LOP_L_col_09_28,64
CRN,64
LOP_R_col_15_02,63
LOP_L_col_22_36,60
LOP_R_col_29_14,55
LOP_L_col_29_14,54
LOP_R_col_02_05,53
VProN(L),48
AbN2(L),40
ProAN(R),40
DProN(R),34
DProN(L),33
AbN2(R),29
LOP_L_col_25_38,28
AbN1(R),19
LOP_R_col_07_22,18
ProCN(L),17
LOP_L_col_13_31,15
ProAN(L),14
CvN(R),13
AbN1(L),13
PrN(L),12
CvN(L),12
VProN(R),8
ProCN(R),2
PrN(R),1
